customerID,Churn_Target,Churn_Probability,Raw_Churn_Probability,Risk_Band,Contract,InternetService,tenure,MonthlyCharges,Estimated_Billed_Value,Expected_Revenue_at_Risk,Retention_Priority_Score,Retention_Segment
7590-VHVEG,0,0.6939599,0.6939599,High,Month-to-month,DSL,1,29.85,29.85,20.714702770113945,0.0008988485563985181,Automated Retention
5575-GNVDE,0,0.040342253,0.040342253,Low,One year,DSL,34,56.95,1936.3000000000002,78.11470390595497,0.009067454702171601,Loyal / High Value
3668-QPYBK,1,0.4171052,0.4171052,Medium,Month-to-month,DSL,2,53.85,107.7,44.92222981452942,0.004346475536136455,Low Priority
7795-CFOCW,0,0.047934376,0.047934376,Low,One year,DSL,45,42.3,1903.4999999999998,91.2430841512978,0.010589590900233859,Loyal / High Value
9237-HQITU,1,0.6545151,0.6545151,High,Month-to-month,Fiber optic,2,70.7,141.4,92.54843338727952,0.00940589245830768,Automated Retention
9305-CDSKC,1,0.8423438,0.8423438,Critical,Month-to-month,Fiber optic,8,99.65,797.2,671.51648311615,0.07685676335573018,Automated Retention
1452-KIOVK,0,0.3987711,0.3987711,Medium,Month-to-month,Fiber optic,22,89.1,1960.1999999999998,781.6711243271827,0.09074622884375969,Loyal / High Value
6713-OKOMC,0,0.2345436,0.2345436,Low,Month-to-month,DSL,10,29.75,297.5,69.77672297507524,0.007662146376859498,Low Priority
7892-POOKP,1,0.5664443,0.5664443,Medium,Month-to-month,Fiber optic,28,104.8,2934.4,1662.1740886688233,0.19358647508520158,Loyal / High Value
6388-TABGU,0,0.028453559,0.028453559,Low,One year,DSL,62,56.15,3481.2999999999997,99.05537384450435,0.011548251938913226,Loyal / High Value
9763-GRSKD,0,0.15223719,0.15223719,Low,Month-to-month,DSL,13,49.95,649.35,98.85522049292922,0.011252011591236724,Low Priority
7469-LKBCI,0,0.025632577,0.025632577,Low,Two year,No,16,18.95,303.2,7.771797351539135,0.0008544993557319581,Low Priority
8091-TTVAX,0,0.21918605,0.21918605,Low,One year,Fiber optic,58,100.35,5820.299999999999,1275.7285824134945,0.1490538124323788,Loyal / High Value
0280-XJGEX,1,0.45578766,0.45578766,Medium,Month-to-month,Fiber optic,49,103.7,5081.3,2315.9938301086427,0.2704689870270588,Loyal / High Value
5129-JLPIS,0,0.44650227,0.44650227,Medium,Month-to-month,Fiber optic,25,105.5,2637.5,1177.6497326791286,0.13705639183641438,Loyal / High Value
3655-SNQYZ,0,0.051809322,0.051809322,Low,Two year,Fiber optic,69,113.25,7814.25,404.85099513363093,0.047341168871713066,Loyal / High Value
8191-XWSZG,0,0.024711298,0.024711298,Low,One year,No,52,20.65,1073.8,26.534991604462263,0.0030558912234331234,Low Priority
9959-WOFKT,0,0.11297382,0.11297382,Low,Two year,Fiber optic,71,106.7,7575.7,855.8557431198657,0.10007171738630444,Loyal / High Value
4190-MFLUW,1,0.16508664,0.16508664,Low,Month-to-month,DSL,10,55.2,552.0,91.12782633304596,0.010317915119230747,Low Priority
4183-MYFRB,0,0.5006537,0.5006537,Medium,Month-to-month,Fiber optic,21,90.05,1891.05,946.761149391532,0.10987303780590234,Loyal / High Value
8779-QRDMV,1,0.8188634,0.8188634,Critical,Month-to-month,DSL,1,39.65,39.65,32.46793348789215,0.0020012778648512753,Automated Retention
1680-VDCWW,0,0.05178252,0.05178252,Low,One year,No,12,19.8,237.60000000000002,12.303526425361634,0.0013280681586654581,Low Priority
1066-JKSGK,1,0.3564713,0.3564713,Medium,Month-to-month,No,1,20.15,20.15,7.182896697521209,5.640897589658126e-05,Low Priority
3638-WEABW,0,0.02159276,0.02159276,Low,Two year,DSL,58,59.9,3474.2,75.01756838522851,0.008745736178803337,Loyal / High Value
6322-HRPFA,0,0.073218934,0.073218934,Low,Month-to-month,DSL,49,59.6,2920.4,213.82857554852964,0.024902951470467928,Loyal / High Value
6865-JZNKO,0,0.11147237,0.11147237,Low,Month-to-month,DSL,30,55.3,1659.0,184.93265891075134,0.02143156629639824,Loyal / High Value
6467-CHFZW,1,0.5164881,0.5164881,Medium,Month-to-month,Fiber optic,47,99.35,4669.45,2411.7152430057527,0.28155538109421097,Loyal / High Value
8665-UTDHZ,1,0.55316603,0.55316603,Medium,Month-to-month,DSL,1,30.2,30.2,16.705614161491393,0.0007391800406680282,Low Priority
5248-YGIJN,0,0.013812722,0.013812722,Low,Two year,DSL,72,90.25,6498.0,89.7550656516105,0.010490363194336114,Loyal / High Value
8773-HHUOZ,1,0.22353698,0.22353698,Low,Month-to-month,DSL,17,64.7,1099.9,245.86832774728538,0.028327296566063035,Low Priority
3841-NFECX,0,0.047112394,0.047112394,Low,Two year,Fiber optic,71,96.35,6840.849999999999,322.2888213450089,0.037673845219368035,Loyal / High Value
4929-XIHVW,0,0.77320105,0.77320105,High,Month-to-month,Fiber optic,2,95.5,191.0,147.68140023946762,0.015606857245174546,Automated Retention
6827-IEAUQ,0,0.03639743,0.03639743,Low,One year,DSL,27,66.15,1786.0500000000002,65.00763171929867,0.007539778696506725,Loyal / High Value
7310-EGVHZ,0,0.32254255,0.32254255,Medium,Month-to-month,No,1,20.2,20.2,6.515359473228455,5.2930369403070676e-05,Low Priority
3413-BMNZE,0,0.6202663,0.6202663,High,Month-to-month,DSL,1,45.25,45.25,28.06705090403557,0.0019230640612805327,Automated Retention
6234-RAAPL,0,0.025690036,0.025690036,Low,Two year,Fiber optic,72,99.9,7192.8,184.78329018205406,0.021603094231437216,Loyal / High Value
6047-YHPVI,1,0.634302,0.634302,High,Month-to-month,Fiber optic,5,69.7,348.5,221.05425399541855,0.024513477121395268,Automated Retention
6572-ADKRS,0,0.24890564,0.24890564,Low,Month-to-month,Fiber optic,46,74.8,3440.7999999999997,856.43453925848,0.09984001232589196,Loyal / High Value
5380-WJKOV,1,0.5638089,0.5638089,Medium,Month-to-month,Fiber optic,34,106.35,3615.8999999999996,2038.6766665935513,0.2377247115218451,Loyal / High Value
8168-UQWWF,1,0.7951928,0.7951928,High,Month-to-month,Fiber optic,11,97.85,1076.35,855.905746719241,0.09857418915167428,Automated Retention
8865-TNMNX,0,0.07725762,0.07725762,Low,One year,DSL,10,49.55,495.5,38.28114987164736,0.004316943296072732,Low Priority
9489-DEDVP,0,0.022724899,0.022724899,Low,Two year,DSL,70,69.2,4844.0,110.07940848916769,0.012853078159785898,Loyal / High Value
9867-JCZSP,0,0.030671073,0.030671073,Low,One year,No,17,20.75,352.75,10.819221044424921,0.0012006054095200255,Low Priority
4671-VJLCL,0,0.02162066,0.02162066,Low,Two year,DSL,63,79.85,5030.549999999999,108.76380692543461,0.012701300934601353,Loyal / High Value
4080-IIARD,0,0.26373804,0.26373804,Low,Month-to-month,DSL,13,76.2,990.6,261.2588986158371,0.03004274000563929,Low Priority
3714-NTNFO,0,0.45875317,0.45875317,Medium,Month-to-month,Fiber optic,49,84.5,4140.5,1899.4674945175648,0.22163856608076304,Loyal / High Value
5948-UJZLF,0,0.38799927,0.38799927,Medium,Month-to-month,DSL,2,49.25,98.5,38.21792773902416,0.003624758712838377,Low Priority
7760-OYPDY,1,0.7255365,0.7255365,High,Month-to-month,Fiber optic,2,80.65,161.3,117.02904152274132,0.012118922876975228,Automated Retention
7639-LIAYI,0,0.025555896,0.025555896,Low,Two year,DSL,52,79.75,4147.0,105.98029922507703,0.012366355071621558,Loyal / High Value
2954-PIBKO,0,0.017778242,0.017778242,Low,Two year,DSL,69,64.15,4426.35,78.69272150723265,0.00918493184516867,Loyal / High Value
8012-SOUDQ,0,0.4894023,0.4894023,Medium,Month-to-month,Fiber optic,43,90.25,3880.75,1899.2479530572891,0.22154529139243026,Loyal / High Value
9420-LOJKX,1,0.5933916,0.5933916,Medium,Month-to-month,Fiber optic,15,99.1,1486.5,882.0766093432903,0.1020865584342878,Loyal / High Value
6575-SUVOI,0,0.171425,0.171425,Low,Month-to-month,DSL,25,69.5,1737.5,297.8509372100234,0.0345353698440033,Loyal / High Value
7495-OOKFY,1,0.68345,0.68345,High,Month-to-month,Fiber optic,8,80.65,645.2,440.9619294166565,0.0501820458698702,Automated Retention
4667-QONEA,0,0.06121547,0.06121547,Low,One year,DSL,60,74.85,4491.0,274.9186824001372,0.032090190305746245,Loyal / High Value
1658-BYGOY,1,0.6735071,0.6735071,High,Month-to-month,Fiber optic,18,95.45,1718.1000000000001,1157.1525388598443,0.1341535312131282,Priority Retention
8769-KKTPH,0,0.12741192,0.12741192,Low,One year,Fiber optic,63,99.65,6277.950000000001,799.885643400997,0.09347926427280796,Loyal / High Value
5067-XJQFU,0,0.24589936,0.24589936,Low,One year,Fiber optic,66,108.45,7157.7,1760.0738802239298,0.20576835288987574,Loyal / High Value
3957-SQXML,0,0.019647337,0.019647337,Low,Two year,No,34,24.95,848.3,16.66683639809489,0.0019103369342138052,Low Priority
5954-BDFSG,0,0.07095132,0.07095132,Low,Two year,Fiber optic,72,107.5,7740.0,549.163218587637,0.06421480375179281,Loyal / High Value
0434-CSFON,0,0.5626861,0.5626861,Medium,Month-to-month,Fiber optic,47,100.5,4723.5,2657.8477258086205,0.3103044386953115,Loyal / High Value
1215-FIGMP,0,0.23364703,0.23364703,Low,Month-to-month,Fiber optic,60,89.9,5394.0,1260.2920990884304,0.14721252987355507,Loyal / High Value
0526-SXDJP,0,0.018902874,0.018902874,Low,Two year,DSL,72,42.1,3031.2000000000003,57.298390518128876,0.006674678415002053,Loyal / High Value
0557-ASKVU,0,0.06743648,0.06743648,Low,One year,DSL,18,54.4,979.1999999999999,66.03380026817321,0.007591662891782031,Low Priority
5698-BQJOH,1,0.7379602,0.7379602,High,Month-to-month,Fiber optic,9,94.4,849.6,626.9710023880006,0.07186531206203062,Automated Retention
5122-CYFXA,0,0.431698,0.431698,Medium,Month-to-month,DSL,3,75.3,225.89999999999998,97.5205769509077,0.010479727899341297,Low Priority
8627-ZYGSZ,0,0.19566661,0.19566661,Low,One year,Fiber optic,47,78.9,3708.3,725.5904942929745,0.08462021310044492,Loyal / High Value
3410-YOQBQ,0,0.02542794,0.02542794,Low,Two year,DSL,31,79.2,2455.2000000000003,62.43067674189807,0.007261889474134575,Loyal / High Value
3170-NMYVV,0,0.014601393,0.014601393,Low,Two year,No,50,20.15,1007.4999999999999,14.710903116501866,0.0016921883128139426,Low Priority
7410-OIEDU,0,0.37083614,0.37083614,Medium,Month-to-month,Fiber optic,10,79.85,798.5,296.1126567721367,0.03389217664151601,Low Priority
2273-QCKXA,0,0.40072542,0.40072542,Medium,Month-to-month,DSL,1,49.05,49.05,19.655582061409948,0.0014208955463198055,Low Priority
0731-EBJQB,0,0.04228721,0.04228721,Low,One year,No,52,20.4,1060.8,44.85827039480209,0.005164955795406512,Low Priority
1891-QRQSA,0,0.099241994,0.099241994,Low,Two year,Fiber optic,64,111.6,7142.4,708.8260202407837,0.08286762363413613,Loyal / High Value
8028-PNXHQ,0,0.012106264,0.012106264,Low,Two year,No,62,24.25,1503.5,18.201767939142883,0.002106874786167659,Loyal / High Value
5630-AHZIL,0,0.29715493,0.29715493,Low,Month-to-month,DSL,3,64.5,193.5,57.499479576945305,0.006085072068702946,Low Priority
2673-CXQEU,0,0.2721851,0.2721851,Low,One year,Fiber optic,56,110.5,6188.0,1684.281319618225,0.1968262659389992,Loyal / High Value
6416-JNVRK,0,0.07852737,0.07852737,Low,One year,DSL,46,55.65,2559.9,201.02221089228988,0.02339013226304779,Loyal / High Value
5590-ZSKRV,0,0.14604814,0.14604814,Low,Month-to-month,DSL,8,54.65,437.2,63.85224834084511,0.007162713714709696,Low Priority
0191-ZHSKZ,0,0.21650587,0.21650587,Low,Month-to-month,DSL,30,74.75,2242.5,485.5144139751792,0.056433339227187955,Loyal / High Value
3887-PBQAO,0,0.03391294,0.03391294,Low,One year,No,45,25.9,1165.5,39.52553368359804,0.004558323609516226,Low Priority
5919-TMRGD,1,0.8315169,0.8315169,Critical,Month-to-month,Fiber optic,1,79.35,79.35,65.98086772263049,0.0059016726366806676,Automated Retention
8108-UXRQN,0,0.27999955,0.27999955,Low,Month-to-month,DSL,11,50.55,556.05,155.69375208914278,0.0176328957791385,Low Priority
9191-MYQKX,1,0.54996896,0.54996896,Medium,Month-to-month,Fiber optic,7,75.15,526.0500000000001,289.3111703038216,0.03270017745396694,Low Priority
9919-YLNNG,0,0.32691363,0.32691363,Medium,Month-to-month,Fiber optic,42,103.8,4359.599999999999,1425.212639558315,0.16633845923296595,Loyal / High Value
0318-ZOPWS,0,0.016539823,0.016539823,Low,Two year,No,49,20.15,987.3499999999999,16.330594499595463,0.0018777716877150285,Low Priority
4445-ZJNMU,0,0.7860924,0.7860924,High,Month-to-month,Fiber optic,9,99.3,893.6999999999999,702.5307783722877,0.08061611980048901,Automated Retention
4808-YNLEU,0,0.05574606,0.05574606,Low,One year,DSL,35,62.15,2175.25,121.26161672081798,0.01409105293456495,Loyal / High Value
1862-QRWPE,0,0.014448735,0.014448735,Low,Two year,No,48,20.65,991.1999999999999,14.321586064249276,0.0016468902203130038,Low Priority
2796-NNUFI,0,0.015070944,0.015070944,Low,Two year,No,46,19.95,917.6999999999999,13.830605394300072,0.0015879678879112571,Low Priority
3016-KSVCP,0,0.20095369,0.20095369,Low,Month-to-month,DSL,29,33.75,978.75,196.68342623859644,0.02261176585067491,Low Priority
4767-HZZHQ,0,0.22558564,0.22558564,Low,Month-to-month,Fiber optic,30,82.05,2461.5,555.2790515720844,0.06459091822368727,Loyal / High Value
2424-WVHPL,0,0.6454595,0.6454595,High,Month-to-month,Fiber optic,1,74.7,74.7,48.21582264304161,0.004229321144521236,Automated Retention
7233-PAHHL,0,0.019169739,0.019169739,Low,Two year,DSL,66,84.0,5544.0,106.27703033387661,0.012415209964573778,Loyal / High Value
6067-NGCEU,0,0.23662828,0.23662828,Low,Month-to-month,Fiber optic,65,111.05,7218.25,1708.0420755408704,0.1996897814954496,Loyal / High Value
9848-JQJTX,0,0.07173246,0.07173246,Low,Two year,Fiber optic,72,100.9,7264.8,521.1219859600068,0.060926178695224584,Loyal / High Value
8637-XJIVR,1,0.45535955,0.45535955,Medium,Month-to-month,Fiber optic,12,78.95,947.4000000000001,431.4076360881329,0.049564759539047626,Low Priority
9803-FTJCG,0,0.027670821,0.027670821,Low,One year,DSL,71,66.85,4746.349999999999,131.33540208386256,0.015333738588448628,Loyal / High Value
0278-YXOOG,1,0.14183307,0.14183307,Low,Month-to-month,No,5,21.05,105.25,14.927930295467377,0.0014372501684393277,Low Priority
3212-KXOCR,0,0.018161638,0.018161638,Low,Two year,No,52,21.0,1092.0,19.832508377730846,0.002284680887660611,Low Priority
4598-XLKNJ,1,0.5888666,0.5888666,Medium,Month-to-month,Fiber optic,25,98.5,2462.5,1450.0839814543724,0.16867653900213866,Loyal / High Value
6380-ARCEH,0,0.33054298,0.33054298,Medium,Month-to-month,No,1,20.2,20.2,6.676968228816986,5.424326873997141e-05,Low Priority
3679-XASPY,0,0.3514785,0.3514785,Medium,Month-to-month,No,1,19.45,19.45,6.836256577074527,2.6779470263804903e-05,Low Priority
7123-WQUHX,0,0.10892829,0.10892829,Low,One year,Fiber optic,38,95.0,3610.0,393.2311376929283,0.04585325461655117,Loyal / High Value
5386-THSLQ,0,0.08420092,0.08420092,Low,One year,DSL,66,45.55,3006.2999999999997,253.1332218110561,0.029485915760968685,Loyal / High Value
3192-NQECA,1,0.19338386,0.19338386,Low,Two year,Fiber optic,68,110.0,7480.0,1446.5112549066544,0.16912927119087898,Loyal / High Value
6180-YBIQI,0,0.38864425,0.38864425,Medium,Month-to-month,DSL,5,24.3,121.5,47.22027616202831,0.004678563894291771,Low Priority
6728-DKUCO,0,0.10487286,0.10487286,Low,One year,Fiber optic,72,104.15,7498.8,786.4206026762724,0.0919506040074082,Loyal / High Value
9750-BOOHV,0,0.06791672,0.06791672,Low,One year,DSL,32,30.15,964.8,65.5260525226593,0.00753108802581987,Low Priority
8597-CWYHH,0,0.1905102,0.1905102,Low,One year,Fiber optic,43,94.35,4057.0499999999997,772.9094007186591,0.0901781471524931,Loyal / High Value
2848-YXSMW,0,0.012526941,0.012526941,Low,Two year,No,72,19.4,1396.8,17.497630566358566,0.0020234110188409853,Loyal / High Value
0486-HECZI,1,0.3571988,0.3571988,Medium,Month-to-month,Fiber optic,55,96.75,5321.25,1900.7441390678287,0.2220120031813848,Loyal / High Value
4549-ZDQYY,0,0.04303471,0.04303471,Low,One year,DSL,52,57.95,3013.4,129.68079508394004,0.015105933811905423,Loyal / High Value
5712-AHQNN,0,0.39582238,0.39582238,Medium,Month-to-month,Fiber optic,43,91.65,3940.9500000000003,1559.9161927476525,0.1819761266971366,Loyal / High Value
4846-WHAFZ,1,0.50870055,0.50870055,Medium,Month-to-month,Fiber optic,37,76.5,2830.5,1439.8769056499004,0.16765675817204767,Loyal / High Value
5256-SKJGO,0,0.047417782,0.047417782,Low,Two year,DSL,64,54.6,3494.4,165.69669828414916,0.019317944014664325,Loyal / High Value
3071-VBYPO,0,0.434641,0.434641,Medium,Month-to-month,Fiber optic,3,89.85,269.54999999999995,117.15748252272604,0.012775017776500657,Low Priority
9560-BBZXK,0,0.036647037,0.036647037,Low,Two year,DSL,36,31.05,1117.8,40.9640575915575,0.0047209177257748845,Low Priority
5299-RULOA,1,0.70950186,0.70950186,High,Month-to-month,Fiber optic,10,100.25,1002.5,711.2756171822548,0.08180994258331384,Automated Retention
8402-OOOHJ,0,0.015161121,0.015161121,Low,Two year,No,41,20.65,846.65,12.836163318250328,0.0014712038445336233,Low Priority
9445-ZUEQE,0,0.2472361,0.2472361,Low,Month-to-month,Fiber optic,27,85.2,2300.4,568.7419309258461,0.06612128331217654,Loyal / High Value
1091-SOZGA,0,0.20545515,0.20545515,Low,One year,Fiber optic,56,99.8,5588.8,1148.247765684128,0.13414117694879193,Loyal / High Value
2928-HLDBA,0,0.1092803,0.1092803,Low,Month-to-month,No,6,20.7,124.19999999999999,13.572613647580146,0.0013501200240192022,Low Priority
0404-SWRVG,1,0.72771966,0.72771966,High,Month-to-month,Fiber optic,3,74.4,223.20000000000002,162.42702913284302,0.01743551897023373,Automated Retention
6497-TILVL,0,0.18942599,0.18942599,Low,Month-to-month,DSL,7,50.7,354.90000000000003,67.2272838458419,0.007462733874966608,Low Priority
7219-TLZHO,0,0.1304174,0.1304174,Low,Month-to-month,No,4,20.85,83.4,10.876811707019806,0.0009875474099435935,Low Priority
4622-YNKIJ,0,0.060453925,0.060453925,Low,Two year,Fiber optic,33,88.95,2935.35,177.45342957582324,0.02066730305004291,Loyal / High Value
4412-YLTKF,1,0.49561113,0.49561113,Medium,Month-to-month,Fiber optic,27,78.05,2107.35,1044.4261173158884,0.12133212538089515,Loyal / High Value
6734-PSBAW,0,0.011399902,0.011399902,Low,Two year,No,72,23.55,1695.6000000000001,19.329674515128136,0.002240640982504814,Loyal / High Value
3930-ZGWVE,0,0.33537674,0.33537674,Medium,Month-to-month,No,1,19.75,19.75,6.623690605163574,3.734620012739769e-05,Low Priority
2639-UGMAZ,0,0.1364761,0.1364761,Low,One year,DSL,71,56.45,4007.9500000000003,546.989382955432,0.0638155983079753,Loyal / High Value
2876-GZYZC,0,0.6585105,0.6585105,High,Month-to-month,Fiber optic,13,85.95,1117.3500000000001,735.7867140501738,0.08479542344974862,Automated Retention
6207-WIOLX,1,0.18524176,0.18524176,Low,Month-to-month,DSL,25,58.6,1465.0,271.37917667627335,0.03140198701359639,Loyal / High Value
8587-XYZSF,0,0.017704535,0.017704535,Low,Two year,DSL,67,50.55,3386.85,59.96260529849678,0.006989609906614972,Loyal / High Value
3091-FYHKI,1,0.7534558,0.7534558,High,Month-to-month,DSL,1,35.45,35.45,26.71000873744488,0.0014704894229059862,Automated Retention
2372-HWUHI,1,0.5020783,0.5020783,Medium,Month-to-month,DSL,2,44.35,88.7,44.534344744682315,0.004113755720567632,Low Priority
7799-LGRDP,0,0.024078684,0.024078684,Low,Two year,No,43,25.7,1105.1,26.60935360845178,0.003066001775906304,Low Priority
7850-VWJUU,0,0.2541292,0.2541292,Low,Month-to-month,Fiber optic,23,75.0,1725.0,438.37287202477455,0.050824648706243834,Loyal / High Value
3774-VBNXY,0,0.011540773,0.011540773,Low,Two year,No,64,20.2,1292.8,14.919911754131316,0.0017234322505189834,Low Priority
6217-KDYWC,0,0.018351775,0.018351775,Low,Two year,No,57,19.6,1117.2,20.502602653205397,0.0023628081969179027,Low Priority
0390-DCFDQ,1,0.7799914,0.7799914,High,Month-to-month,Fiber optic,1,70.45,70.45,54.95039330720902,0.004722261253607425,Automated Retention
3146-MSEGF,0,0.026208881,0.026208881,Low,Two year,DSL,72,88.05,6339.599999999999,166.15382381826637,0.019418264353202076,Loyal / High Value
4080-OGPJL,1,0.28756496,0.28756496,Low,Month-to-month,DSL,8,71.15,569.2,163.68197699785233,0.018552578264667146,Low Priority
1095-WGNGG,0,0.073958315,0.073958315,Low,Two year,Fiber optic,61,101.05,6164.05,455.8827512998134,0.05327413904007114,Loyal / High Value
2636-SJDOU,0,0.05925187,0.05925187,Low,One year,Fiber optic,64,84.3,5395.2,319.67569420337674,0.03734079133408298,Loyal / High Value
1131-QQZEB,0,0.01478097,0.01478097,Low,Two year,No,71,23.95,1700.45,25.13430093014613,0.002913589962571318,Loyal / High Value
5716-EZXZN,0,0.04366893,0.04366893,Low,Two year,Fiber optic,65,99.05,6438.25,281.1514852726832,0.032859446431723414,Loyal / High Value
6837-BJYDQ,0,0.060401246,0.060401246,Low,One year,No,3,19.6,58.800000000000004,3.551593261957169,0.0002832016408085734,Low Priority
2135-RXIHG,1,0.6576061,0.6576061,High,Month-to-month,DSL,1,45.65,45.65,30.01971960067749,0.0020696648130359633,Automated Retention
6440-DKQGE,0,0.056005772,0.056005772,Low,One year,DSL,30,64.5,1935.0,108.37116921320558,0.012579503551175132,Loyal / High Value
3466-BYAVD,0,0.15930854,0.15930854,Low,Month-to-month,DSL,15,69.5,1042.5,166.07915069907904,0.019116202900842927,Low Priority
3780-YVMFA,0,0.30264962,0.30264962,Medium,Month-to-month,DSL,8,68.55,548.4,165.97305006980895,0.018787888839382563,Low Priority
3874-EQOEP,1,0.7572212,0.7572212,High,Month-to-month,Fiber optic,7,95.0,665.0,503.5521125793457,0.057356099213144426,Automated Retention
1679-JRFBR,0,0.1573995,0.1573995,Low,One year,Fiber optic,70,108.15,7570.5,1191.592955455184,0.13932786064728286,Loyal / High Value
9073-ZZIAY,0,0.02337224,0.02337224,Low,Two year,DSL,62,86.1,5338.2,124.76569351404905,0.014573131024380565,Loyal / High Value
3077-RSNTJ,0,0.11896032,0.11896032,Low,Month-to-month,No,6,19.7,118.19999999999999,14.061109936237333,0.001386048375654739,Low Priority
6551-GNYDG,0,0.50079006,0.50079006,Medium,Month-to-month,Fiber optic,14,80.9,1132.6000000000001,567.1948214650155,0.06538118533678325,Low Priority
9167-APMXZ,0,0.44617584,0.44617584,Medium,Month-to-month,Fiber optic,22,84.15,1851.3000000000002,826.0053390294314,0.09583847913213371,Loyal / High Value
2749-CTKAJ,0,0.027250072,0.027250072,Low,One year,No,22,20.15,443.29999999999995,12.07995691206306,0.0013559236166890798,Low Priority
6371-NZYEG,0,0.029572358,0.029572358,Low,Two year,DSL,16,64.25,1028.0,30.40038438886404,0.003498268010571951,Low Priority
7554-NEWDD,0,0.035011828,0.035011828,Low,Two year,No,10,25.7,257.0,8.998039782047272,0.0009775667452020743,Low Priority
8992-VONJD,0,0.21440154,0.21440154,Low,Month-to-month,DSL,13,56.0,728.0,156.08432340621948,0.017823234057949614,Low Priority
0867-MKZVY,1,0.37265438,0.37265438,Medium,Month-to-month,Fiber optic,20,82.4,1648.0,614.1344156265259,0.07116566406980727,Loyal / High Value
4482-EWFMI,0,0.6519454,0.6519454,High,Month-to-month,Fiber optic,2,69.7,139.4,90.88119045495988,0.009216126301853351,Automated Retention
4648-YPBTM,0,0.022382831,0.022382831,Low,Two year,DSL,53,73.9,3916.7000000000003,87.66683496478946,0.010226701722877374,Loyal / High Value
2907-ILJBN,0,0.041419286,0.041419286,Low,One year,No,11,20.6,226.60000000000002,9.385610271245243,0.0010088765577134372,Low Priority
6345-FZOQH,0,0.011809297,0.011809297,Low,Two year,No,69,19.9,1373.1,16.21534558162093,0.0018746871248814041,Low Priority
3376-BMGFE,1,0.6072896,0.6072896,High,Month-to-month,Fiber optic,4,70.9,283.6,172.22733404636384,0.01884966819852434,Automated Retention
5997-OPVFA,0,0.01294852,0.01294852,Low,Two year,DSL,72,89.05,6411.599999999999,83.0207279484719,0.009702890071845336,Loyal / High Value
3445-HXXGF,1,0.37710518,0.37710518,Medium,Month-to-month,DSL,58,45.3,2627.3999999999996,990.8061406016349,0.11530811178783722,Loyal / High Value
1159-WFSGR,0,0.10371863,0.10371863,Low,Month-to-month,No,16,20.4,326.4,33.853761148452755,0.003739667442590221,Low Priority
7654-YWJUF,0,0.07079004,0.07079004,Low,One year,Fiber optic,43,84.25,3622.75,256.454608399421,0.02990479131824136,Loyal / High Value
1875-QIVME,1,0.8157938,0.8157938,Critical,Month-to-month,Fiber optic,2,104.4,208.8,170.337748003006,0.018168701276753237,Automated Retention
6727-IOTLZ,0,0.035473146,0.035473146,Low,Two year,DSL,14,81.95,1147.3,40.69833988323808,0.0046923580207943695,Low Priority
0691-JVSYA,1,0.19775529,0.19775529,Low,One year,Fiber optic,53,94.85,5027.049999999999,994.1257409401237,0.11609245375204347,Loyal / High Value
5918-VUKWP,0,0.025474848,0.025474848,Low,One year,No,32,20.55,657.6,16.75226019322872,0.0019075080934200725,Low Priority
1744-JHKYS,0,0.098388985,0.098388985,Low,Month-to-month,No,34,24.7,839.8,82.62706943452358,0.009468463583117866,Low Priority
2656-FMOKZ,1,0.58352715,0.58352715,Medium,Month-to-month,Fiber optic,15,74.45,1116.75,651.6539422720671,0.07509888783453587,Low Priority
2070-FNEXE,1,0.44904038,0.44904038,Medium,Month-to-month,Fiber optic,7,76.45,535.15,240.30396101623774,0.02717812286828912,Low Priority
5947-SGKCL,0,0.5974242,0.5974242,Medium,Month-to-month,Fiber optic,15,105.35,1580.25,944.0796064585447,0.1093454650374072,Loyal / High Value
3712-PKXZA,0,0.022604318,0.022604318,Low,One year,No,61,20.55,1253.55,28.335643249657004,0.003271600954724627,Low Priority
6317-YPKDH,1,0.5255568,0.5255568,Medium,Month-to-month,DSL,1,29.95,29.95,15.740426242351532,0.000686885590615437,Low Priority
6582-OIVSP,0,0.52954876,0.52954876,Medium,Month-to-month,DSL,1,45.3,45.3,23.98855901956558,0.0016449083660052218,Low Priority
9367-WXLCH,1,0.6665916,0.6665916,High,Month-to-month,Fiber optic,8,84.5,676.0,450.61591124534607,0.051350805215364274,Automated Retention
5524-KHNJP,0,0.09712187,0.09712187,Low,One year,DSL,33,74.75,2466.75,239.57537777535617,0.027868235017536644,Loyal / High Value
1918-ZBFQJ,1,0.56755614,0.56755614,Medium,Month-to-month,Fiber optic,13,79.25,1030.25,584.7247161269188,0.0672888527571909,Low Priority
1024-GUALD,1,0.70914674,0.70914674,High,Month-to-month,DSL,1,24.8,24.8,17.586839103698733,0.0004987434860645875,Automated Retention
4827-USJHP,0,0.16633114,0.16633114,Low,Month-to-month,DSL,20,51.8,1036.0,172.3190633058548,0.019832149971016615,Low Priority
8167-GJLRN,0,0.44219112,0.44219112,Medium,Month-to-month,DSL,3,30.4,91.19999999999999,40.32783050537109,0.0037526534807386914,Low Priority
0956-SYCWG,0,0.06798924,0.06798924,Low,One year,No,13,19.65,255.45,17.367850746586917,0.0018859777146924509,Low Priority
8017-UVSZU,0,0.11935354,0.11935354,Low,Month-to-month,DSL,40,56.6,2264.0,270.2164151072502,0.031410888099060605,Loyal / High Value
7100-FQPRV,0,0.06712114,0.06712114,Low,One year,DSL,43,71.9,3091.7000000000003,207.51843057498337,0.024176734003492694,Loyal / High Value
2472-OVKUP,1,0.6845581,0.6845581,High,Month-to-month,Fiber optic,6,91.0,546.0,373.7687190771103,0.04230343057464498,Automated Retention
2984-RGEYA,0,0.01339457,0.01339457,Low,Two year,No,69,19.75,1362.75,18.253450237680227,0.0021100938111979096,Low Priority
9680-NIAUV,0,0.028774297,0.028774297,Low,Two year,Fiber optic,72,109.7,7898.400000000001,227.2709063574672,0.02657656010601178,Loyal / High Value
2146-EGVDT,0,0.020852508,0.020852508,Low,Two year,No,59,19.3,1138.7,23.74475088622421,0.002737331645651801,Low Priority
2604-IJPDU,0,0.46814606,0.46814606,Medium,Month-to-month,Fiber optic,20,96.55,1931.0,903.9900340139866,0.10493118062668494,Loyal / High Value
9178-JHUVJ,0,0.020952348,0.020952348,Low,Two year,No,24,24.1,578.4000000000001,12.118837890028955,0.001374359264102082,Low Priority
6168-YBYNP,0,0.4040145,0.4040145,Medium,Month-to-month,Fiber optic,59,111.35,6569.65,2654.2338467553254,0.31023049209876835,Loyal / High Value
7255-SSFBC,0,0.042122807,0.042122807,Low,Two year,Fiber optic,72,112.25,8082.0,340.436529032886,0.03981205695032771,Loyal / High Value
3645-DEYGF,0,0.28660983,0.28660983,Low,Month-to-month,No,1,20.75,20.75,5.947153940796852,6.551120188492448e-05,Low Priority
9323-HGFWY,0,0.2194827,0.2194827,Low,One year,Fiber optic,27,101.9,2751.3,603.8627662584186,0.07029919488518306,Loyal / High Value
8544-GOQSH,0,0.4286127,0.4286127,Medium,Month-to-month,Fiber optic,14,80.05,1120.7,480.3462630271912,0.05536013035647242,Low Priority
3363-DTIVD,0,0.084062085,0.084062085,Low,Two year,Fiber optic,71,105.55,7494.05,629.9654647640884,0.0736572929452413,Loyal / High Value
7018-WBJNK,0,0.4864766,0.4864766,Medium,Month-to-month,Fiber optic,13,78.3,1017.9,495.1845313131809,0.056971911481383905,Low Priority
9142-KZXOP,0,0.22214021,0.22214021,Low,Month-to-month,Fiber optic,44,68.85,3029.3999999999996,672.9515457719564,0.07839170455078844,Loyal / High Value
7674-YTAFD,0,0.08901007,0.08901007,Low,One year,Fiber optic,33,79.95,2638.35,234.83971101902424,0.027331011083327434,Loyal / High Value
6348-SNFUS,0,0.0126171,0.0126171,Low,Two year,DSL,72,55.45,3992.4,50.372510160505776,0.005876700661095545,Loyal / High Value
1285-OKIPP,1,0.80803835,0.80803835,Critical,Month-to-month,Fiber optic,1,79.9,79.9,64.56226447820664,0.005787127651972871,Automated Retention
7825-ECJRF,1,0.5342542,0.5342542,Medium,Month-to-month,Fiber optic,19,106.6,2025.3999999999999,1082.07844312191,0.1256604538971959,Loyal / High Value
1347-KTTTA,0,0.18106975,0.18106975,Low,One year,Fiber optic,64,102.45,6556.8,1187.2381145954132,0.13876523857828668,Loyal / High Value
7841-TZDMQ,1,0.49937975,0.49937975,Medium,Month-to-month,DSL,2,46.0,92.0,45.94293737411499,0.00428481315614045,Low Priority
4195-NZGTA,0,0.63809294,0.63809294,High,Month-to-month,DSL,1,25.25,25.25,16.11184661090374,0.0004824291343890851,Automated Retention
7157-SMCFK,0,0.01723042,0.01723042,Low,Two year,No,61,19.75,1204.75,20.758347822818905,0.0023952569318862788,Low Priority
4709-LKHYG,0,0.037766974,0.037766974,Low,One year,No,29,20.0,580.0,21.904845163226128,0.0024843897744915426,Low Priority
2504-DSHIH,0,0.46011046,0.46011046,Medium,Month-to-month,Fiber optic,23,86.8,1996.3999999999999,918.5645138621329,0.10665726243600036,Loyal / High Value
0699-NDKJM,0,0.13737138,0.13737138,Low,Month-to-month,DSL,57,58.75,3348.75,460.02239590510726,0.05361963311531311,Loyal / High Value
9286-BHDQG,0,0.014780533,0.014780533,Low,Two year,DSL,72,45.25,3258.0,48.15497510880232,0.005612000784943605,Loyal / High Value
0230-WEQUW,0,0.016454171,0.016454171,Low,Two year,DSL,66,56.6,3735.6,61.46620264202356,0.007168612178814696,Loyal / High Value
2040-LDIWQ,0,0.021982888,0.021982888,Low,Two year,DSL,65,84.2,5473.0,120.31234470941126,0.014054185392386408,Loyal / High Value
6496-JDSSB,0,0.62227756,0.62227756,High,Month-to-month,Fiber optic,8,80.0,640.0,398.2576370239258,0.045311189391451144,Automated Retention
9408-SSNVZ,1,0.64486885,0.64486885,High,Month-to-month,Fiber optic,4,70.15,280.6,180.950199508667,0.019789322148743016,Automated Retention
4443-EMBNA,0,0.012463081,0.012463081,Low,Two year,No,71,24.75,1757.25,21.900748554384336,0.0025396711643479483,Loyal / High Value
6469-MRVET,0,0.1985107,0.1985107,Low,One year,No,1,20.2,20.2,4.009916269779205,3.257630684951684e-05,Low Priority
0742-MOABM,1,0.28546458,0.28546458,Low,Month-to-month,DSL,4,50.05,200.2,57.1500098824501,0.0060698700871734965,Low Priority
5961-VUSRV,0,0.053497165,0.053497165,Low,One year,No,12,19.35,232.20000000000002,12.422041815519334,0.0013381816280498508,Low Priority
6778-JFCMK,0,0.14396955,0.14396955,Low,One year,DSL,24,50.6,1214.4,174.8366224050522,0.020176527903618575,Low Priority
6341-JVQGF,0,0.087458596,0.087458596,Low,One year,DSL,31,81.15,2515.65,220.01521610543134,0.025596750106376753,Loyal / High Value
2232-DMLXU,1,0.55296224,0.55296224,Medium,Month-to-month,DSL,1,55.2,55.2,30.523515844345095,0.002359319400022733,Low Priority
4811-JBUVU,0,0.3059937,0.3059937,Medium,Month-to-month,Fiber optic,30,89.9,2697.0,825.265025049448,0.096060617893951,Loyal / High Value
0945-TSONX,0,0.023899764,0.023899764,Low,Two year,DSL,47,85.3,4009.1,95.81654314100741,0.011178641642575883,Loyal / High Value
2651-ZCBXV,0,0.16256431,0.16256431,Low,Two year,Fiber optic,54,108.0,5832.0,948.0750410556793,0.11077208740571032,Loyal / High Value
3316-UWXUY,0,0.17581089,0.17581089,Low,Month-to-month,Fiber optic,50,93.5,4675.0,821.9159033149481,0.09595492528751491,Loyal / High Value
8937-RDTHP,1,0.66312826,0.66312826,High,Month-to-month,Fiber optic,1,84.6,84.6,56.10065052509307,0.005114619197451075,Automated Retention
7083-MIOPC,0,0.011076704,0.011076704,Low,Two year,No,72,20.25,1458.0,16.14983394742012,0.0018686224585601644,Loyal / High Value
1984-GPTEH,0,0.10738456,0.10738456,Low,Month-to-month,No,29,25.15,729.3499999999999,78.32093065381049,0.008943888418857127,Low Priority
1251-KRREG,1,0.5317608,0.5317608,Medium,Month-to-month,DSL,2,54.4,108.8,57.85557632446289,0.0056098172663300895,Low Priority
0621-JFHOL,0,0.059327565,0.059327565,Low,Two year,DSL,10,29.6,296.0,17.5609592795372,0.0019277007988355746,Low Priority
9903-LYSAB,0,0.5174284,0.5174284,Medium,Month-to-month,Fiber optic,18,73.15,1316.7,681.2979718208313,0.07871932646473458,Low Priority
0094-OIFMO,1,0.7107021,0.7107021,High,Month-to-month,Fiber optic,11,95.0,1045.0,742.6837167143822,0.08548885465523443,Automated Retention
9227-UAQFT,0,0.025938453,0.025938453,Low,Two year,No,16,19.75,316.0,8.196551196277142,0.0009036135921095456,Low Priority
7301-ABVAD,0,0.01575347,0.01575347,Low,Two year,DSL,72,86.6,6235.2,98.22603839635849,0.011479026766875388,Loyal / High Value
6614-FHDBO,0,0.07406714,0.07406714,Low,Two year,Fiber optic,72,109.2,7862.400000000001,582.3454668760301,0.06809745459948,Loyal / High Value
7576-ASEJU,0,0.09115247,0.09115247,Low,One year,DSL,41,74.7,3062.7000000000003,279.1726601712406,0.03252285654946186,Loyal / High Value
9058-HRZSV,0,0.17105213,0.17105213,Low,Month-to-month,Fiber optic,65,94.4,6136.0,1049.5758578777313,0.12265098437147083,Loyal / High Value
4522-AKYLR,0,0.33712968,0.33712968,Medium,Month-to-month,DSL,13,54.8,712.4,240.17118567228317,0.027409174283218846,Low Priority
0221-WMXNQ,0,0.44699103,0.44699103,Medium,Month-to-month,Fiber optic,4,75.35,301.4,134.72309535741806,0.014806787328988824,Low Priority
0303-UNCIP,0,0.08051017,0.08051017,Low,One year,DSL,41,65.0,2665.0,214.55960109829903,0.024972572430146646,Loyal / High Value
9947-OTFQU,1,0.5675554,0.5675554,Medium,Month-to-month,Fiber optic,15,74.4,1116.0,633.3918571472168,0.07299346107338392,Low Priority
0322-YINQP,1,0.50439566,0.50439566,Medium,Month-to-month,DSL,1,48.55,48.55,24.488409474492073,0.001758928520748893,Low Priority
0959-WHOKV,0,0.23554079,0.23554079,Low,One year,Fiber optic,42,99.0,4158.0,979.3786145746708,0.11428057573126475,Loyal / High Value
4075-JFPGR,0,0.16529964,0.16529964,Low,One year,Fiber optic,51,93.5,4768.5,788.2313290759921,0.0920296905313207,Loyal / High Value
4629-NRXKX,1,0.5980324,0.5980324,Medium,Month-to-month,Fiber optic,2,70.4,140.8,84.2029640197754,0.008552132715140619,Low Priority
9514-JDSKI,1,0.7142816,0.7142816,High,Month-to-month,DSL,1,40.2,40.2,28.71412106752396,0.0017917323047092599,Automated Retention
3282-ZISZV,0,0.10283437,0.10283437,Low,One year,DSL,32,83.7,2678.4,275.43158655166627,0.0320585967186176,Loyal / High Value
3675-YDUPJ,0,0.11952656,0.11952656,Low,Month-to-month,No,10,19.85,198.5,23.7260216884315,0.0025176906420074437,Low Priority
4111-BNXIF,0,0.05460447,0.05460447,Low,Two year,DSL,67,59.55,3989.85,217.86364754140376,0.025416949959171393,Loyal / High Value
7017-VFHAY,0,0.06225811,0.06225811,Low,Two year,Fiber optic,61,115.1,7021.099999999999,437.12041226178405,0.05110066107981499,Loyal / High Value
6655-LHBYW,0,0.25164422,0.25164422,Low,One year,Fiber optic,50,114.35,5717.5,1438.7758503109217,0.16809416481867342,Loyal / High Value
4959-JOSRX,1,0.49485296,0.49485296,Medium,Month-to-month,DSL,2,44.6,89.2,44.140884041786194,0.004083557810357703,Low Priority
5046-NUHWD,0,0.34330136,0.34330136,Medium,Month-to-month,DSL,29,45.0,1305.0,448.0082693696022,0.05175757266033304,Low Priority
7273-TEFQD,1,0.7218069,0.7218069,High,Month-to-month,DSL,3,41.15,123.44999999999999,89.1070598065853,0.008854216334269579,Automated Retention
3606-TWKGI,1,0.7255755,0.7255755,High,Month-to-month,Fiber optic,13,106.9,1389.7,1008.3322816431522,0.11659455435547562,Automated Retention
7529-ZDFXI,0,0.4002999,0.4002999,Medium,Month-to-month,Fiber optic,57,89.85,5121.45,2050.115957325697,0.2394259094944627,Loyal / High Value
7605-BDWDC,0,0.024021888,0.024021888,Low,Two year,DSL,31,49.85,1545.3500000000001,37.12222485532985,0.0042984121059260905,Loyal / High Value
1950-KSVVJ,0,0.20476617,0.20476617,Low,One year,Fiber optic,45,113.3,5098.5,1044.000313617289,0.1219231420710462,Loyal / High Value
0123-CRBRT,0,0.015917897,0.015917897,Low,Two year,DSL,61,88.1,5374.099999999999,85.54437147378921,0.009992159954750795,Loyal / High Value
6292-TOSSS,0,0.018792659,0.018792659,Low,Two year,No,50,24.9,1245.0,23.396860510110855,0.002701092287143504,Low Priority
3197-ARFOY,0,0.44853556,0.44853556,Medium,Month-to-month,Fiber optic,19,105.0,1995.0,894.828445315361,0.10390050365224156,Loyal / High Value
6323-AYBRX,1,0.025848953,0.025848953,Low,Two year,No,59,19.35,1141.65,29.510457253362986,0.0034021587743763957,Low Priority
7014-ZZXAW,0,0.013069634,0.013069634,Low,Two year,No,71,24.25,1721.75,22.502642900450155,0.002608886648434578,Loyal / High Value
4385-GZQXV,1,0.5700788,0.5700788,Medium,Month-to-month,Fiber optic,16,94.45,1511.2,861.5030677318573,0.09972636750707121,Loyal / High Value
7633-MVPUY,0,0.025589477,0.025589477,Low,Two year,DSL,57,59.75,3405.75,87.15136221516877,0.010159213245789214,Loyal / High Value
6366-ZGQGL,1,0.557901,0.557901,Medium,Month-to-month,DSL,1,24.8,24.8,13.835945415496827,0.0003923722511382364,Low Priority
4716-HHKQH,0,0.46846187,0.46846187,Medium,Month-to-month,Fiber optic,20,107.05,2141.0,1002.9768661260605,0.11653340479047423,Loyal / High Value
5940-AHUHD,1,0.71879697,0.71879697,High,Month-to-month,Fiber optic,1,70.6,70.6,50.747065973281856,0.004364413325936831,Automated Retention
6432-TWQLB,1,0.6956254,0.6956254,High,Month-to-month,Fiber optic,5,85.4,427.0,297.03205621242523,0.033284215378139755,Automated Retention
4484-GLZOU,1,0.53409135,0.53409135,Medium,Month-to-month,Fiber optic,52,105.05,5462.599999999999,2917.5274271726607,0.3408062769280325,Loyal / High Value
3179-GBRWV,0,0.1784927,0.1784927,Low,Month-to-month,DSL,21,64.95,1363.95,243.45511147230863,0.028143690079303885,Low Priority
8645-KWHJO,0,0.36728248,0.36728248,Medium,Month-to-month,DSL,14,55.0,770.0,282.8075096011162,0.03234042092285832,Low Priority
4130-MZLCC,0,0.28826946,0.28826946,Low,Month-to-month,DSL,5,50.55,252.75,72.86010606586933,0.007905176319167945,Low Priority
0314-TKOSI,0,0.18757343,0.18757343,Low,Month-to-month,DSL,6,55.15,330.9,62.06804895401,0.006862067284212017,Low Priority
8229-MYEJZ,0,0.23056324,0.23056324,Low,Month-to-month,DSL,10,51.2,512.0,118.04837799072266,0.013329166953227658,Low Priority
2080-SRCDE,0,0.2820879,0.2820879,Low,Month-to-month,No,1,25.4,25.4,7.165032464265823,0.00021823191217412998,Low Priority
9577-WJVCQ,0,0.06575595,0.06575595,Low,Month-to-month,DSL,68,54.45,3702.6000000000004,243.46797463595868,0.02839363311205705,Loyal / High Value
9512-UIBFX,1,0.3529613,0.3529613,Medium,Month-to-month,Fiber optic,18,95.15,1712.7,604.5168215990067,0.07008171759249568,Loyal / High Value
6202-DYYFX,0,0.14838867,0.14838867,Low,One year,Fiber optic,22,76.0,1672.0,248.1058543920517,0.02875517481911455,Loyal / High Value
3808-HFKDE,0,0.2959457,0.2959457,Low,Month-to-month,DSL,20,44.35,887.0,262.5038394331932,0.030117692727671022,Low Priority
5583-SXDAG,1,0.7695401,0.7695401,High,Month-to-month,Fiber optic,1,70.0,70.0,53.86780500411987,0.004618395027681481,Automated Retention
3488-PGMQJ,1,0.572973,0.572973,Medium,Month-to-month,Fiber optic,8,74.5,596.0,341.4919157028198,0.038765944188372675,Low Priority
3580-REOAC,1,0.23734492,0.23734492,Low,Month-to-month,DSL,10,44.85,448.5,106.44919690489769,0.011954603384864437,Low Priority
7534-BFESC,1,0.5072126,0.5072126,Medium,Month-to-month,Fiber optic,24,76.1,1826.3999999999999,926.373054742813,0.10746875682821956,Loyal / High Value
3727-OWVYD,0,0.04145609,0.04145609,Low,One year,DSL,35,61.2,2142.0,88.7989414036274,0.01031737234401506,Loyal / High Value
2294-SALNE,0,0.071541436,0.071541436,Low,One year,Fiber optic,23,86.8,1996.3999999999999,142.82532286345958,0.016583873765279006,Loyal / High Value
4847-TAJYI,0,0.7417306,0.7417306,High,Month-to-month,Fiber optic,6,89.35,536.0999999999999,397.64175900220863,0.044975762409895134,Automated Retention
1563-IWQEX,0,0.12133054,0.12133054,Low,Month-to-month,No,12,19.7,236.39999999999998,28.682538923621173,0.0030947023665913935,Low Priority
8203-XJZRC,0,0.32069984,0.32069984,Medium,Month-to-month,No,1,20.25,20.25,6.494171775877476,5.450754514451723e-05,Low Priority
6556-DBKZF,0,0.053373523,0.053373523,Low,Two year,Fiber optic,71,76.05,5399.55,288.193006419763,0.033663445258146636,Loyal / High Value
6851-WEFYX,0,0.59608525,0.59608525,Medium,Month-to-month,Fiber optic,35,100.8,3528.0,2102.988763332367,0.2451920433966226,Loyal / High Value
2985-JUUBZ,0,0.24944572,0.24944572,Low,Month-to-month,DSL,40,74.55,2982.0,743.84714153409,0.08664168721513468,Loyal / High Value
6390-DSAZX,1,0.63174284,0.63174284,High,Month-to-month,Fiber optic,1,73.6,73.6,46.49627265930175,0.004057988015807667,Automated Retention
0895-LMRSF,0,0.12328785,0.12328785,Low,One year,DSL,23,64.9,1492.7,184.03177239373326,0.021299929767221757,Loyal / High Value
8098-LLAZX,1,0.8480408,0.8480408,Critical,Month-to-month,Fiber optic,4,95.45,381.8,323.78198475837706,0.036083882379737545,Automated Retention
8266-VBFQL,0,0.64575183,0.64575183,High,Month-to-month,Fiber optic,4,90.4,361.6,233.5038631439209,0.025947548840292753,Automated Retention
8181-YHCMF,0,0.017869405,0.017869405,Low,Two year,DSL,68,60.3,4100.4,73.27171010077,0.008549297317884867,Loyal / High Value
2240-HSJQD,0,0.28857675,0.28857675,Low,Month-to-month,Fiber optic,38,81.85,3110.2999999999997,897.5602715820073,0.10457321697362576,Loyal / High Value
1248-DYXUB,0,0.015555705,0.015555705,Low,Two year,No,52,24.8,1289.6000000000001,20.060637095570566,0.0023171640381923356,Low Priority
0265-EDXBD,1,0.50264627,0.50264627,Medium,Month-to-month,Fiber optic,32,74.9,2396.8,1204.7425737380981,0.1401084049032625,Loyal / High Value
4115-BNPJY,0,0.02028685,0.02028685,Low,Two year,DSL,29,75.55,2190.95,44.447475390508764,0.0051652853758722694,Loyal / High Value
3167-SNQPL,0,0.4165786,0.4165786,Medium,Month-to-month,Fiber optic,38,101.15,3843.7000000000003,1601.2031297266485,0.18676990953421488,Loyal / High Value
4091-TVOCN,0,0.0998085,0.0998085,Low,One year,DSL,48,78.75,3780.0,377.2761270403862,0.044003156326789424,Loyal / High Value
1098-TDVUQ,0,0.27437943,0.27437943,Low,Month-to-month,No,1,19.25,19.25,5.281804069876671,1.4472846081515294e-05,Low Priority
7277-OZCGZ,0,0.35491255,0.35491255,Medium,Month-to-month,Fiber optic,22,89.05,1959.1,695.3091752499341,0.0807198072163233,Loyal / High Value
1557-EMYVT,0,0.11501967,0.11501967,Low,Two year,Fiber optic,43,115.05,4947.15,569.0195684496313,0.06644518926097093,Loyal / High Value
2799-ARNLO,0,0.6411352,0.6411352,High,Month-to-month,Fiber optic,5,69.35,346.75,222.31363606452942,0.024646039714020886,Automated Retention
7563-BIUPC,1,0.69975793,0.69975793,High,Month-to-month,Fiber optic,5,80.6,403.0,282.0024472475052,0.03151338593580181,Automated Retention
5027-YOCXN,0,0.18251134,0.18251134,Low,One year,Fiber optic,51,110.05,5612.55,1024.3540468655526,0.119669311889063,Loyal / High Value
3973-SKMLN,0,0.011650605,0.011650605,Low,Two year,No,71,19.9,1412.8999999999999,16.461139984242617,0.0019038480644986595,Loyal / High Value
2321-OMBXY,1,0.08994675,0.08994675,Low,One year,DSL,38,80.3,3051.4,274.4635032653809,0.03197352124262106,Loyal / High Value
2840-XANRC,1,0.52268356,0.52268356,Medium,Month-to-month,Fiber optic,24,93.15,2235.6000000000004,1168.5113686323168,0.1358173431273877,Loyal / High Value
6745-JEFZB,0,0.29619622,0.29619622,Low,Month-to-month,Fiber optic,35,91.5,3202.5,948.5684019327164,0.1105354361582634,Loyal / High Value
5020-ZSTTY,1,0.12066253,0.12066253,Low,One year,DSL,54,82.45,4452.3,537.2257945485413,0.0627059896536128,Loyal / High Value
9880-TDQAC,0,0.051382124,0.051382124,Low,Two year,DSL,72,60.0,4320.0,221.97077751159668,0.02590547561567257,Loyal / High Value
8705-WZCYL,0,0.6411837,0.6411837,High,Month-to-month,DSL,1,44.8,44.8,28.72502861022949,0.001954095031498789,Automated Retention
7102-JJVTX,0,0.084651254,0.084651254,Low,One year,DSL,9,48.6,437.40000000000003,37.02645855098963,0.004153579212019509,Low Priority
8626-PTQGE,0,0.018475339,0.018475339,Low,Two year,DSL,69,60.05,4143.45,76.55164261981845,0.008932425244990804,Loyal / High Value
4983-CLMLV,0,0.3348655,0.3348655,Medium,Month-to-month,Fiber optic,52,102.7,5340.400000000001,1788.3157720804215,0.20888272464409505,Loyal / High Value
5701-YVSVF,0,0.5721246,0.5721246,Medium,Month-to-month,Fiber optic,11,82.9,911.9000000000001,521.7204231142998,0.05989362347929754,Low Priority
5804-LEPIM,1,0.6708868,0.6708868,High,Month-to-month,Fiber optic,2,70.35,140.7,94.39377481341361,0.009586119502419515,Automated Retention
5697-GOMBF,0,0.33657122,0.33657122,Medium,Month-to-month,DSL,28,35.9,1005.1999999999999,338.32138690948483,0.03891525788139062,Low Priority
2739-CACDQ,0,0.48423913,0.48423913,Medium,Month-to-month,Fiber optic,17,82.65,1405.0500000000002,680.3801913097502,0.07868488555454803,Loyal / High Value
9385-EHGDO,0,0.016445931,0.016445931,Low,Two year,No,35,19.85,694.75,11.425810595043004,0.0013030555011435227,Low Priority
9498-FIMXL,0,0.0456338,0.0456338,Low,One year,No,8,19.2,153.6,7.00935173034668,0.0007210517024784853,Low Priority
2379-GYFLQ,0,0.15552723,0.15552723,Low,One year,Fiber optic,46,94.9,4365.400000000001,678.9385876417161,0.0792402798716546,Loyal / High Value
0122-OAHPZ,1,0.67718333,0.67718333,High,Month-to-month,Fiber optic,7,73.85,516.9499999999999,350.0699224740266,0.03954178496212918,Automated Retention
2868-SNELZ,1,0.71189547,0.71189547,High,Month-to-month,Fiber optic,2,80.6,161.2,114.7575490951538,0.011882726267952712,Automated Retention
4322-RCYMT,1,0.074374996,0.074374996,Low,One year,DSL,68,75.8,5154.4,383.3584800302982,0.04477215750458728,Loyal / High Value
6680-NENYN,1,0.24940228,0.24940228,Low,Two year,Fiber optic,43,104.6,4497.8,1121.7615957736969,0.13093970752330267,Loyal / High Value
2088-IEBAU,0,0.03785749,0.03785749,Low,Two year,DSL,68,88.15,5994.200000000001,226.92537568733098,0.02651604168776937,Loyal / High Value
7982-VCELR,0,0.3159365,0.3159365,Medium,Month-to-month,Fiber optic,36,94.8,3412.7999999999997,1078.2281069755554,0.12569023122967674,Loyal / High Value
1343-EHPYB,1,0.4481677,0.4481677,Medium,Month-to-month,Fiber optic,63,103.4,6514.200000000001,2919.454106229544,0.34122146395037184,Loyal / High Value
6035-BXTTY,0,0.13949136,0.13949136,Low,Month-to-month,DSL,32,54.65,1748.8,243.94249799251557,0.028286766262958347,Loyal / High Value
6885-PKOAM,0,0.015347929,0.015347929,Low,Two year,DSL,71,85.75,6088.25,93.44202715181746,0.010919153939833066,Loyal / High Value
7520-HQWJU,0,0.06932715,0.06932715,Low,Month-to-month,DSL,66,67.45,4451.7,308.6236881919205,0.03602310785241578,Loyal / High Value
9639-BUJXT,0,0.019574944,0.019574944,Low,One year,No,63,20.5,1291.5,25.281040085479617,0.002920225893144844,Low Priority
5924-SNGKP,0,0.024987895,0.024987895,Low,One year,No,41,20.25,830.25,20.746199858374894,0.00237673802414559,Low Priority
0021-IKXGC,0,0.8337265,0.8337265,Critical,Month-to-month,Fiber optic,1,72.1,72.1,60.11168247461318,0.005208836247989403,Automated Retention
2034-GDRCN,1,0.7720727,0.7720727,High,Month-to-month,Fiber optic,2,90.4,180.8,139.5907392501831,0.014660982394120071,Automated Retention
8966-SNIZF,0,0.014897403,0.014897403,Low,Two year,No,70,19.45,1361.5,20.28281460283324,0.0023446576590229707,Low Priority
6243-OZGFH,0,0.42098257,0.42098257,Medium,Month-to-month,DSL,23,44.95,1033.8500000000001,435.23282943218953,0.05008889219880144,Low Priority
4654-DLAMQ,0,0.091506004,0.091506004,Low,One year,Fiber optic,64,97.0,6208.0,568.0692749023438,0.06638561539066883,Loyal / High Value
0513-RBGPE,0,0.02058394,0.02058394,Low,Two year,DSL,37,62.8,2323.6,47.8288445405662,0.005560983971302066,Loyal / High Value
5160-UXJED,0,0.06389863,0.06389863,Low,One year,DSL,17,44.6,758.2,48.44794159978628,0.005538101011289134,Low Priority
4115-NZRKS,0,0.7390163,0.7390163,High,Month-to-month,Fiber optic,7,89.15,624.0500000000001,461.183118569851,0.05242985889835413,Automated Retention
0219-YTZUE,1,0.7326445,0.7326445,High,Month-to-month,Fiber optic,4,84.8,339.2,248.51301383972168,0.02751539024648054,Automated Retention
0623-IIHUG,1,0.468205,0.468205,Medium,Month-to-month,DSL,21,41.9,879.9,411.9735838383436,0.04725845481827296,Low Priority
4572-DVCGN,1,0.5430478,0.5430478,Medium,Month-to-month,Fiber optic,10,80.25,802.5,435.79584807157516,0.04988589526670416,Low Priority
3351-NGXYI,0,0.3517186,0.3517186,Medium,Month-to-month,DSL,16,54.1,865.6,304.44762411117557,0.034911303725778296,Low Priority
8984-EYLLL,0,0.11821729,0.11821729,Low,Two year,Fiber optic,64,105.25,6736.0,796.3116617202759,0.0930805955409154,Loyal / High Value
9057-MSWCO,1,0.26485348,0.26485348,Low,Month-to-month,DSL,27,30.75,830.25,219.8945996761322,0.025191691004729146,Low Priority
9833-TGFHX,0,0.20844749,0.20844749,Low,One year,Fiber optic,42,97.1,4078.2,850.0905380666255,0.09918554544809363,Loyal / High Value
9294-TDIPC,0,0.11499132,0.11499132,Low,Month-to-month,No,5,20.2,101.0,11.614123538136482,0.0011079668372014323,Low Priority
5229-DTFYB,0,0.06272736,0.06272736,Low,Two year,Fiber optic,41,98.8,4050.7999999999997,254.09599765539167,0.029646090028523853,Loyal / High Value
0104-PPXDV,0,0.046106577,0.046106577,Low,One year,DSL,58,50.3,2917.3999999999996,134.51132750511167,0.015665383985725808,Loyal / High Value
5176-LMJXE,0,0.01601007,0.01601007,Low,Two year,No,47,20.55,965.85,15.463326321635396,0.0017772806875358965,Low Priority
3583-KRKMD,0,0.27273512,0.27273512,Low,Month-to-month,Fiber optic,18,75.9,1366.2,372.6107193946838,0.04307521792479412,Low Priority
1010-DIAUQ,1,0.6938516,0.6938516,High,Month-to-month,Fiber optic,5,96.5,482.5,334.7833922505379,0.0377132152986209,Automated Retention
9069-LGEUL,0,0.12760955,0.12760955,Low,Month-to-month,DSL,23,59.95,1378.8500000000001,175.95442933142186,0.02034360579678206,Low Priority
7302-ZHMHP,0,0.21845788,0.21845788,Low,Month-to-month,No,1,19.15,19.15,4.183468356728554,8.962426994160736e-06,Low Priority
9571-EDEBV,0,0.15419672,0.15419672,Low,One year,Fiber optic,71,98.65,7004.150000000001,1080.01698647514,0.126256340029349,Loyal / High Value
3520-FJGCV,0,0.025138602,0.025138602,Low,Two year,Fiber optic,72,112.6,8107.2,203.80367138385773,0.023833817712940266,Loyal / High Value
6563-VRERX,0,0.022488814,0.022488814,Low,One year,No,33,20.6,679.8000000000001,15.287895653396847,0.0017424402139285847,Low Priority
0259-GBZSH,1,0.8085101,0.8085101,Critical,Month-to-month,Fiber optic,2,85.65,171.3,138.49778435826303,0.014452573379385722,Automated Retention
6122-EFVKN,0,0.020902773,0.020902773,Low,Two year,DSL,24,35.75,858.0,17.93457954749465,0.0020561711609416652,Low Priority
2805-EDJPQ,0,0.1399984,0.1399984,Low,One year,Fiber optic,56,99.75,5586.0,782.0310968756676,0.09135867484523134,Loyal / High Value
6862-CQUMB,0,0.35027108,0.35027108,Medium,Month-to-month,Fiber optic,37,96.1,3555.7,1245.4588648051024,0.14521682396110505,Loyal / High Value
7156-MXBJE,0,0.096931875,0.096931875,Low,One year,DSL,43,85.1,3659.2999999999997,354.70280928015706,0.041363523306781995,Loyal / High Value
6158-HDPXZ,0,0.5589771,0.5589771,Medium,Month-to-month,DSL,1,25.35,25.35,14.170070171356201,0.0004291659065949139,Low Priority
9601-BRXPO,1,0.4981812,0.4981812,Medium,Month-to-month,Fiber optic,25,104.95,2623.75,1307.1029079332948,0.1521165957291864,Loyal / High Value
2863-IMQDR,0,0.030247306,0.030247306,Low,Two year,DSL,61,89.65,5468.650000000001,165.41193242436276,0.019322402834663372,Loyal / High Value
5686-CMAWK,0,0.21213773,0.21213773,Low,One year,Fiber optic,17,86.75,1474.75,312.8501157388091,0.03620380795608286,Loyal / High Value
5651-CRHKQ,0,0.08528674,0.08528674,Low,One year,Fiber optic,41,86.2,3534.2000000000003,301.4203840970993,0.03514358981750732,Loyal / High Value
6905-NIQIN,1,0.47721112,0.47721112,Medium,Month-to-month,DSL,1,50.65,50.65,24.170743113756178,0.0017815986145161991,Low Priority
8204-YJCLA,0,0.020902634,0.020902634,Low,Two year,DSL,72,64.8,4665.599999999999,97.52332763671873,0.011385310170172927,Loyal / High Value
5167-ZFFMM,1,0.83752924,0.83752924,Critical,Month-to-month,Fiber optic,1,90.85,90.85,76.08953163921832,0.007073328709781773,Automated Retention
6583-SZVGP,0,0.27554286,0.27554286,Low,Two year,Fiber optic,48,108.1,5188.799999999999,1429.73676738739,0.16698196756710076,Loyal / High Value
4895-TMWIR,1,0.14187142,0.14187142,Low,Month-to-month,No,11,19.95,219.45,31.133683674037457,0.0033367522658580393,Low Priority
0533-BNWKF,1,0.41892833,0.41892833,Medium,Month-to-month,Fiber optic,55,85.45,4699.75,1968.8583962470293,0.22986010687051245,Loyal / High Value
1708-PBBOA,0,0.11239759,0.11239759,Low,One year,DSL,42,54.75,2299.5,258.45825542137027,0.030047962860105068,Loyal / High Value
8782-LKFPK,0,0.3394177,0.3394177,Medium,Month-to-month,Fiber optic,44,90.4,3977.6000000000004,1350.0678276062013,0.15750266960350445,Loyal / High Value
5522-JBWMO,0,0.54313666,0.54313666,Medium,Month-to-month,DSL,1,44.0,44.0,23.89801287651062,0.0016043515259711613,Low Priority
3597-MVHJT,0,0.46936175,0.46936175,Medium,Month-to-month,Fiber optic,27,95.6,2581.2,1211.5165549635885,0.1409757776187267,Loyal / High Value
9774-NRNAU,0,0.21301593,0.21301593,Low,Month-to-month,DSL,27,84.8,2289.6,487.7212707281112,0.056699710622826686,Loyal / High Value
0224-RLWWD,0,0.6430491,0.6430491,High,Month-to-month,DSL,2,44.3,88.6,56.97415211200714,0.005261256170178925,Automated Retention
9967-ATRFS,0,0.073243394,0.073243394,Low,Month-to-month,No,19,19.9,378.09999999999997,27.693327458202837,0.003084718637672844,Low Priority
3951-NJCVI,0,0.54851764,0.54851764,Medium,Month-to-month,Fiber optic,42,95.05,3992.1,2189.7372882306577,0.2554652518421601,Loyal / High Value
2977-CEBSX,0,0.022887964,0.022887964,Low,Two year,DSL,66,90.05,5943.3,136.03003526218237,0.015894568354125074,Loyal / High Value
0177-PXBAT,0,0.34437117,0.34437117,Medium,Month-to-month,Fiber optic,33,109.9,3626.7000000000003,1248.930921533704,0.14563680883596208,Loyal / High Value
6599-CEBNN,1,0.2995019,0.2995019,Low,Month-to-month,Fiber optic,34,73.95,2514.3,753.0376168727876,0.08760865777730942,Loyal / High Value
2519-ERQOJ,0,0.25517547,0.25517547,Low,Month-to-month,DSL,33,54.6,1801.8,459.7751641988754,0.05333105135717431,Loyal / High Value
5876-QMYLD,0,0.025889695,0.025889695,Low,One year,No,23,20.05,461.15000000000003,11.93903270661831,0.0013424027623819706,Low Priority
2277-AXSDC,0,0.028582893,0.028582893,Low,One year,No,32,19.75,632.0,18.06438857316971,0.0020544624647065514,Low Priority
9442-JTWDL,0,0.04967985,0.04967985,Low,One year,No,11,20.05,220.55,10.956890762411058,0.0011748534315959142,Low Priority
0979-PHULV,1,0.3520503,0.3520503,Medium,Month-to-month,Fiber optic,69,99.45,6862.05,2415.7867913961413,0.28239500254046085,Loyal / High Value
3067-SVMTC,0,0.028052561,0.028052561,Low,One year,DSL,68,55.9,3801.2,106.63339481651782,0.012437407008392506,Loyal / High Value
5495-GPSRW,0,0.021107944,0.021107944,Low,Two year,No,20,19.7,394.0,8.31652982905507,0.0009283219813107214,Low Priority
7606-BPHHN,0,0.012363419,0.012363419,Low,Two year,No,72,19.8,1425.6000000000001,17.625290036201477,0.002038735202573022,Loyal / High Value
4742-DRORA,0,0.07241981,0.07241981,Low,One year,Fiber optic,60,95.4,5724.0,414.5309770703316,0.04843040658908617,Loyal / High Value
0111-KLBQG,0,0.37287515,0.37287515,Medium,Month-to-month,Fiber optic,32,93.95,3006.4,1121.011863040924,0.13057973205942636,Loyal / High Value
4800-VHZKI,1,0.45051923,0.45051923,Medium,Month-to-month,No,1,19.9,19.9,8.965332755446433,5.808926731716921e-05,Low Priority
7989-CHGTL,1,0.41654813,0.41654813,Medium,Month-to-month,No,1,19.6,19.6,8.164343404769898,3.9061152747226527e-05,Low Priority
0334-GDDSO,1,0.76256436,0.76256436,High,Month-to-month,Fiber optic,3,81.35,244.04999999999998,186.1038323253393,0.02013405175552621,Automated Retention
4163-NCJAK,0,0.04068413,0.04068413,Low,One year,No,46,24.45,1124.7,45.75744105912745,0.005273886371708901,Low Priority
5233-AOZUF,0,0.4637832,0.4637832,Medium,Month-to-month,Fiber optic,29,74.95,2173.55,1008.055984261632,0.11713907305138646,Loyal / High Value
5973-EJGDP,0,0.34080598,0.34080598,Medium,Month-to-month,Fiber optic,51,87.35,4454.849999999999,1518.2395092353222,0.17721215735849155,Loyal / High Value
1996-DBMUS,0,0.2771048,0.2771048,Low,Month-to-month,Fiber optic,48,70.65,3391.2000000000003,939.7177807331086,0.10954006594470901,Loyal / High Value
7916-VCCPB,0,0.29821262,0.29821262,Low,Month-to-month,Fiber optic,16,73.25,1172.0,349.50518786907196,0.040310717209480526,Low Priority
4686-GEFRM,0,0.0672846,0.0672846,Low,Two year,Fiber optic,70,98.7,6909.0,464.86929412186146,0.054342219577745904,Loyal / High Value
5249-QYHEX,0,0.018764613,0.018764613,Low,Two year,No,40,24.8,992.0,18.614496290683746,0.002140580640776699,Low Priority
0578-SKVMF,1,0.35502434,0.35502434,Medium,Month-to-month,Fiber optic,22,83.3,1832.6,650.6176013946533,0.07548095740864175,Loyal / High Value
5564-NEMQO,1,0.79986775,0.79986775,High,Month-to-month,Fiber optic,1,75.3,75.3,60.230041515827175,0.0052973236860700415,Automated Retention
2233-FAGXV,0,0.17253712,0.17253712,Low,Month-to-month,No,5,24.3,121.5,20.963259860873222,0.0020770304340279513,Low Priority
5605-IYGFG,0,0.50645095,0.50645095,Medium,Month-to-month,Fiber optic,7,69.85,488.94999999999993,247.62919254004953,0.027910248811349028,Low Priority
7663-ZTEGJ,0,0.14791435,0.14791435,Low,One year,Fiber optic,29,100.55,2915.95,431.3108489781618,0.05023092404322311,Loyal / High Value
3935-TBRZZ,0,0.03260717,0.03260717,Low,One year,No,44,25.7,1130.8,36.87218974083662,0.004250184606288441,Low Priority
8111-BKVDS,0,0.1881652,0.1881652,Low,Month-to-month,DSL,10,40.7,407.0,76.5832375138998,0.00856218723068817,Low Priority
2055-SIFSS,0,0.14870386,0.14870386,Low,Month-to-month,DSL,55,51.65,2840.75,422.43048534169793,0.04918825637735356,Loyal / High Value
2806-MLNTI,0,0.34721205,0.34721205,Medium,One year,Fiber optic,52,105.1,5465.2,1897.5832759022712,0.22166350448122615,Loyal / High Value
8734-DKSTZ,0,0.60180205,0.60180205,High,Month-to-month,Fiber optic,10,85.95,859.5,517.2488628923893,0.05930408199694335,Automated Retention
4360-PNRQB,0,0.40656146,0.40656146,Medium,Month-to-month,Fiber optic,18,75.6,1360.8,553.2488403081894,0.06395413128090414,Low Priority
6152-ONASV,0,0.031097917,0.031097917,Low,One year,DSL,68,58.25,3961.0,123.17884878627956,0.01437010126931953,Loyal / High Value
9063-ZGTUY,1,0.0701133,0.0701133,Low,Month-to-month,No,61,19.4,1183.3999999999999,82.9720807313919,0.009571215147620648,Low Priority
7781-HVGMK,0,0.014017558,0.014017558,Low,Two year,DSL,72,65.2,4694.400000000001,65.8040229856968,0.007682447123553656,Loyal / High Value
2181-UAESM,0,0.4249763,0.4249763,Medium,Month-to-month,DSL,2,53.45,106.9,45.429965323209764,0.004388645335344426,Low Priority
2957-LOLHO,1,0.22613183,0.22613183,Low,Month-to-month,DSL,12,45.4,544.8,123.19661915302275,0.013942392724611574,Low Priority
6048-NJXHX,0,0.029393777,0.029393777,Low,Two year,No,41,19.75,809.75,23.801611129194498,0.00272517443230391,Low Priority
2320-SLKMB,0,0.16544692,0.16544692,Low,Month-to-month,DSL,26,44.45,1155.7,191.20700796693563,0.022048083016444876,Low Priority
4980-URKXC,0,0.028049838,0.028049838,Low,One year,No,36,20.85,750.6,21.05420825108886,0.0024060942540895434,Low Priority
4376-KFVRS,0,0.025894238,0.025894238,Low,Two year,Fiber optic,72,114.05,8211.6,212.63312215134502,0.02486711253785156,Loyal / High Value
5886-VLQVU,0,0.2861085,0.2861085,Low,Month-to-month,Fiber optic,35,89.85,3144.75,899.7396858930588,0.10483412019522763,Loyal / High Value
3577-AMVUX,0,0.39906567,0.39906567,Medium,Month-to-month,DSL,1,55.05,55.05,21.968565317988393,0.0016956736050009592,Low Priority
0771-WLCLA,0,0.50878423,0.50878423,Medium,Month-to-month,Fiber optic,16,112.95,1807.2,919.4748686313629,0.10665671007857229,Loyal / High Value
5628-RKIFK,0,0.37541592,0.37541592,Medium,Month-to-month,Fiber optic,49,101.55,4975.95,1868.050853151083,0.21813965606624056,Loyal / High Value
0206-TBWLC,0,0.22067384,0.22067384,Low,One year,Fiber optic,54,114.65,6191.1,1366.213836939633,0.1596569261848661,Loyal / High Value
2937-FTHUR,0,0.19730593,0.19730593,Low,Month-to-month,DSL,18,64.8,1166.3999999999999,230.1376398324966,0.026541200335104702,Low Priority
1910-FMXJM,0,0.35786635,0.35786635,Medium,Month-to-month,Fiber optic,36,80.4,2894.4,1035.8083542823792,0.12062552360299379,Loyal / High Value
7752-XUSCI,1,0.42685357,0.42685357,Medium,Month-to-month,Fiber optic,60,105.9,6354.0,2712.2275670170784,0.3169780007444059,Loyal / High Value
4110-PFEUZ,1,0.73099285,0.73099285,High,Month-to-month,Fiber optic,1,69.55,69.55,50.84055297076702,0.0043484957945314415,Automated Retention
0732-OCQOC,0,0.01709505,0.01709505,Low,Two year,No,52,25.05,1302.6000000000001,22.268011925742034,0.002572513244173155,Low Priority
5168-MSWXT,0,0.69401985,0.69401985,High,Month-to-month,Fiber optic,8,94.75,758.0,526.0670493841171,0.060134503484577134,Automated Retention
1090-ESELR,0,0.042882424,0.042882424,Low,Two year,Fiber optic,72,105.5,7596.0,325.7348915487528,0.03808710403933936,Loyal / High Value
8592-PLTMQ,0,0.02340987,0.02340987,Low,One year,No,64,24.7,1580.8,37.00632174015045,0.004286175003884512,Loyal / High Value
5760-WRAHC,0,0.15571506,0.15571506,Low,Month-to-month,DSL,22,69.75,1534.5,238.94476450234652,0.02766519614050985,Loyal / High Value
8847-GEOOQ,0,0.09425406,0.09425406,Low,Month-to-month,DSL,60,60.2,3612.0,340.4456704258919,0.03969824808563782,Loyal / High Value
0256-LTHVJ,1,0.3977718,0.3977718,Medium,Month-to-month,Fiber optic,28,81.05,2269.4,902.7033354580403,0.10493543997493593,Loyal / High Value
4785-FCIFB,0,0.013582309,0.013582309,Low,Two year,No,61,24.4,1488.3999999999999,20.21590838320553,0.0023397131679252633,Loyal / High Value
8313-NDOIA,0,0.6578496,0.6578496,High,Month-to-month,Fiber optic,24,104.15,2499.6000000000004,1644.3608847856524,0.19129704052424484,Priority Retention
5149-CUZUJ,0,0.087607145,0.087607145,Low,One year,Fiber optic,28,92.9,2601.2000000000003,227.88370637893678,0.026518742034780468,Loyal / High Value
0942-KOWSM,0,0.023413109,0.023413109,Low,Two year,DSL,30,80.8,2424.0,56.75337539613247,0.0066008543878107616,Loyal / High Value
4237-CLSMM,0,0.15586464,0.15586464,Low,Month-to-month,No,2,20.0,40.0,6.234585642814636,0.0003873230484212956,Low Priority
1452-VOQCH,0,0.8441778,0.8441778,Critical,Month-to-month,Fiber optic,1,75.1,75.1,63.397751468420026,0.005570987569949318,Automated Retention
4719-UMSIY,0,0.10808309,0.10808309,Low,Month-to-month,No,6,19.65,117.89999999999999,12.74299650862813,0.0012555132203107308,Low Priority
6614-VBEGU,0,0.16783167,0.16783167,Low,Month-to-month,DSL,24,69.45,1666.8000000000002,279.7418345868588,0.03242059723269376,Loyal / High Value
0880-TKATG,1,0.7617556,0.7617556,High,Month-to-month,Fiber optic,4,101.15,404.6,308.20630996227266,0.03444829624808559,Automated Retention
3811-VBYBZ,1,0.8346194,0.8346194,Critical,Month-to-month,Fiber optic,7,99.8,698.6,583.0651148557663,0.06650579872485934,Automated Retention
1480-BKXGA,0,0.03506656,0.03506656,Low,Two year,Fiber optic,72,116.05,8355.6,293.0021479904652,0.03426750007784868,Loyal / High Value
2996-XAUVF,0,0.02174671,0.02174671,Low,Two year,DSL,70,40.05,2803.5,60.96690132468939,0.007098422634302842,Loyal / High Value
9076-AXYIK,0,0.08826536,0.08826536,Low,Two year,Fiber optic,64,102.1,6534.4,576.7611644744873,0.06741159223998208,Loyal / High Value
5968-XQIVE,0,0.12583147,0.12583147,Low,One year,Fiber optic,72,89.7,6458.400000000001,812.6699651598931,0.09498128440616749,Loyal / High Value
8896-RAZCR,0,0.014882261,0.014882261,Low,Two year,No,44,19.9,875.5999999999999,13.030907673388718,0.0014946456732744012,Low Priority
4640-UHDOS,1,0.24750209,0.24750209,Low,Month-to-month,DSL,13,55.95,727.35,180.02064410448074,0.0205560301997142,Low Priority
4933-IKULF,0,0.039534897,0.039534897,Low,One year,No,17,20.65,351.04999999999995,13.87872545570135,0.0015396977446774898,Low Priority
3583-EKAPL,1,0.6702871,0.6702871,High,Month-to-month,DSL,1,55.0,55.0,36.865788996219635,0.0028441944896660616,Automated Retention
1304-BCCFO,0,0.30185142,0.30185142,Medium,Month-to-month,DSL,9,70.05,630.4499999999999,190.302228744328,0.02164143637686951,Low Priority
4104-PVRPS,0,0.07821875,0.07821875,Low,Month-to-month,DSL,24,53.6,1286.4,100.62060084342957,0.011622056490423777,Low Priority
9399-APLBT,1,0.77812546,0.77812546,High,Month-to-month,Fiber optic,1,74.7,74.7,58.12597222924233,0.00509860435680997,Automated Retention
2359-KMGLI,1,0.48167196,0.48167196,Medium,Month-to-month,Fiber optic,24,80.25,1926.0,927.7001933455467,0.10768060302340886,Loyal / High Value
3780-DDGSE,0,0.16815862,0.16815862,Low,Month-to-month,DSL,35,76.05,2661.75,447.596208371222,0.05209523001500591,Loyal / High Value
4431-EDMIQ,0,0.228699,0.228699,Low,Month-to-month,DSL,7,75.7,529.9,121.18759940564632,0.013701244635019793,Low Priority
0306-JAELE,1,0.71077514,0.71077514,High,Month-to-month,Fiber optic,5,96.1,480.5,341.5274533033371,0.03846643857003957,Automated Retention
6227-HWPWX,1,0.32251212,0.32251212,Medium,Month-to-month,Fiber optic,15,69.0,1035.0,333.80004420876503,0.03841626223187896,Low Priority
0486-LGCCH,0,0.025918636,0.025918636,Low,Two year,No,11,19.65,216.14999999999998,5.602313273213803,0.0005995689829752415,Low Priority
0447-BEMNG,1,0.16642573,0.16642573,Low,Month-to-month,DSL,48,45.3,2174.3999999999996,361.87611765861504,0.04205121364464055,Loyal / High Value
4612-SSVHJ,0,0.49734896,0.49734896,Medium,Month-to-month,Fiber optic,20,81.45,1629.0,810.1814627051353,0.09387088594545973,Loyal / High Value
5168-MQQCA,0,0.17591742,0.17591742,Low,One year,Fiber optic,72,108.5,7812.0,1374.266860127449,0.1606995044883958,Loyal / High Value
5949-XIKAE,1,0.61822504,0.61822504,High,Month-to-month,Fiber optic,8,83.55,668.4,413.22161543369293,0.04707414955906821,Automated Retention
7971-HLVXI,0,0.02804248,0.02804248,Low,Two year,Fiber optic,72,84.5,6084.0,170.61045044660568,0.019936615225998017,Loyal / High Value
9094-AZPHK,0,0.7409058,0.7409058,High,Month-to-month,Fiber optic,15,100.15,1502.25,1113.0257700830698,0.1288326074458681,Priority Retention
3649-JPUGY,0,0.017526546,0.017526546,Low,Two year,DSL,72,88.6,6379.2,111.80534538924694,0.01306684245067227,Loyal / High Value
8372-JUXUI,1,0.82185763,0.82185763,Critical,Month-to-month,Fiber optic,1,74.35,74.35,61.1051148802042,0.00535143841587605,Automated Retention
3552-CTCYF,0,0.11417255,0.11417255,Low,Two year,Fiber optic,63,104.8,6602.4,753.8128312826157,0.08810793175393489,Loyal / High Value
6778-YSNIH,0,0.5198034,0.5198034,Medium,Month-to-month,DSL,2,59.0,118.0,61.33680176734924,0.006044225637302842,Low Priority
0388-EOPEX,1,0.49971864,0.49971864,Medium,Month-to-month,Fiber optic,2,74.4,148.8,74.35813307762146,0.007614804800692037,Low Priority
5756-OZRIO,0,0.06352459,0.06352459,Low,One year,DSL,61,64.05,3907.0499999999997,248.19374522790312,0.028952490031388733,Loyal / High Value
6579-JPICP,0,0.30868435,0.30868435,Medium,Month-to-month,No,1,20.4,20.4,6.297160720825195,5.7892788645922385e-05,Low Priority
8205-OTCHB,1,0.20029204,0.20029204,Low,One year,DSL,22,43.75,962.5,192.78108458966017,0.02215580390965383,Low Priority
4134-BSXLX,0,0.07023055,0.07023055,Low,Month-to-month,DSL,28,60.9,1705.2,119.75713567435741,0.013882783349863318,Loyal / High Value
0505-SPOOW,0,0.013422723,0.013422723,Low,Two year,No,70,19.8,1386.0,18.603893978521228,0.002151109666573352,Low Priority
6235-VDHOM,1,0.50663555,0.50663555,Medium,Month-to-month,DSL,5,28.45,142.25,72.06890651583672,0.007331226350123374,Low Priority
7783-YKGDV,1,0.6396351,0.6396351,High,Month-to-month,Fiber optic,12,99.7,1196.4,765.25941696167,0.08829171480492194,Automated Retention
4374-YMUSQ,0,0.22797288,0.22797288,Low,One year,Fiber optic,34,116.25,3952.5,901.0628082230687,0.10511732441848262,Loyal / High Value
4513-CXYIX,0,0.029273357,0.029273357,Low,Two year,Fiber optic,71,80.7,5729.7,167.7275549914688,0.019595978980133235,Loyal / High Value
3957-HHLMR,0,0.048214458,0.048214458,Low,One year,DSL,70,65.2,4564.0,220.05078598856926,0.025687400855624237,Loyal / High Value
7803-XOCCZ,0,0.13706204,0.13706204,Low,Month-to-month,Fiber optic,52,84.05,4370.599999999999,599.0433649241924,0.06991590849079878,Loyal / High Value
5736-YEJAX,0,0.02289393,0.02289393,Low,Two year,DSL,69,79.45,5482.05,125.50566815631464,0.014660922528490572,Loyal / High Value
5609-CEBID,1,0.6225356,0.6225356,High,Month-to-month,Fiber optic,20,94.1,1882.0,1171.6119735240936,0.13596074461981666,Priority Retention
8981-FJGLA,0,0.5328002,0.5328002,Medium,Month-to-month,Fiber optic,11,78.0,858.0,457.14256954193115,0.05241067210087987,Low Priority
7218-HKQFK,1,0.69837534,0.69837534,High,Month-to-month,Fiber optic,2,94.2,188.4,131.57391486167907,0.013883680887715938,Automated Retention
4636-QRJKY,1,0.65104336,0.65104336,High,Month-to-month,Fiber optic,6,80.5,483.0,314.45394068956375,0.03542459743140741,Automated Retention
1135-LMECX,0,0.34512448,0.34512448,Medium,Month-to-month,No,1,19.85,19.85,6.850720989704133,4.247710840959616e-05,Low Priority
4332-MUOEZ,0,0.15854684,0.15854684,Low,One year,Fiber optic,20,94.3,1886.0,299.0193311572075,0.03470070454985775,Loyal / High Value
8535-SFUTN,0,0.30587745,0.30587745,Medium,Month-to-month,Fiber optic,61,106.45,6493.45,1986.1999090552329,0.2321419510794754,Loyal / High Value
5956-VKDTT,1,0.7299694,0.7299694,High,Month-to-month,Fiber optic,5,74.35,371.75,271.3661178648472,0.03020005315522658,Automated Retention
8677-HDZEE,0,0.32245442,0.32245442,Medium,Month-to-month,Fiber optic,56,105.45,5905.2,1904.1578570008278,0.2224887136456578,Loyal / High Value
2475-MROZF,0,0.23469228,0.23469228,Low,Month-to-month,Fiber optic,30,95.0,2850.0,668.8729852437973,0.07788596803075105,Loyal / High Value
9412-GHEEC,1,0.3683135,0.3683135,Medium,Month-to-month,Fiber optic,40,104.8,4192.0,1543.9701557159424,0.18016760386330957,Loyal / High Value
3482-ABPKK,0,0.037968744,0.037968744,Low,One year,DSL,28,54.3,1520.3999999999999,57.72767775803804,0.006682983094816558,Loyal / High Value
6705-LXORM,0,0.60139215,0.60139215,High,Month-to-month,Fiber optic,5,70.05,350.25,210.63760051131248,0.023364992977859867,Automated Retention
0257-ZESQC,1,0.28122538,0.28122538,Low,Month-to-month,Fiber optic,27,75.2,2030.4,571.0000182151795,0.06631106772898107,Loyal / High Value
7531-GQHME,0,0.10460914,0.10460914,Low,Month-to-month,No,12,20.05,240.60000000000002,25.16895890682936,0.002719700287025637,Low Priority
5174-ITUMV,0,0.29162723,0.29162723,Low,One year,Fiber optic,67,105.4,7061.8,2059.4131605267526,0.24075517730629498,Loyal / High Value
4109-CYRBD,0,0.2625551,0.2625551,Low,Month-to-month,DSL,29,51.6,1496.4,392.8874405264855,0.045474423854335845,Loyal / High Value
0913-XWSCN,0,0.22358584,0.22358584,Low,Month-to-month,Fiber optic,55,85.5,4702.5,1051.4124315977097,0.12275049438880335,Loyal / High Value
6825-UYPFK,1,0.2930284,0.2930284,Low,Month-to-month,Fiber optic,23,75.6,1738.8,509.5178066968918,0.05907830932447987,Loyal / High Value
8397-MVTAZ,1,0.6030189,0.6030189,High,Month-to-month,Fiber optic,34,100.05,3401.7,2051.289323723316,0.23911672083427601,Priority Retention
0750-EBAIU,0,0.1565124,0.1565124,Low,One year,Fiber optic,52,91.25,4745.0,742.6513121277094,0.08670631084844067,Loyal / High Value
8606-CIQUL,0,0.033661082,0.033661082,Low,Two year,Fiber optic,72,115.75,8334.0,280.5314606130123,0.03280882317424715,Loyal / High Value
3571-DPYUH,0,0.0904515,0.0904515,Low,One year,Fiber optic,58,94.7,5492.6,496.8139160946012,0.05803561373194575,Loyal / High Value
7601-GNDYK,0,0.015757153,0.015757153,Low,Two year,No,35,19.6,686.0,10.809406828135252,0.001232320465502418,Low Priority
0356-OBMAC,0,0.092338935,0.092338935,Low,Two year,Fiber optic,56,99.9,5594.400000000001,516.580935394764,0.060348481271731744,Loyal / High Value
8067-NIOYM,0,0.017639471,0.017639471,Low,Two year,No,24,21.1,506.40000000000003,8.932628224790097,0.0010081824556793751,Low Priority
1403-GYAFU,0,0.011429524,0.011429524,Low,Two year,No,70,20.05,1403.5,16.04133700300008,0.0018551272916911827,Loyal / High Value
4234-XTNEA,0,0.7277494,0.7277494,High,Month-to-month,Fiber optic,2,79.95,159.9,116.36713022589684,0.012036459275227196,Automated Retention
1297-VQDRP,0,0.21694507,0.21694507,Low,One year,Fiber optic,68,107.15,7286.200000000001,1580.7051475256683,0.18480712915711323,Loyal / High Value
9282-IZGQK,1,0.8726758,0.8726758,Critical,Month-to-month,Fiber optic,1,85.0,85.0,74.17744100093842,0.006771747984232441,Automated Retention
5348-CAGXB,0,0.71066564,0.71066564,High,Month-to-month,Fiber optic,12,89.55,1074.6,763.6813001990317,0.08795020467303385,Automated Retention
0621-HJWXJ,0,0.18345477,0.18345477,Low,Month-to-month,Fiber optic,63,81.55,5137.65,942.5263830073177,0.1100756556393204,Loyal / High Value
5844-QVTAT,0,0.041125786,0.041125786,Low,One year,DSL,33,58.45,1928.8500000000001,79.3254714762792,0.009207650354904607,Loyal / High Value
8905-IAZPF,0,0.15609108,0.15609108,Low,One year,Fiber optic,69,95.65,6599.85,1030.1777085028589,0.12041016459765104,Loyal / High Value
5394-MEITZ,0,0.017013134,0.017013134,Low,Two year,DSL,60,80.6,4836.0,82.27551812678576,0.00960658186414703,Loyal / High Value
6859-QNXIQ,0,0.020022202,0.020022202,Low,Two year,Fiber optic,72,113.1,8143.2,163.04479763209818,0.01906746767502521,Loyal / High Value
2782-LFZVW,0,0.27554157,0.27554157,Low,Month-to-month,DSL,11,58.95,648.45,178.67493350654843,0.02033650036569369,Low Priority
2866-IKBTM,0,0.31937504,0.31937504,Medium,Month-to-month,No,1,19.55,19.55,6.243781995773316,2.8077090984882486e-05,Low Priority
1342-JPNKI,1,0.70320034,0.70320034,High,Month-to-month,Fiber optic,10,86.05,860.5,605.1038928031921,0.06937871886793152,Automated Retention
2817-NTQDO,1,0.22874144,0.22874144,Low,Month-to-month,DSL,13,45.55,592.15,135.44924203604458,0.015372855286096452,Low Priority
7129-AZJDE,0,0.15161522,0.15161522,Low,One year,Fiber optic,34,78.95,2684.3,406.9807278737426,0.04737086948940065,Loyal / High Value
6986-IJDHX,1,0.28889474,0.28889474,Low,Month-to-month,Fiber optic,39,86.3,3365.7,972.3330355972051,0.11333714066414245,Loyal / High Value
2560-PPCHE,0,0.20725623,0.20725623,Low,One year,Fiber optic,65,105.05,6828.25,1415.1973370090127,0.16542818359992223,Loyal / High Value
4676-MQUEA,0,0.17038542,0.17038542,Low,One year,Fiber optic,50,101.9,5095.0,868.1137165427208,0.10138204128852439,Loyal / High Value
8138-EALND,0,0.10047137,0.10047137,Low,Month-to-month,No,15,19.75,296.25,29.764643339440227,0.003267510031988887,Low Priority
3580-HYCSP,0,0.030207729,0.030207729,Low,Two year,Fiber optic,72,110.3,7941.599999999999,239.8977003648877,0.028053473727061462,Loyal / High Value
1352-HNSAW,0,0.02212613,0.02212613,Low,Two year,Fiber optic,72,115.6,8323.199999999999,184.16021153926846,0.021537912636087047,Loyal / High Value
2075-PUEPR,0,0.024715636,0.024715636,Low,Two year,No,55,19.35,1064.25,26.30361553374678,0.003028760500087536,Low Priority
1982-FEBTD,0,0.024256222,0.024256222,Low,Two year,No,23,25.6,588.8000000000001,14.282063484191896,0.0016206449868167289,Low Priority
5301-GAUUY,1,0.33827582,0.33827582,Medium,Month-to-month,Fiber optic,32,80.35,2571.2,869.7747884273529,0.10120677079555464,Loyal / High Value
5791-KAJFD,0,0.04931339,0.04931339,Low,One year,DSL,56,68.75,3850.0,189.85654674470425,0.022145706938757136,Loyal / High Value
2654-VBVPB,0,0.3479921,0.3479921,Medium,Month-to-month,No,1,19.9,19.9,6.9250426381826395,4.486957305046006e-05,Low Priority
1154-HYWWO,0,0.04841312,0.04841312,Low,One year,DSL,38,70.6,2682.7999999999997,129.88271889984605,0.01511775040321348,Loyal / High Value
2501-XWWTZ,0,0.44442979,0.44442979,Medium,Month-to-month,Fiber optic,11,70.2,772.2,343.1886799871922,0.03924810109116467,Low Priority
3716-UVSPD,0,0.5249191,0.5249191,Medium,Month-to-month,DSL,1,49.3,49.3,25.878511267900464,0.0018766448244072398,Low Priority
6815-ABQFQ,0,0.3571174,0.3571174,Medium,One year,Fiber optic,56,107.25,6006.0,2144.8471913337708,0.2506251622212174,Loyal / High Value
7343-EOBEU,0,0.21582109,0.21582109,Low,Month-to-month,No,3,23.6,70.80000000000001,15.280132985115054,0.001315488623258143,Low Priority
3701-SFMUH,0,0.20443328,0.20443328,Low,Month-to-month,DSL,7,69.7,487.90000000000003,99.74299596995115,0.011241050538923438,Low Priority
6103-LIANB,0,0.105115406,0.105115406,Low,Two year,Fiber optic,59,99.5,5870.5,617.0799921862781,0.07210050433109438,Loyal / High Value
7319-VENRZ,0,0.20278798,0.20278798,Low,Month-to-month,DSL,7,64.3,450.09999999999997,91.27486999481916,0.010252069575510867,Low Priority
5846-NEQVZ,0,0.014481071,0.014481071,Low,Two year,DSL,71,70.85,5030.349999999999,72.8448574302718,0.008506729802170373,Loyal / High Value
6967-QIQRV,0,0.27554372,0.27554372,Low,One year,Fiber optic,15,101.9,1528.5,421.1685753017664,0.04876082536742784,Loyal / High Value
5781-RFZRP,0,0.016391313,0.016391313,Low,Two year,DSL,71,73.5,5218.5,85.53806534316391,0.009990377515981138,Loyal / High Value
0939-YAPAF,1,0.58813536,0.58813536,Medium,Month-to-month,Fiber optic,35,100.25,3508.75,2063.6199502646923,0.24059487592194168,Loyal / High Value
0308-IVGOK,0,0.115808584,0.115808584,Low,One year,DSL,11,40.4,444.4,51.46533463895321,0.00577739746619326,Low Priority
7293-LSCDV,0,0.01867297,0.01867297,Low,Two year,No,60,19.25,1155.0,21.567279417067766,0.0024868983960349253,Low Priority
7025-WCBNE,0,0.03860249,0.03860249,Low,Two year,DSL,47,59.6,2801.2000000000003,108.13329492658377,0.012589971881446449,Loyal / High Value
5756-JYOJT,0,0.12593709,0.12593709,Low,One year,DSL,11,64.9,713.9000000000001,89.90648806840183,0.010261026677268224,Low Priority
4710-FDUIZ,1,0.21442491,0.21442491,Low,One year,Fiber optic,56,100.3,5616.8,1204.3818241596223,0.14070126545927797,Loyal / High Value
6030-REHUX,0,0.49607697,0.49607697,Medium,Month-to-month,Fiber optic,28,110.85,3103.7999999999997,1539.723703497648,0.1793882990010021,Loyal / High Value
9548-LIGTA,0,0.015495797,0.015495797,Low,Two year,DSL,61,81.05,4944.05,76.61199361481704,0.008946065340993587,Loyal / High Value
5150-LJNSR,0,0.1102514,0.1102514,Low,One year,Fiber optic,31,98.05,3039.5499999999997,335.11463343054055,0.03903810802336421,Loyal / High Value
8270-RKSAP,0,0.5419076,0.5419076,Medium,Month-to-month,Fiber optic,9,70.5,634.5,343.84037759900093,0.039109681470253954,Low Priority
6522-YRBXD,0,0.367029,0.367029,Medium,Month-to-month,Fiber optic,35,94.55,3309.25,1214.5907554775476,0.14156163377555983,Loyal / High Value
2640-LYMOV,0,0.18049793,0.18049793,Low,Month-to-month,No,2,19.65,39.3,7.093568627536296,0.00043372650433748123,Low Priority
1218-VKFPE,1,0.09555627,0.09555627,Low,Month-to-month,No,12,19.0,228.0,21.78682878613472,0.0023432074003592296,Low Priority
3627-FHKBK,1,0.6055004,0.6055004,High,Month-to-month,Fiber optic,1,75.3,75.3,45.59418012499809,0.004010077433860445,Automated Retention
2865-TCHJW,1,0.81571925,0.81571925,Critical,Month-to-month,Fiber optic,4,89.2,356.8,291.048627281189,0.032318209096040384,Automated Retention
1423-BMPBQ,0,0.28000313,0.28000313,Low,Month-to-month,No,1,19.0,19.0,5.3200594782829285,6.564214423198204e-06,Low Priority
2393-DIVAI,0,0.17768526,0.17768526,Low,Month-to-month,No,3,20.0,60.0,10.661115646362305,0.0008581011749619571,Low Priority
5192-EBGOV,1,0.8838021,0.8838021,Critical,Month-to-month,Fiber optic,1,85.7,85.7,75.74184133410454,0.006930603145496655,Automated Retention
4568-KNYWR,0,0.02379361,0.02379361,Low,Two year,DSL,52,63.25,3289.0,78.25718267448246,0.009120623453910444,Loyal / High Value
8752-IMQOS,0,0.04807106,0.04807106,Low,One year,No,5,20.1,100.5,4.831141563132405,0.00046035793662491825,Low Priority
0742-LAFQK,0,0.044563808,0.044563808,Low,Two year,Fiber optic,72,99.15,7138.8,318.1321093171835,0.03719222497834984,Loyal / High Value
0795-LAFGP,0,0.026171777,0.026171777,Low,Two year,DSL,71,90.4,6418.400000000001,167.98093604743482,0.019632514374573775,Loyal / High Value
0619-OLYUR,0,0.03481313,0.03481313,Low,Two year,Fiber optic,72,111.9,8056.8,280.4824129879475,0.03280053523230098,Loyal / High Value
5512-IDZEI,0,0.046435624,0.046435624,Low,One year,No,46,24.9,1145.3999999999999,53.18736414313316,0.006132123781548391,Low Priority
0459-SPZHJ,0,0.021887181,0.021887181,Low,Two year,DSL,63,83.5,5260.5,115.13751736935228,0.013447819575254294,Loyal / High Value
0215-BQKGS,0,0.25316852,0.25316852,Low,Month-to-month,Fiber optic,30,84.3,2529.0,640.2631954550743,0.07449170424053074,Loyal / High Value
9244-ZVAPM,0,0.5271634,0.5271634,Medium,Month-to-month,DSL,1,45.6,45.6,24.038650417327883,0.0016560365193693243,Low Priority
0719-SYFRB,1,0.16619602,0.16619602,Low,Month-to-month,DSL,12,61.65,739.8,122.95181445479392,0.014045776597406526,Low Priority
8208-EUMTE,0,0.03386934,0.03386934,Low,Two year,DSL,16,54.85,877.6,29.723733675479888,0.003409484019174624,Low Priority
5172-MIGPM,0,0.318216,0.318216,Medium,Month-to-month,DSL,4,65.55,262.2,83.43623415827751,0.009078883795124957,Low Priority
1710-RCXUS,0,0.1658886,0.1658886,Low,One year,Fiber optic,51,90.35,4607.849999999999,764.3897514156996,0.08923375912823565,Loyal / High Value
0374-FIUCA,0,0.0121997055,0.0121997055,Low,Two year,No,65,20.4,1326.0,16.176809448748827,0.0018693097085962372,Low Priority
5839-SUYVZ,0,0.356587,0.356587,Medium,Month-to-month,Fiber optic,16,74.55,1192.8,425.33696494102475,0.04907083757003715,Low Priority
5173-ZXXXL,0,0.058694977,0.058694977,Low,One year,No,2,19.95,39.9,2.341929594799876,0.00014516879469596422,Low Priority
1096-ADRUX,0,0.07543317,0.07543317,Low,One year,Fiber optic,66,74.25,4900.5,369.66026078537107,0.04316416414413008,Loyal / High Value
2001-MCUUW,0,0.22585668,0.22585668,Low,Two year,Fiber optic,46,108.65,4997.900000000001,1128.80908446759,0.1318176785148247,Loyal / High Value
2731-GJRDG,0,0.23368023,0.23368023,Low,One year,Fiber optic,32,109.55,3505.6,819.1894260644913,0.09550781105557665,Loyal / High Value
4723-BEGSG,0,0.013612964,0.013612964,Low,Two year,DSL,72,86.65,6238.8,84.92856099195778,0.009925055943498637,Loyal / High Value
6516-NKQBO,0,0.02217887,0.02217887,Low,Two year,DSL,38,81.0,3078.0,68.26656091958284,0.007953113063733913,Loyal / High Value
8672-OAUPW,0,0.03754923,0.03754923,Low,One year,DSL,51,47.85,2440.35,91.63326636236161,0.010658212304924874,Loyal / High Value
8207-DMRVL,0,0.026790205,0.026790205,Low,Two year,Fiber optic,72,114.55,8247.6,220.95489796847107,0.025840590081952473,Loyal / High Value
3419-SNJJD,1,0.26255208,0.26255208,Low,Month-to-month,Fiber optic,65,105.25,6841.25,1796.1844346672297,0.20996441948559447,Loyal / High Value
6543-CPZMK,1,0.3640246,0.3640246,Medium,Month-to-month,DSL,9,29.95,269.55,98.12283344417811,0.010699452689987874,Low Priority
4765-OXPPD,1,0.13313118,0.13313118,Low,Month-to-month,DSL,9,65.0,585.0,77.8817380964756,0.008835670478161304,Low Priority
2804-ETQDK,0,0.011123838,0.011123838,Low,Two year,No,66,20.55,1356.3,15.087261348031461,0.0017439672256484892,Low Priority
6689-VRRTK,0,0.2914046,0.2914046,Low,One year,Fiber optic,44,109.8,4831.2,1407.8339272499084,0.16437963248752419,Loyal / High Value
7138-GIRSH,0,0.02029532,0.02029532,Low,Two year,DSL,50,69.5,3475.0,70.52623727358878,0.008222135837409583,Loyal / High Value
9396-ZSFLL,0,0.21429962,0.21429962,Low,Month-to-month,DSL,15,48.85,732.75,157.02804596722126,0.017934078807940474,Low Priority
6464-KEXXH,0,0.3425609,0.3425609,Medium,Month-to-month,DSL,8,25.25,202.0,69.19729924201965,0.0073561930982850125,Low Priority
7134-MJPDY,0,0.23012513,0.23012513,Low,One year,Fiber optic,66,102.85,6788.099999999999,1562.1123896777628,0.1825987009152725,Loyal / High Value
5240-CAOYT,0,0.14468817,0.14468817,Low,Month-to-month,Fiber optic,57,87.55,4990.349999999999,722.0446297623216,0.08431691814618168,Loyal / High Value
4059-IIEBK,0,0.6502187,0.6502187,High,Month-to-month,Fiber optic,7,78.55,549.85,357.5227660536766,0.04047480471912892,Automated Retention
4881-JVQOD,0,0.3068302,0.3068302,Medium,Month-to-month,DSL,10,34.55,345.5,106.00983326137066,0.011749979551177295,Low Priority
0516-UXRMT,0,0.1039724,0.1039724,Low,One year,Fiber optic,62,92.05,5707.099999999999,593.380871168524,0.06932508792326102,Loyal / High Value
4851-BQDNX,0,0.21759643,0.21759643,Low,One year,Fiber optic,40,85.05,3402.0,740.2630433142185,0.08629175620006825,Loyal / High Value
5148-HKFIR,0,0.020832315,0.020832315,Low,Two year,No,20,19.7,394.0,8.207932144403458,0.0009161999039715246,Low Priority
1009-IRMNA,1,0.13295889,0.13295889,Low,Month-to-month,No,7,20.0,140.0,18.61424446105957,0.0018889039464222248,Low Priority
3003-CMDUU,0,0.4426862,0.4426862,Medium,Month-to-month,Fiber optic,25,95.15,2378.75,1053.0397985875607,0.12245842296803412,Loyal / High Value
5016-IBERQ,0,0.38169813,0.38169813,Medium,Month-to-month,Fiber optic,23,84.25,1937.75,739.635554432869,0.08585657698325169,Loyal / High Value
6797-UCJHZ,0,0.23049259,0.23049259,Low,One year,Fiber optic,66,104.6,6903.599999999999,1591.2286571502684,0.18601080697010264,Loyal / High Value
2469-DTSGX,0,0.049970314,0.049970314,Low,Two year,Fiber optic,72,111.65,8038.8,401.7013594329357,0.04697603121852615,Loyal / High Value
4554-YGZIH,1,0.34282187,0.34282187,Medium,Month-to-month,Fiber optic,49,90.05,4412.45,1512.6843438401818,0.17655655625870129,Loyal / High Value
5099-BAILX,1,0.40357557,0.40357557,Medium,Month-to-month,Fiber optic,43,110.75,4762.25,1921.9277553334832,0.22439287962173285,Loyal / High Value
9931-KGHOA,0,0.10776244,0.10776244,Low,Month-to-month,DSL,46,55.0,2530.0,272.63897582888603,0.0317203959510211,Loyal / High Value
1775-KWJKQ,0,0.014977636,0.014977636,Low,Two year,DSL,72,89.85,6469.2,96.89332161918283,0.011324519653254749,Loyal / High Value
7665-VIGUD,0,0.044683058,0.044683058,Low,One year,No,10,20.35,203.5,9.093002265319228,0.0009673856876406954,Low Priority
9411-TPQQV,0,0.0918954,0.0918954,Low,One year,DSL,40,54.55,2182.0,200.51576602458954,0.023301309602026282,Loyal / High Value
7207-RMRDB,1,0.3947156,0.3947156,Medium,Month-to-month,Fiber optic,65,105.5,6857.5,2706.7622761428356,0.31640819846306606,Loyal / High Value
7954-MLBUN,0,0.06899402,0.06899402,Low,Two year,Fiber optic,31,99.45,3082.9500000000003,212.70512291751803,0.02478057427875193,Loyal / High Value
2077-DDHJK,0,0.023173928,0.023173928,Low,Two year,DSL,68,70.9,4821.200000000001,111.72614293098451,0.013045113592423269,Loyal / High Value
4913-EHYUI,1,0.23152022,0.23152022,Low,One year,Fiber optic,56,104.55,5854.8,1355.5045877873897,0.15837772032532446,Loyal / High Value
0195-IESCP,1,0.71839434,0.71839434,High,Month-to-month,Fiber optic,10,85.25,852.5,612.431174069643,0.07020411671216852,Automated Retention
9574-BOSMD,0,0.013036813,0.013036813,Low,Two year,No,68,25.4,1727.1999999999998,22.517182818800208,0.0026106632995210994,Loyal / High Value
4580-TMHJU,1,0.17198884,0.17198884,Low,Month-to-month,DSL,43,56.15,2414.45,415.2584665000438,0.04829626268478751,Loyal / High Value
0970-ETWGE,1,0.846785,0.846785,Critical,Month-to-month,Fiber optic,1,89.55,89.55,75.82959754765034,0.007022463355705264,Automated Retention
4908-XAXAY,0,0.15925977,0.15925977,Low,One year,Fiber optic,49,89.85,4402.65,701.1650102779269,0.08183736481042879,Loyal / High Value
8404-VLQFB,0,0.17492785,0.17492785,Low,Month-to-month,No,15,25.25,378.75,66.25392151996493,0.007380588665455774,Low Priority
1626-ERCMM,1,0.6641545,0.6641545,High,Month-to-month,Fiber optic,20,94.55,1891.0,1255.9162154197693,0.14575090377248504,Priority Retention
0887-HJGAR,1,0.5709164,0.5709164,Medium,Month-to-month,DSL,1,45.7,45.7,26.090880131721498,0.0018001748339761402,Low Priority
2391-IPLOP,0,0.08837133,0.08837133,Low,One year,DSL,50,69.65,3482.5000000000005,307.7531532756985,0.03587909934010681,Loyal / High Value
5644-PDMZC,1,0.7480552,0.7480552,High,Month-to-month,Fiber optic,2,89.5,179.0,133.90188431739807,0.014047079682573729,Automated Retention
3509-GWQGF,0,0.26527122,0.26527122,Low,Month-to-month,Fiber optic,24,70.0,1680.0,445.6556439399719,0.05165375856471661,Loyal / High Value
9576-ANLXO,1,0.5838765,0.5838765,Medium,Month-to-month,Fiber optic,3,69.55,208.64999999999998,121.82582976222037,0.012993359871890564,Low Priority
2024-BASKD,1,0.7716131,0.7716131,High,Month-to-month,Fiber optic,1,74.6,74.6,57.56233882904052,0.005046888146289559,Automated Retention
5845-BZZIB,0,0.014115903,0.014115903,Low,Two year,No,35,20.1,703.5,9.930537475738674,0.0011329189922810977,Low Priority
1140-UKVZG,0,0.1047689,0.1047689,Low,Month-to-month,No,17,24.8,421.6,44.17056910991669,0.004946656244271068,Low Priority
4160-AMJTL,1,0.2099523,0.2099523,Low,Month-to-month,No,8,19.65,157.2,33.00450074672699,0.003406015285538803,Low Priority
5183-SNMJQ,0,0.57826704,0.57826704,Medium,Month-to-month,Fiber optic,10,95.1,951.0,549.9319530129433,0.06318695291412878,Low Priority
8100-PNJMH,0,0.020166537,0.020166537,Low,Two year,DSL,68,88.85,6041.799999999999,121.84218199662863,0.014237510679027347,Loyal / High Value
7838-LAZFO,0,0.087234154,0.087234154,Low,One year,DSL,45,78.8,3546.0,309.3323113024235,0.03606670916175493,Loyal / High Value
4464-JCOLN,1,0.06174229,0.06174229,Low,One year,No,2,19.85,39.7,2.4511689469218254,0.00015125819097642647,Low Priority
2085-JVGAD,0,0.059734564,0.059734564,Low,Month-to-month,No,37,20.35,752.95,44.977140170522034,0.005140441012068702,Low Priority
5650-VDUDS,1,0.45225567,0.45225567,Medium,Month-to-month,DSL,4,24.25,97.0,43.86879962682724,0.004145535575442536,Low Priority
8095-WANWK,0,0.20518872,0.20518872,Low,Month-to-month,DSL,10,45.25,452.5,92.84789644181728,0.010431164253463958,Low Priority
3030-ZKIWL,0,0.35376236,0.35376236,Medium,Month-to-month,No,1,20.05,20.05,7.092935286462307,5.1833616376806274e-05,Low Priority
9565-FLVCG,0,0.015245221,0.015245221,Low,Two year,DSL,65,69.55,4520.75,68.91983113554306,0.008044966826215952,Loyal / High Value
8755-OGKNA,0,0.018126482,0.018126482,Low,Two year,No,57,19.5,1111.5,20.14758490305394,0.002321690622508765,Low Priority
2800-VEQXM,0,0.61384803,0.61384803,High,Month-to-month,Fiber optic,3,74.75,224.25,137.6554208546877,0.014782806390663083,Automated Retention
7538-GWHML,1,0.5954637,0.5954637,Medium,Month-to-month,Fiber optic,2,69.65,139.3,82.94809245467187,0.008410701310906255,Low Priority
5533-RJFTJ,0,0.17460519,0.17460519,Low,Month-to-month,DSL,49,30.2,1479.8,258.3807612776756,0.029901793849810298,Loyal / High Value
3859-CVCET,1,0.36017698,0.36017698,Medium,Month-to-month,DSL,4,45.65,182.6,65.7683166384697,0.006915438555555511,Low Priority
0214-JHPFW,0,0.020318415,0.020318415,Low,Two year,DSL,70,57.8,4046.0,82.20830715447664,0.009591419841543632,Loyal / High Value
5642-MHDQT,0,0.03139287,0.03139287,Low,One year,No,53,19.85,1052.0500000000002,33.026867419295016,0.0038021241430818845,Low Priority
3088-FVYWK,0,0.018175723,0.018175723,Low,Two year,No,53,25.55,1354.15,24.61265534264967,0.00284496339901348,Low Priority
3276-HDUEG,1,0.8152633,0.8152633,Critical,Month-to-month,Fiber optic,1,75.05,75.05,61.18550851345062,0.005375393732700326,Automated Retention
9092-GDZKO,0,0.11667513,0.11667513,Low,Month-to-month,No,22,24.85,546.7,63.786294130235916,0.007219711373195428,Low Priority
0823-HSCDJ,1,0.39941683,0.39941683,Medium,Month-to-month,DSL,52,49.15,2555.7999999999997,1020.8295446336268,0.1187781915969906,Loyal / High Value
3729-OWRVL,0,0.14196675,0.14196675,Low,Two year,Fiber optic,65,110.35,7172.75,1018.2919720448554,0.11904808200886352,Loyal / High Value
2324-AALNO,0,0.03297147,0.03297147,Low,One year,No,48,24.55,1178.4,38.853582072258,0.004481634284409472,Low Priority
0822-GAVAP,1,0.69511753,0.69511753,High,Month-to-month,DSL,2,34.7,69.4,48.24115680456162,0.004122860462803727,Automated Retention
5760-IFJOZ,0,0.70316166,0.70316166,High,Month-to-month,Fiber optic,3,107.95,323.85,227.7189025729895,0.025142941605411497,Automated Retention
2826-UWHIS,0,0.22670747,0.22670747,Low,Month-to-month,Fiber optic,45,81.4,3663.0000000000005,830.429475054145,0.09684069938042437,Loyal / High Value
1448-PWKYE,1,0.7864158,0.7864158,High,Month-to-month,Fiber optic,1,80.0,80.0,62.913265228271484,0.005641486297311947,Automated Retention
7501-IWUNG,0,0.018136147,0.018136147,Low,Two year,DSL,61,73.8,4501.8,81.6453084088862,0.009530235938389002,Loyal / High Value
4957-TREIR,0,0.31420362,0.31420362,Medium,Month-to-month,DSL,3,64.4,193.20000000000002,60.70413937568665,0.006423142268437688,Low Priority
7251-LJBQN,0,0.3222472,0.3222472,Medium,One year,Fiber optic,40,103.75,4150.0,1337.3259097337723,0.15604694090386753,Loyal / High Value
8040-MNRTF,0,0.72795707,0.72795707,High,Month-to-month,Fiber optic,1,71.1,71.1,51.757747668027875,0.004462696309358619,Automated Retention
1536-HBSWP,0,0.54460984,0.54460984,Medium,Month-to-month,DSL,1,49.9,49.9,27.176031249761582,0.0019853439339941725,Low Priority
5313-FPXWG,0,0.033174746,0.033174746,Low,One year,No,51,24.6,1254.6000000000001,41.62103600353003,0.004805578439568421,Low Priority
0067-DKWBL,1,0.6005769,0.6005769,High,Month-to-month,DSL,2,49.25,98.5,59.15682244300842,0.005610696870808484,Automated Retention
0946-FKYTX,0,0.0678747,0.0678747,Low,One year,DSL,52,30.1,1565.2,106.23748017549515,0.012303244071018401,Loyal / High Value
5076-YVXCM,0,0.275271,0.275271,Low,Month-to-month,Fiber optic,51,83.4,4253.400000000001,1170.8376649260522,0.1366352412503126,Loyal / High Value
8262-COGGB,0,0.39607328,0.39607328,Medium,Month-to-month,No,1,20.45,20.45,8.099698612093926,7.66036331245573e-05,Low Priority
6663-JOCQO,0,0.067301676,0.067301676,Low,One year,DSL,31,75.25,2332.75,156.9979839362204,0.01825449086101453,Loyal / High Value
9620-QJREV,0,0.022703284,0.022703284,Low,One year,No,47,20.55,965.85,21.92796723553911,0.0025202955608662264,Low Priority
2276-YDAVZ,1,0.7074209,0.7074209,High,Month-to-month,Fiber optic,3,75.1,225.29999999999998,159.3819255173206,0.017123313586451864,Automated Retention
2682-KEVRP,0,0.038371798,0.038371798,Low,One year,No,22,20.05,441.1,16.925799943879248,0.0018994291715162532,Low Priority
2480-JZOSN,0,0.41429865,0.41429865,Medium,Month-to-month,No,1,20.65,20.65,8.555267196893691,8.984111369617512e-05,Low Priority
0078-XZMHT,0,0.016814798,0.016814798,Low,Two year,DSL,72,85.15,6130.8,103.08816429376603,0.01204661080377583,Loyal / High Value
5896-NPFWW,1,0.5041989,0.5041989,Medium,Month-to-month,DSL,3,50.15,150.45,75.8567258298397,0.0077805919852177614,Low Priority
9978-HYCIN,0,0.11602272,0.11602272,Low,One year,Fiber optic,47,84.95,3992.65,463.2381167329848,0.054043615151379065,Loyal / High Value
8338-QIUNR,0,0.013753887,0.013753887,Low,Two year,DSL,72,66.5,4788.0,65.85361222922802,0.007688840860445038,Loyal / High Value
1525-LNLOJ,0,0.022501973,0.022501973,Low,Two year,DSL,66,63.3,4177.8,94.0087446179241,0.010969817554076892,Loyal / High Value
9450-TRJUU,0,0.4395613,0.4395613,Medium,Month-to-month,Fiber optic,35,83.15,2910.25,1279.2332949489355,0.1489789879933944,Loyal / High Value
1766-GKNMI,0,0.52496547,0.52496547,Medium,Month-to-month,Fiber optic,29,84.9,2462.1000000000004,1292.5174715459348,0.15034791363496824,Loyal / High Value
6942-LBFDP,0,0.20301592,0.20301592,Low,Month-to-month,No,2,20.55,41.1,8.34395445585251,0.0005306703739276257,Low Priority
1456-TWCGB,0,0.29752055,0.29752055,Low,Month-to-month,DSL,4,49.25,197.0,58.611547976732254,0.006214619475847916,Low Priority
7133-VBDCG,1,0.2516416,0.2516416,Low,Month-to-month,Fiber optic,25,79.85,1996.2499999999998,502.3395466431975,0.058328099744268655,Loyal / High Value
7596-ZYWBB,0,0.013244585,0.013244585,Low,Two year,DSL,65,59.6,3874.0,51.30952280946076,0.0059851515154890145,Loyal / High Value
8329-UTMVM,0,0.306518,0.306518,Medium,One year,Fiber optic,27,104.65,2825.55,866.0819022461773,0.10084388644779653,Loyal / High Value
3014-WJKSM,0,0.28959933,0.28959933,Low,Month-to-month,Fiber optic,29,75.3,2183.7,632.3980552464723,0.07348949595096688,Loyal / High Value
3347-YJZZE,0,0.14118698,0.14118698,Low,Month-to-month,DSL,29,80.1,2322.8999999999996,327.9632414013147,0.03813167269930622,Loyal / High Value
1029-QFBEN,1,0.30787006,0.30787006,Medium,Month-to-month,No,1,19.55,19.55,6.018859677016735,2.7065658424851685e-05,Low Priority
7929-DMBCV,0,0.26607904,0.26607904,Low,Month-to-month,Fiber optic,20,81.0,1620.0,431.048042178154,0.04993972199181596,Loyal / High Value
9661-JALZV,0,0.021202628,0.021202628,Low,Two year,No,58,24.7,1432.6,30.374884255975484,0.003513723140668378,Loyal / High Value
5433-KYGHE,0,0.35285643,0.35285643,Medium,Month-to-month,Fiber optic,14,86.0,1204.0,424.8391386270523,0.04902070491740288,Low Priority
4312-KFRXN,0,0.011306396,0.011306396,Low,Two year,No,72,25.4,1828.8,20.677136555314064,0.0023987922349886018,Loyal / High Value
5575-TPIZQ,0,0.27653465,0.27653465,Low,Month-to-month,Fiber optic,46,89.15,4100.900000000001,1134.0409328550102,0.13231926124063667,Loyal / High Value
0114-IGABW,0,0.018040858,0.018040858,Low,Two year,DSL,71,58.25,4135.75,74.61247933842242,0.008706080176773573,Loyal / High Value
9944-AEXBM,0,0.3885392,0.3885392,Medium,Month-to-month,Fiber optic,32,85.65,2740.8,1064.908225822449,0.12396892453058267,Loyal / High Value
1853-ARAAQ,0,0.2325851,0.2325851,Low,Month-to-month,DSL,26,50.35,1309.1000000000001,304.47715744674207,0.03517729715903172,Low Priority
6952-OMNWB,0,0.22846316,0.22846316,Low,Month-to-month,Fiber optic,68,80.35,5463.799999999999,1248.2770027428865,0.1458155822595029,Loyal / High Value
4697-LUPSU,0,0.06535771,0.06535771,Low,One year,No,2,20.2,40.4,2.640451380610466,0.0001654780664762785,Low Priority
8434-VGEQQ,0,0.012314246,0.012314246,Low,Two year,No,61,20.55,1253.55,15.436523118568584,0.0017822833004840668,Low Priority
4952-YSOGZ,1,0.7748178,0.7748178,High,Month-to-month,Fiber optic,4,85.95,343.8,266.382368016243,0.02951704249322548,Automated Retention
1589-AGTLK,1,0.5398787,0.5398787,Medium,Month-to-month,DSL,3,45.35,136.05,73.45050067305566,0.007419915208194771,Low Priority
5244-IRFIH,1,0.5741284,0.5741284,Medium,Month-to-month,Fiber optic,33,94.5,3118.5,1790.4193822145462,0.2086020452567758,Loyal / High Value
6549-YMFAW,0,0.15901785,0.15901785,Low,Month-to-month,No,9,21.25,191.25,30.41216304525733,0.003214392763113956,Low Priority
4950-HKQTE,0,0.025117995,0.025117995,Low,Two year,No,22,26.25,577.5,14.505642238073051,0.0016449531048369668,Low Priority
6786-OBWQR,0,0.6711547,0.6711547,High,Month-to-month,Fiber optic,5,80.85,404.25,271.3142785280943,0.030323585261648765,Automated Retention
2684-EIWEO,1,0.3075637,0.3075637,Medium,Month-to-month,Fiber optic,30,91.7,2751.0,846.107717603445,0.09850027196497753,Loyal / High Value
2753-JMMCV,0,0.023292374,0.023292374,Low,Two year,DSL,65,74.2,4823.0,112.33911915495992,0.01311670369072136,Loyal / High Value
6439-GTPCA,1,0.37809262,0.37809262,Medium,Month-to-month,Fiber optic,45,87.25,3926.25,1484.4861366972327,0.17317352722963456,Loyal / High Value
6621-YOBKI,0,0.12260826,0.12260826,Low,Month-to-month,No,5,20.35,101.75,12.475390385836363,0.001192136523656167,Low Priority
1216-JWVUX,0,0.37753966,0.37753966,Medium,Month-to-month,Fiber optic,25,75.5,1887.5,712.6061167567968,0.08269743659321864,Loyal / High Value
7564-GHCVB,0,0.01609637,0.01609637,Low,Two year,Fiber optic,72,79.05,5691.599999999999,91.61410116925835,0.010703240975210774,Loyal / High Value
1173-NOEYG,0,0.32476777,0.32476777,Medium,Month-to-month,Fiber optic,27,90.15,2434.05,790.5009866327048,0.09194431646041633,Loyal / High Value
7595-EHCDL,0,0.16049469,0.16049469,Low,Month-to-month,DSL,32,50.6,1619.2,259.87299423217775,0.03010780360921379,Loyal / High Value
6647-ZEDXT,0,0.22422728,0.22422728,Low,One year,Fiber optic,30,110.45,3313.5,742.9770903736353,0.08659527587214594,Loyal / High Value
2521-NPUZR,0,0.052895695,0.052895695,Low,Two year,Fiber optic,70,101.0,7070.0,373.9725634455681,0.04371930377673852,Loyal / High Value
1307-TVUFB,0,0.35311112,0.35311112,Medium,Month-to-month,Fiber optic,42,79.35,3332.7,1176.813423219323,0.13716416614303406,Loyal / High Value
7503-MIOGA,0,0.021187376,0.021187376,Low,Two year,DSL,72,89.85,6469.2,137.06537431329488,0.016019675032838628,Loyal / High Value
4381-MHQDC,0,0.02247993,0.02247993,Low,Two year,DSL,47,65.0,3055.0,68.6761888768524,0.00800046490248403,Loyal / High Value
6923-JHPMP,0,0.5174651,0.5174651,Medium,Month-to-month,Fiber optic,2,80.45,160.9,83.2601369380951,0.00861916175728352,Low Priority
5138-WVKYJ,1,0.6583703,0.6583703,High,Month-to-month,Fiber optic,10,98.55,985.5,648.8239464461803,0.07460223468033134,Automated Retention
4018-PPNDW,0,0.012653048,0.012653048,Low,Two year,No,61,24.1,1470.1000000000001,18.601246085669846,0.0021524954028091367,Loyal / High Value
1635-FJFCC,0,0.38593176,0.38593176,Medium,Month-to-month,DSL,5,44.05,220.25,85.00147015601397,0.00911313215803721,Low Priority
2499-AJYUA,0,0.037960846,0.037960846,Low,Two year,Fiber optic,72,110.8,7977.599999999999,302.83644486665725,0.03541386686073335,Loyal / High Value
6919-ELBGL,0,0.029838372,0.029838372,Low,Two year,Fiber optic,72,114.95,8276.4,246.9543022021651,0.028881439985951933,Loyal / High Value
3966-HRMZA,0,0.6139141,0.6139141,High,Month-to-month,Fiber optic,3,75.05,225.14999999999998,138.2227534264326,0.014849161766595235,Automated Retention
6425-JWTDV,0,0.019015564,0.019015564,Low,Two year,No,48,19.25,924.0,17.570380814373493,0.0020176397479507464,Low Priority
8405-IGQFX,0,0.06981497,0.06981497,Low,One year,Fiber optic,63,90.05,5673.15,396.0708116892725,0.04627230520967487,Loyal / High Value
8224-IVVPA,0,0.10396631,0.10396631,Low,Month-to-month,DSL,27,56.7,1530.9,159.16202492862942,0.018427355857202694,Loyal / High Value
9477-LGWQI,0,0.021756187,0.021756187,Low,Two year,DSL,70,80.15,5610.5,122.0630876198411,0.014259901456150595,Loyal / High Value
1410-RSCMR,0,0.1743934,0.1743934,Low,Month-to-month,DSL,7,71.35,499.44999999999993,87.10078390464186,0.009825368995487615,Low Priority
0139-IVFJG,0,0.4817513,0.4817513,Medium,Month-to-month,Fiber optic,2,90.35,180.7,87.05245863497257,0.009142387275837655,Low Priority
6683-VLCTZ,1,0.7150447,0.7150447,High,Month-to-month,Fiber optic,20,98.55,1971.0,1409.353058874607,0.163624134815989,Priority Retention
5730-DBDSI,0,0.015425444,0.015425444,Low,Two year,No,66,19.7,1300.2,20.056161832809448,0.0023169265158714787,Low Priority
0030-FNXPP,0,0.16620405,0.16620405,Low,Month-to-month,No,3,19.85,59.550000000000004,9.897451188415289,0.0007938877350160961,Low Priority
2189-WWOEW,1,0.45683685,0.45683685,Medium,Month-to-month,Fiber optic,15,85.9,1288.5,588.6342805176973,0.06799110884143114,Low Priority
5684-FJVYR,0,0.015434831,0.015434831,Low,Two year,Fiber optic,72,90.35,6505.2,100.40666509866715,0.011735335037123413,Loyal / High Value
4013-GUXND,0,0.30602288,0.30602288,Medium,Month-to-month,No,1,20.8,20.8,6.365275955200196,7.174204858907254e-05,Low Priority
1894-IGFSG,1,0.45599788,0.45599788,Medium,Month-to-month,Fiber optic,22,89.25,1963.5,895.3518457710743,0.10394541044011767,Loyal / High Value
7379-POKDZ,1,0.6417819,0.6417819,High,Month-to-month,Fiber optic,3,70.3,210.89999999999998,135.35180822610855,0.014451227027193458,Automated Retention
1266-NZYUI,0,0.011957903,0.011957903,Low,Two year,DSL,72,66.85,4813.2,57.55578060932457,0.006720153322574016,Loyal / High Value
7969-FFOWG,0,0.011963758,0.011963758,Low,Two year,No,65,19.9,1293.5,15.475120567250997,0.0017875799328052604,Low Priority
4718-DHSMV,0,0.33084005,0.33084005,Medium,Month-to-month,DSL,11,35.8,393.79999999999995,130.28481215238568,0.014542505062630275,Low Priority
5175-WLYXL,0,0.3621822,0.3621822,Medium,Month-to-month,Fiber optic,22,78.85,1734.6999999999998,628.2774622619152,0.07284654408556374,Loyal / High Value
7817-OMJNA,0,0.035944726,0.035944726,Low,One year,No,14,20.4,285.59999999999997,10.265813836455344,0.0011241153626306579,Low Priority
8728-SKJLR,0,0.31058687,0.31058687,Medium,Month-to-month,Fiber optic,41,74.25,3044.25,945.5040781348944,0.11014453359248656,Loyal / High Value
3137-NYQQI,0,0.083147116,0.083147116,Low,One year,DSL,17,64.8,1101.6,91.59486299157142,0.01055322782383129,Low Priority
7706-DZNKK,0,0.10214941,0.10214941,Low,Month-to-month,No,11,20.45,224.95,22.978510237485168,0.002468363335897582,Low Priority
0236-HFWSV,1,0.70065206,0.70065206,High,Month-to-month,Fiber optic,15,93.35,1400.25,981.0880510658026,0.11345599590718958,Priority Retention
3900-AQPHZ,1,0.35809097,0.35809097,Medium,Month-to-month,No,1,19.9,19.9,7.12601024210453,4.6171706633758196e-05,Low Priority
5842-POCOP,1,0.5238394,0.5238394,Medium,Month-to-month,Fiber optic,5,88.9,444.5,232.84661957621574,0.02613916431343363,Low Priority
2037-XJFUP,1,0.33819565,0.33819565,Medium,One year,Fiber optic,33,95.8,3161.4,1069.171733504534,0.12457962012979,Loyal / High Value
8823-RLPWL,0,0.025815306,0.025815306,Low,Two year,Fiber optic,72,110.65,7966.8,205.66538168415428,0.024050550207122597,Loyal / High Value
9505-SQFSW,0,0.40370908,0.40370908,Medium,Month-to-month,DSL,3,40.3,120.89999999999999,48.80842823088169,0.004831523989066649,Low Priority
7314-OXENN,1,0.754294,0.754294,High,Month-to-month,Fiber optic,2,82.0,164.0,123.70421242713928,0.012837992971294905,Automated Retention
3758-CKOQL,0,0.16006033,0.16006033,Low,One year,Fiber optic,59,107.0,6313.0,1010.4608710259199,0.11809027297436261,Loyal / High Value
0322-CHQRU,1,0.5127115,0.5127115,Medium,Month-to-month,DSL,2,45.35,90.7,46.502935314178465,0.004321075422550983,Low Priority
5676-CFLYY,0,0.016801583,0.016801583,Low,Two year,DSL,71,73.35,5207.849999999999,87.50012220041826,0.010219459448449276,Loyal / High Value
7521-AFHAB,0,0.30991414,0.30991414,Medium,Month-to-month,DSL,5,44.8,224.0,69.42076778411865,0.007454330213395885,Low Priority
0285-INHLN,0,0.10089666,0.10089666,Low,Month-to-month,DSL,27,54.75,1478.25,149.15048249065876,0.017260599370335982,Loyal / High Value
4678-DVQEO,1,0.55193657,0.55193657,Medium,Month-to-month,DSL,1,52.2,52.2,28.81108878850937,0.0021608544322148536,Low Priority
5125-CNDSP,0,0.0318669,0.0318669,Low,One year,DSL,63,40.6,2557.8,81.50915841311217,0.009484018740787073,Loyal / High Value
0691-IFBQW,1,0.33378154,0.33378154,Medium,One year,Fiber optic,46,110.0,5060.0,1688.9345943927765,0.19723596931655246,Loyal / High Value
4992-LTJNE,0,0.011600248,0.011600248,Low,Two year,DSL,72,55.3,3981.6,46.18754578158259,0.005388393324151123,Loyal / High Value
2202-OUTMO,0,0.09063251,0.09063251,Low,Month-to-month,DSL,34,60.85,2068.9,187.50960648804903,0.021779552142786256,Loyal / High Value
0810-BDHAW,0,0.10704983,0.10704983,Low,One year,DSL,24,78.4,1881.6000000000001,201.42496061325076,0.023374487036337484,Loyal / High Value
0229-LFJAF,0,0.012080941,0.012080941,Low,Two year,DSL,72,69.65,5014.8,60.58350467830897,0.007074782326160766,Loyal / High Value
7131-ZQZNK,0,0.015226657,0.015226657,Low,Two year,DSL,60,59.85,3591.0,54.678923746570945,0.006375734082313808,Loyal / High Value
3442-ZHHCC,0,0.076129526,0.076129526,Low,One year,DSL,68,76.9,5229.200000000001,398.0965168356896,0.046495836664100204,Loyal / High Value
5726-CVNYA,0,0.027496155,0.027496155,Low,Two year,No,8,19.85,158.8,4.36638946980238,0.0004512216041349461,Low Priority
9871-ELEYA,0,0.02195626,0.02195626,Low,Two year,DSL,34,67.65,2300.1000000000004,50.50159221086652,0.0058712507659453754,Loyal / High Value
4257-GAESD,0,0.37667853,0.37667853,Medium,Month-to-month,DSL,6,45.0,270.0,101.70320212841034,0.011091246932677906,Low Priority
5173-WXOQV,0,0.35621083,0.35621083,Medium,Month-to-month,DSL,2,64.2,128.4,45.73747029304504,0.004576226876628014,Low Priority
2040-OBMLJ,0,0.08850463,0.08850463,Low,One year,Fiber optic,31,81.7,2532.7000000000003,224.15566968172791,0.026079775727635552,Loyal / High Value
6286-ZHAOK,0,0.105474785,0.105474785,Low,Month-to-month,No,20,25.55,511.0,53.89761511981487,0.0060852739547043256,Low Priority
3807-XHCJH,0,0.37156397,0.37156397,Medium,Month-to-month,No,1,20.0,20.0,7.431279420852661,5.22642494902428e-05,Low Priority
3009-JWMPU,1,0.28775162,0.28775162,Low,One year,Fiber optic,62,96.75,5998.5,1726.0780628621578,0.20169124302551406,Loyal / High Value
5671-RQRLP,0,0.050414916,0.050414916,Low,Two year,Fiber optic,70,75.65,5295.5,266.97218835540116,0.031182528592952483,Loyal / High Value
1450-GALXR,1,0.7884955,0.7884955,High,Month-to-month,Fiber optic,10,98.5,985.0,776.6680487990379,0.08930095810155313,Automated Retention
8859-AXJZP,0,0.016972106,0.016972106,Low,Two year,No,39,23.8,928.2,15.753508742898703,0.0018091749286192446,Low Priority
3174-AKMAS,0,0.025738727,0.025738727,Low,Two year,DSL,46,64.2,2953.2000000000003,76.01160946637393,0.008853118130287458,Loyal / High Value
3138-BKYAV,1,0.69825304,0.69825304,High,Month-to-month,Fiber optic,6,85.35,512.0999999999999,357.5753795027732,0.04037511984650701,Automated Retention
9926-PJHDQ,0,0.0217453,0.0217453,Low,Two year,DSL,72,76.8,5529.599999999999,120.24281044006347,0.014046558374151254,Loyal / High Value
7382-DFJTU,0,0.12347677,0.12347677,Low,Month-to-month,DSL,18,55.2,993.6,122.68652215003968,0.014108819252652775,Low Priority
2798-NYLMZ,0,0.14679886,0.14679886,Low,Two year,Fiber optic,71,108.55,7707.05,1131.3861848451197,0.13229397578321786,Loyal / High Value
4289-DTDKW,1,0.5821961,0.5821961,Medium,Month-to-month,Fiber optic,40,101.3,4052.0,2359.0586638450623,0.2752383459367791,Loyal / High Value
1820-TQVEV,1,0.8173834,0.8173834,Critical,Month-to-month,Fiber optic,1,69.55,69.55,56.84901606440544,0.004862411851056384,Automated Retention
2239-JALAW,1,0.3208729,0.3208729,Medium,One year,Fiber optic,58,103.25,5988.5,1921.5473788380623,0.22453054297919434,Loyal / High Value
4853-RULSV,1,0.13262556,0.13262556,Low,Two year,Fiber optic,70,104.0,7280.0,965.5141127109528,0.11288221493930696,Loyal / High Value
8098-TDCBU,0,0.033323925,0.033323925,Low,Two year,No,42,25.25,1060.5,35.34002245031297,0.004069009360995993,Low Priority
3551-GAEGL,0,0.06058026,0.06058026,Low,One year,DSL,34,30.4,1033.6,62.61575782299041,0.007206119762192809,Low Priority
4785-NKHCX,0,0.17866892,0.17866892,Low,Month-to-month,No,5,20.05,100.25,17.911558851599693,0.0017058072986873528,Low Priority
3196-NVXLZ,0,0.4222006,0.4222006,Medium,Month-to-month,Fiber optic,25,84.6,2115.0,892.954248636961,0.1037388500489926,Loyal / High Value
6275-YDUVO,1,0.7146744,0.7146744,High,Month-to-month,Fiber optic,2,86.2,172.4,123.20986883640289,0.012867356276744662,Automated Retention
0036-IHMOT,0,0.16617085,0.16617085,Low,One year,Fiber optic,55,103.7,5703.5,947.7554452344775,0.11072667775307456,Loyal / High Value
0115-TFERT,1,0.5746359,0.5746359,Medium,Month-to-month,Fiber optic,21,111.2,2335.2000000000003,1341.88980717659,0.15602572344170865,Loyal / High Value
4178-EGMON,0,0.025957784,0.025957784,Low,Two year,Fiber optic,70,88.0,6160.0,159.89994749426842,0.018685758294379063,Loyal / High Value
4220-TINQT,0,0.35551736,0.35551736,Medium,Month-to-month,Fiber optic,61,106.35,6487.349999999999,2306.365529747307,0.26956135167674605,Loyal / High Value
5318-YKDPV,0,0.020478759,0.020478759,Low,Two year,DSL,43,79.15,3403.4500000000003,69.69843218568712,0.008124698930657004,Loyal / High Value
7975-TZMLR,0,0.421373,0.421373,Medium,One year,Fiber optic,47,103.1,4845.7,2041.8471930146216,0.23841023307771536,Loyal / High Value
0295-QVKPB,0,0.32423994,0.32423994,Medium,Month-to-month,DSL,5,63.95,319.75,103.67572063952684,0.011438016900066104,Low Priority
4335-BSMJS,0,0.016701626,0.016701626,Low,Two year,No,62,25.8,1599.6000000000001,26.715920405834915,0.003094749840986702,Loyal / High Value
2311-QYMUQ,1,0.4746632,0.4746632,Medium,Month-to-month,Fiber optic,16,89.45,1431.2,679.3379689693451,0.07858382183597308,Loyal / High Value
3643-AHCFP,1,0.8231168,0.8231168,Critical,Month-to-month,Fiber optic,7,95.6,669.1999999999999,550.829748725891,0.06275262017940454,Automated Retention
9146-JRIOX,0,0.10226992,0.10226992,Low,Month-to-month,No,14,25.55,357.7,36.58194957077503,0.004062649465200266,Low Priority
3104-OWCGK,1,0.12651677,0.12651677,Low,One year,Fiber optic,60,90.95,5457.0,690.4020373374224,0.08064791846172206,Loyal / High Value
5337-IIWKZ,0,0.16709465,0.16709465,Low,Month-to-month,DSL,34,44.85,1524.9,254.80262855887415,0.029498927369965303,Loyal / High Value
9101-BWFSS,1,0.26464283,0.26464283,Low,One year,Fiber optic,50,108.55,5427.5,1436.3489851355553,0.16778105071313337,Loyal / High Value
9650-VBUOG,0,0.019103622,0.019103622,Low,Two year,No,38,25.05,951.9,18.184737842716277,0.0020894586632493883,Low Priority
3487-EARAT,0,0.060471594,0.060471594,Low,One year,DSL,70,74.1,5187.0,313.6661598086357,0.036633685042568816,Loyal / High Value
2672-TGEFF,0,0.43189314,0.43189314,Medium,Month-to-month,Fiber optic,37,88.8,3285.6,1419.0281010389328,0.16538218656290718,Loyal / High Value
9231-ZJYAM,1,0.7210576,0.7210576,High,Month-to-month,Fiber optic,4,78.85,315.4,227.42156509160995,0.02506865181073557,Automated Retention
4250-WAROZ,0,0.19269314,0.19269314,Low,Month-to-month,Fiber optic,60,93.25,5595.0,1078.118141144514,0.12594892981476852,Loyal / High Value
8184-WMOFI,0,0.046129912,0.046129912,Low,One year,DSL,62,71.4,4426.8,204.20789505243303,0.02383494147414653,Loyal / High Value
6982-SSHFK,1,0.5025931,0.5025931,Medium,Month-to-month,DSL,1,44.4,44.4,22.31513364315033,0.0015081563392976844,Low Priority
6092-QZVPP,0,0.1197518,0.1197518,Low,Month-to-month,DSL,36,79.2,2851.2000000000003,341.43634235858923,0.039758182723572594,Loyal / High Value
4625-LAMOB,0,0.015711678,0.015711678,Low,Two year,No,44,20.4,897.5999999999999,14.102802345156668,0.0016184619742998293,Low Priority
0727-BMPLR,1,0.38660675,0.38660675,Medium,One year,Fiber optic,55,100.0,5500.0,2126.3371407985687,0.24839048830698682,Loyal / High Value
0392-BZIUW,0,0.053299207,0.053299207,Low,Two year,Fiber optic,72,105.0,7560.0,402.9420067369938,0.04711412012857222,Loyal / High Value
1038-ZAGBI,1,0.05552859,0.05552859,Low,One year,No,12,19.8,237.60000000000002,13.193592649698259,0.0014241437528307555,Low Priority
6549-NNDYT,0,0.23343474,0.23343474,Low,Month-to-month,DSL,13,30.85,401.05,93.61900116503239,0.010459305621077154,Low Priority
3027-ZTDHO,1,0.85027754,0.85027754,Critical,Month-to-month,Fiber optic,1,89.9,89.9,76.4399511218071,0.007086310637674651,Automated Retention
0422-OHQHQ,0,0.03570704,0.03570704,Low,One year,No,15,20.55,308.25,11.006695579737425,0.0012114829329119832,Low Priority
6916-HIJSE,0,0.017771507,0.017771507,Low,Two year,DSL,65,84.85,5515.25,98.01430222811177,0.011449760631855946,Loyal / High Value
2316-ESMLS,0,0.080833994,0.080833994,Low,One year,DSL,12,33.15,397.79999999999995,32.155762754380696,0.003591063821028752,Low Priority
9778-OGKQZ,0,0.024536397,0.024536397,Low,Two year,DSL,72,92.0,6624.0,162.52909576892853,0.018997070927833835,Loyal / High Value
7408-OFWXJ,0,0.015070109,0.015070109,Low,Two year,DSL,72,89.8,6465.599999999999,97.43729479014873,0.011388078669665291,Loyal / High Value
6007-TCTST,0,0.02212613,0.02212613,Low,Two year,Fiber optic,72,115.8,8337.6,184.47882782220842,0.021575259818539683,Loyal / High Value
2252-NKNSI,0,0.01882635,0.01882635,Low,Two year,DSL,52,85.15,4427.8,83.35931505262852,0.009729625335464844,Loyal / High Value
8713-IGZSO,0,0.2025448,0.2025448,Low,Month-to-month,No,2,24.85,49.7,10.06647623628378,0.0007336170900618659,Low Priority
7905-TVXTA,0,0.34222838,0.34222838,Medium,Month-to-month,DSL,5,64.35,321.75,110.1119821742177,0.012152814208680102,Low Priority
7695-PKLCZ,0,0.013343567,0.013343567,Low,Two year,No,68,20.5,1394.0,18.60093243792653,0.0021509369581990886,Low Priority
2382-BCKQJ,1,0.27057278,0.27057278,Low,One year,Fiber optic,62,100.15,6209.3,1680.0675725579263,0.1963358969739949,Loyal / High Value
8374-UULRV,0,0.014029921,0.014029921,Low,Two year,DSL,72,86.05,6195.599999999999,86.92377874888479,0.01015801015489896,Loyal / High Value
2207-NHRJK,1,0.5217715,0.5217715,Medium,Month-to-month,DSL,1,50.8,50.8,26.505991721153258,0.0019571323727452473,Low Priority
3224-DFQNQ,0,0.09248275,0.09248275,Low,One year,Fiber optic,66,89.0,5874.0,543.2436916977167,0.06347348742726393,Loyal / High Value
5275-PMFUT,0,0.01397179,0.01397179,Low,Two year,DSL,72,64.8,4665.599999999999,65.18678221106528,0.007610196990335801,Loyal / High Value
4795-UXVCJ,0,0.027360419,0.027360419,Low,One year,No,26,19.8,514.8000000000001,14.085143604129554,0.0015907220239209574,Low Priority
9777-IQHWP,0,0.051188666,0.051188666,Low,Two year,Fiber optic,64,93.4,5977.6,305.98537211418153,0.03575382422008157,Loyal / High Value
0947-MUGVO,1,0.48756072,0.48756072,Medium,Month-to-month,Fiber optic,20,73.65,1473.0,718.176939457655,0.08310797987806219,Loyal / High Value
9944-HKVVB,1,0.7666614,0.7666614,High,Month-to-month,Fiber optic,3,95.1,285.29999999999995,218.728499007225,0.02394918236386838,Automated Retention
4124-MMETB,1,0.5210811,0.5210811,Medium,Month-to-month,Fiber optic,22,94.65,2082.3,1085.0471536517143,0.12603746590868967,Loyal / High Value
3671-SHRSP,1,0.593811,0.593811,Medium,Month-to-month,Fiber optic,4,80.6,322.4,191.44465851783752,0.021131964105573345,Low Priority
0979-MOZQI,0,0.020431535,0.020431535,Low,Two year,DSL,62,39.0,2418.0,49.40345240011811,0.005745890324471401,Loyal / High Value
2732-ISEZX,0,0.1437084,0.1437084,Low,Month-to-month,No,5,20.5,102.5,14.73011028021574,0.0014099297276156586,Low Priority
3313-QKNKB,1,0.1649342,0.1649342,Low,One year,Fiber optic,59,85.55,5047.45,832.4971430771053,0.09721919308657236,Loyal / High Value
0323-XWWTN,0,0.041624732,0.041624732,Low,Two year,No,3,26.4,79.19999999999999,3.2966787993907922,0.0002946987331042098,Low Priority
1937-OTUKY,0,0.027342696,0.027342696,Low,Two year,Fiber optic,72,98.2,7070.400000000001,193.3237959802151,0.022600543100648157,Loyal / High Value
1573-LGXBA,0,0.1647928,0.1647928,Low,One year,Fiber optic,57,97.55,5560.349999999999,916.3056783422827,0.10704327334855267,Loyal / High Value
1764-VUUMT,0,0.01292658,0.01292658,Low,Two year,No,66,19.95,1316.7,17.020428392104805,0.0019665942283475456,Low Priority
5073-WXOYN,1,0.3092366,0.3092366,Medium,Month-to-month,DSL,60,50.8,3048.0,942.5531144142151,0.10980160664333852,Loyal / High Value
4713-ZBURT,0,0.114928864,0.114928864,Low,Two year,Fiber optic,45,99.7,4486.5,515.6283480785787,0.06018704114737168,Loyal / High Value
3050-GBUSH,0,0.56047434,0.56047434,Medium,Month-to-month,DSL,3,34.8,104.39999999999999,58.513520693778986,0.005623664100502811,Low Priority
0207-MDKNV,1,0.490922,0.490922,Medium,Month-to-month,Fiber optic,15,105.1,1576.5,773.9385392814875,0.08963676922432715,Loyal / High Value
7876-AEHIG,0,0.07344086,0.07344086,Low,One year,DSL,51,60.15,3067.65,225.2908456865698,0.026246033098581135,Loyal / High Value
7945-HLKEA,0,0.051536705,0.051536705,Low,One year,DSL,60,64.75,3885.0,200.2201002649963,0.023355590093364575,Loyal / High Value
9342-VNIMQ,0,0.13829772,0.13829772,Low,Month-to-month,DSL,33,54.65,1803.45,249.413026278466,0.028930634507418253,Loyal / High Value
9851-KIELU,1,0.54458475,0.54458475,Medium,Month-to-month,Fiber optic,10,110.1,1101.0,599.5878109931946,0.06908167874061873,Low Priority
3523-BRGUW,0,0.037380204,0.037380204,Low,One year,No,26,19.3,501.8,18.75738616883755,0.0021163070073458856,Low Priority
3908-BLSYF,1,0.62666565,0.62666565,High,Month-to-month,Fiber optic,6,83.9,503.40000000000003,315.4634891152382,0.03559665403008148,Automated Retention
3199-NPKCN,0,0.20974809,0.20974809,Low,One year,Fiber optic,67,111.25,7453.75,1563.4098207205534,0.182795686027928,Loyal / High Value
5170-PTRKA,0,0.03919568,0.03919568,Low,One year,DSL,49,35.8,1754.1999999999998,68.75706032663582,0.007973108303524268,Loyal / High Value
4661-NJEUX,0,0.44413617,0.44413617,Medium,Month-to-month,No,1,20.05,20.05,8.904930259287358,6.507527846801084e-05,Low Priority
2123-AGEEN,0,0.70940405,0.70940405,High,Month-to-month,Fiber optic,7,84.35,590.4499999999999,418.86762209236616,0.047535027420275405,Automated Retention
1258-YMZNM,0,0.29314134,0.29314134,Low,One year,Fiber optic,27,110.5,2983.5,874.5871737152338,0.10187032499678281,Loyal / High Value
0048-LUMLS,0,0.1722565,0.1722565,Low,One year,Fiber optic,37,91.2,3374.4,581.2623320102692,0.06775411546079405,Loyal / High Value
7549-MYGPK,1,0.24284828,0.24284828,Low,Month-to-month,Fiber optic,63,100.55,6334.65,1538.3588384807108,0.17978634786095526,Loyal / High Value
5898-IGSLP,0,0.24776362,0.24776362,Low,Month-to-month,Fiber optic,31,89.3,2768.2999999999997,685.8840259984134,0.07985114285967605,Loyal / High Value
3804-RVTGV,1,0.42104504,0.42104504,Medium,Month-to-month,Fiber optic,50,103.85,5192.5,2186.2763448804617,0.2553404794425325,Loyal / High Value
6259-WJQLC,0,0.39879203,0.39879203,Medium,Month-to-month,Fiber optic,32,81.1,2595.2,1034.9450721740723,0.1204341454941441,Loyal / High Value
9227-LUNBG,1,0.63643706,0.63643706,High,Month-to-month,DSL,1,24.6,24.6,15.656351637840272,0.0004326864847856094,Automated Retention
7997-EASSD,0,0.06064365,0.06064365,Low,One year,Fiber optic,63,81.2,5115.6,310.22865896523,0.03623037302303452,Loyal / High Value
0730-KOAVE,0,0.3203834,0.3203834,Medium,Month-to-month,Fiber optic,30,94.3,2829.0,906.3646378219128,0.10553514510351222,Loyal / High Value
8975-SKGRX,0,0.05347454,0.05347454,Low,Two year,Fiber optic,71,116.1,8243.1,440.7959951285273,0.05155085729364696,Loyal / High Value
0678-RLHVP,0,0.17457281,0.17457281,Low,Two year,Fiber optic,53,105.55,5594.15,976.5864880301058,0.11408764525414117,Loyal / High Value
4315-MURBD,1,0.651195,0.651195,High,Month-to-month,Fiber optic,12,98.9,1186.8000000000002,772.8382137537004,0.08915460286333611,Automated Retention
2267-FPIMA,0,0.26120177,0.26120177,Low,Month-to-month,Fiber optic,50,94.4,4720.0,1232.8723502159119,0.14393775283155677,Loyal / High Value
1051-GEJLJ,0,0.1886646,0.1886646,Low,Month-to-month,No,2,19.5,39.0,7.357919409871101,0.0004467161624522604,Low Priority
9734-YWGEX,1,0.7524646,0.7524646,High,Month-to-month,Fiber optic,9,98.3,884.6999999999999,665.7054249465465,0.07637367434925431,Automated Retention
2719-BDAQO,1,0.46419305,0.46419305,Medium,Month-to-month,Fiber optic,17,93.85,1595.4499999999998,740.5967953890561,0.0857874585196113,Loyal / High Value
5285-MVEHD,0,0.2366843,0.2366843,Low,One year,Fiber optic,56,105.6,5913.599999999999,1399.6562324523925,0.16354165507224785,Loyal / High Value
0379-DJQHR,0,0.022361899,0.022361899,Low,Two year,DSL,67,81.35,5450.45,121.88241128595546,0.014237388361381019,Loyal / High Value
0781-LKXBR,1,0.8176638,0.8176638,Critical,Month-to-month,Fiber optic,9,100.5,904.5,739.5768969655037,0.08488897432203545,Automated Retention
5543-QDCRY,0,0.47492126,0.47492126,Medium,Month-to-month,DSL,4,56.4,225.6,107.14223542213439,0.011512297895210894,Low Priority
0297-RBCSG,0,0.095055416,0.095055416,Low,One year,DSL,19,65.35,1241.6499999999999,118.02555755749343,0.013625107339229808,Low Priority
4694-PHWFW,0,0.11667558,0.11667558,Low,Month-to-month,No,8,19.95,159.6,18.621422258019447,0.0019256284450644041,Low Priority
0835-JKADZ,0,0.076055154,0.076055154,Low,Two year,Fiber optic,71,111.25,7898.75,600.7406492717564,0.07024929814946482,Loyal / High Value
1907-UBQFC,1,0.5470847,0.5470847,Medium,Month-to-month,Fiber optic,10,72.85,728.5,398.551196038723,0.04551130015506435,Low Priority
7508-SMHXL,0,0.50549287,0.50549287,Medium,Month-to-month,Fiber optic,15,89.0,1335.0,674.8329761624336,0.07798782237913719,Low Priority
3865-YIOTT,0,0.10811504,0.10811504,Low,One year,Fiber optic,72,106.1,7639.2,825.9124117791653,0.0965725629491241,Loyal / High Value
5993-BQHEA,0,0.04671968,0.04671968,Low,One year,No,12,20.05,240.60000000000002,11.240755362063647,0.0012146503833455815,Low Priority
6024-RUGGH,0,0.010938148,0.010938148,Low,Two year,No,72,25.2,1814.3999999999999,19.846175757050514,0.002302201164476587,Loyal / High Value
6513-EECDB,1,0.83746105,0.83746105,Critical,Month-to-month,Fiber optic,1,73.55,73.55,61.59526054561138,0.005374506836587986,Automated Retention
3956-CJUST,0,0.28934976,0.28934976,Low,Month-to-month,Fiber optic,23,75.4,1734.2,501.7903617441654,0.0581806294741605,Loyal / High Value
4079-WWQQQ,0,0.015031632,0.015031632,Low,Two year,DSL,72,65.55,4719.599999999999,70.94329055696726,0.008282620953053613,Loyal / High Value
6103-BOCOU,0,0.47922885,0.47922885,Medium,Month-to-month,Fiber optic,26,80.7,2098.2000000000003,1005.5179818391802,0.11680753931224301,Loyal / High Value
5149-TGWDZ,0,0.3101528,0.3101528,Medium,One year,Fiber optic,21,104.55,2195.5499999999997,680.9559776052831,0.07913600724237282,Loyal / High Value
7471-WNSUF,0,0.02513644,0.02513644,Low,One year,No,60,24.15,1449.0,36.422700298950076,0.004213959963816523,Loyal / High Value
8942-DBMHZ,0,0.09107649,0.09107649,Low,Month-to-month,No,12,20.45,245.39999999999998,22.35017144680023,0.0024191125953501535,Low Priority
4301-VVZKA,0,0.57173336,0.57173336,Medium,Month-to-month,Fiber optic,16,75.4,1206.4,689.7391201019287,0.07958910036315081,Low Priority
9199-PWQVC,0,0.07243017,0.07243017,Low,One year,DSL,63,79.7,5021.1,363.67913197204473,0.04246969298057507,Loyal / High Value
4824-GUCBY,0,0.32237116,0.32237116,Medium,Month-to-month,Fiber optic,22,81.7,1797.4,579.4299140393734,0.06720852123088548,Loyal / High Value
5393-HJZSM,0,0.09806258,0.09806258,Low,Month-to-month,DSL,32,76.3,2441.6,239.42960097789762,0.027849074506563452,Loyal / High Value
7074-IEVOJ,1,0.76460254,0.76460254,High,Month-to-month,Fiber optic,3,79.4,238.20000000000002,182.12832548618317,0.019663564058751516,Automated Retention
9625-QSTYE,1,0.5605849,0.5605849,Medium,Month-to-month,Fiber optic,13,81.15,1054.95,591.3890431702138,0.06808538622916617,Low Priority
0862-PRCBS,0,0.07834915,0.07834915,Low,Two year,Fiber optic,68,103.75,7055.0,552.7532583102584,0.06461931431413798,Loyal / High Value
8812-ZRHFP,0,0.18330918,0.18330918,Low,One year,Fiber optic,30,86.45,2593.5,475.4123648777604,0.05532236405737719,Loyal / High Value
5146-CBVOE,0,0.30317137,0.30317137,Medium,Month-to-month,Fiber optic,16,75.1,1201.6,364.29071393013,0.042032901847431824,Low Priority
0454-OKRCT,0,0.035542943,0.035542943,Low,Two year,Fiber optic,33,80.6,2659.7999999999997,94.5371186837554,0.011003013803824131,Loyal / High Value
5787-KXGIY,0,0.015017117,0.015017117,Low,Two year,No,72,19.3,1389.6000000000001,20.867786302417517,0.0024129623611910383,Low Priority
4750-ZRXIU,1,0.8021991,0.8021991,Critical,Month-to-month,Fiber optic,4,84.6,338.4,271.4641839981079,0.030052377208676085,Automated Retention
4198-VFOEA,0,0.0925976,0.0925976,Low,One year,DSL,12,33.6,403.20000000000005,37.335350847244264,0.004172275416812924,Low Priority
6630-UJZMY,0,0.7864466,0.7864466,High,Month-to-month,Fiber optic,4,83.25,333.0,261.8867082595825,0.02896444963407266,Automated Retention
6400-BWQKW,1,0.52423966,0.52423966,Medium,Month-to-month,Fiber optic,6,79.05,474.29999999999995,248.64687041044232,0.02799033721111049,Low Priority
2692-AQCPF,0,0.1933232,0.1933232,Low,One year,Fiber optic,65,108.05,7023.25,1357.7571291476488,0.15872592989052103,Loyal / High Value
0347-UBKUZ,0,0.09442232,0.09442232,Low,Month-to-month,No,15,19.9,298.5,28.185061935335398,0.00309568669778677,Low Priority
0835-DUUIQ,0,0.028721971,0.028721971,Low,One year,No,24,21.05,505.20000000000005,14.51033997014165,0.001637561762368688,Low Priority
0811-GSDTP,0,0.23564406,0.23564406,Low,Month-to-month,DSL,13,30.15,391.95,92.36068829521537,0.010306941581046695,Low Priority
7567-ECMCM,0,0.3275666,0.3275666,Medium,Month-to-month,Fiber optic,24,79.85,1916.3999999999999,627.7486205220222,0.07286083652440176,Loyal / High Value
6115-ZTBFQ,0,0.014816662,0.014816662,Low,Two year,DSL,72,65.5,4716.0,69.87537939101458,0.008157917542647868,Loyal / High Value
6353-BRMMA,0,0.28457776,0.28457776,Low,Month-to-month,Fiber optic,54,104.1,5621.4,1599.7254038751125,0.18688758229103217,Loyal / High Value
6680-WKXRZ,1,0.6601104,0.6601104,High,Month-to-month,Fiber optic,3,74.4,223.20000000000002,147.33664441108704,0.015815661176312532,Automated Retention
6231-WFGFH,0,0.13047256,0.13047256,Low,Month-to-month,No,4,20.5,82.0,10.69874957203865,0.0009665540045732318,Low Priority
9904-EHEVJ,0,0.4155215,0.4155215,Medium,Month-to-month,Fiber optic,32,91.35,2923.2,1214.6524560928344,0.14146200438929246,Loyal / High Value
7028-DVOIQ,1,0.6094158,0.6094158,High,Month-to-month,Fiber optic,35,99.05,3466.75,2112.6923258155584,0.24630008770477102,Priority Retention
6169-PPETC,0,0.013205928,0.013205928,Low,Two year,No,35,20.5,717.5,9.47525319410488,0.0010815573133354788,Low Priority
4208-UFFGW,1,0.5349967,0.5349967,Medium,Month-to-month,DSL,2,44.95,89.9,48.09620228409767,0.004458723807063259,Low Priority
8584-KMVXD,0,0.46830925,0.46830925,Medium,Month-to-month,Fiber optic,8,75.6,604.8,283.2334364891052,0.03216771644366163,Low Priority
8467-WYNSR,0,0.10044009,0.10044009,Low,Month-to-month,DSL,22,55.1,1212.2,121.75347998887301,0.0140502164117637,Low Priority
0851-DFJKB,0,0.2092609,0.2092609,Low,Month-to-month,DSL,15,58.95,884.25,185.0389471538365,0.02122853084113477,Low Priority
5382-SOYZL,0,0.6466408,0.6466408,High,Month-to-month,Fiber optic,22,95.1,2092.2,1352.9018348693846,0.1571578427713255,Priority Retention
9448-REEVD,1,0.483175,0.483175,Medium,Month-to-month,DSL,1,44.7,44.7,21.597922924160958,0.0014668783694868996,Low Priority
3261-CQXOL,0,0.011178901,0.011178901,Low,Two year,No,71,25.45,1806.95,20.199715919140726,0.0023431114699529617,Loyal / High Value
8388-FYNPZ,0,0.3111164,0.3111164,Medium,Month-to-month,DSL,4,56.75,227.0,70.62342220544815,0.007592652139756255,Low Priority
4002-BQWPQ,0,0.10161591,0.10161591,Low,Month-to-month,DSL,25,81.75,2043.75,207.6775226276368,0.024119366965871806,Loyal / High Value
5651-YLPRD,0,0.4132987,0.4132987,Medium,Month-to-month,Fiber optic,32,86.1,2755.2,1138.7205679893493,0.13256640947337936,Loyal / High Value
2826-DXLQO,0,0.3490241,0.3490241,Medium,Month-to-month,DSL,7,29.8,208.6,72.80642458796501,0.0077650004394201515,Low Priority
4378-BZYFP,0,0.034710355,0.034710355,Low,One year,No,17,20.5,348.5,12.096558753401041,0.0013414295852241585,Low Priority
9489-UTFKA,0,0.25221312,0.25221312,Low,Month-to-month,DSL,8,60.9,487.2,122.87823228836059,0.01384759771470637,Low Priority
4849-PYRLQ,0,0.03152704,0.03152704,Low,Two year,DSL,56,73.25,4102.0,129.3239125981927,0.015089460365636314,Loyal / High Value
9117-SHLZX,1,0.5709164,0.5709164,Medium,Month-to-month,DSL,1,45.7,45.7,26.090880131721498,0.0018001748339761402,Low Priority
9889-TMAHG,1,0.61397016,0.61397016,High,Month-to-month,Fiber optic,8,100.3,802.4,492.6496567726135,0.05639382709999864,Automated Retention
4541-RMRLG,1,0.14163096,0.14163096,Low,Month-to-month,No,7,19.25,134.75,19.08477219566703,0.0019249472642577316,Low Priority
7764-BDPEE,0,0.14221975,0.14221975,Low,Month-to-month,No,3,20.85,62.550000000000004,8.895845492184163,0.000729336336412972,Low Priority
3429-IFLEM,0,0.01565746,0.01565746,Low,Two year,DSL,71,77.35,5491.849999999999,85.98842344200237,0.010044784225905204,Loyal / High Value
3158-MOERK,1,0.86114836,0.86114836,Critical,Month-to-month,Fiber optic,2,96.0,192.0,165.34048461914062,0.01748299131425627,Automated Retention
7294-TMAOP,1,0.82095253,0.82095253,Critical,Month-to-month,Fiber optic,1,90.55,90.55,74.3372520148754,0.00690446178298178,Automated Retention
5002-GCQFH,0,0.28420678,0.28420678,Low,Month-to-month,Fiber optic,49,93.85,4598.65,1306.9674987807869,0.15257225376945083,Loyal / High Value
0556-FJEGU,0,0.019071026,0.019071026,Low,Two year,DSL,58,70.1,4065.7999999999997,77.53897659145295,0.009046844676822012,Loyal / High Value
8919-FYFQZ,1,0.3733879,0.3733879,Medium,Month-to-month,DSL,44,30.35,1335.4,498.62220563292504,0.057624075517745864,Low Priority
0604-THJFP,0,0.01893723,0.01893723,Low,Two year,DSL,59,75.95,4481.05,84.85867498517037,0.009905131172531318,Loyal / High Value
2834-JRTUA,1,0.15504676,0.15504676,Low,Two year,Fiber optic,71,108.05,7671.55,1189.448979625106,0.13908173533824436,Loyal / High Value
5875-YPQFJ,1,0.81593317,0.81593317,Critical,Month-to-month,Fiber optic,1,69.9,69.9,57.0337284386158,0.004887259105571168,Automated Retention
5879-SESNB,0,0.52566427,0.52566427,Medium,Month-to-month,Fiber optic,11,75.25,827.75,435.1185994297266,0.04984481798048953,Low Priority
6646-QVXLR,1,0.32811686,0.32811686,Medium,One year,Fiber optic,62,103.75,6432.5,2110.611727461219,0.24667609837052912,Loyal / High Value
6461-PPAXN,0,0.03755173,0.03755173,Low,One year,DSL,35,54.95,1923.25,72.22136639803648,0.008382805919174079,Loyal / High Value
3318-ISQFQ,0,0.090909876,0.090909876,Low,Month-to-month,No,20,19.5,390.0,35.45485161244869,0.003955568495050732,Low Priority
1106-HRLKZ,0,0.015499659,0.015499659,Low,Two year,No,40,19.6,784.0,12.151732563972473,0.0013902310316226622,Low Priority
2483-XSSMZ,0,0.0893276,0.0893276,Low,One year,DSL,39,47.85,1866.15,166.69870741814375,0.019343040659094462,Loyal / High Value
8603-IJWDN,1,0.8712951,0.8712951,Critical,Month-to-month,Fiber optic,1,86.6,86.6,75.45415518283843,0.006924442916169527,Automated Retention
8165-ZJRNM,0,0.0098795565,0.0098795565,Low,Two year,No,72,23.75,1710.0,16.894041588529944,0.0019584942243319765,Loyal / High Value
9369-XFEHK,1,0.3908238,0.3908238,Medium,Month-to-month,Fiber optic,33,80.6,2659.7999999999997,1039.5131732761859,0.12098716307481762,Loyal / High Value
2604-XVDAM,0,0.19652623,0.19652623,Low,Month-to-month,DSL,12,43.8,525.5999999999999,103.29418616294859,0.011674734275433142,Low Priority
3717-OFRTN,0,0.3247192,0.3247192,Medium,Month-to-month,No,1,19.75,19.75,6.4132040143013,3.615941849536492e-05,Low Priority
9046-JBFWA,0,0.056564484,0.056564484,Low,Month-to-month,No,27,19.15,517.05,29.246666344441472,0.0033035509716287954,Low Priority
3280-NMUVX,0,0.026503695,0.026503695,Low,One year,No,34,19.6,666.4000000000001,17.662062464654447,0.0020118849628848784,Low Priority
1206-EHBDD,0,0.03284924,0.03284924,Low,Two year,Fiber optic,56,80.3,4496.8,147.71646714508535,0.017242463125161887,Loyal / High Value
8361-LBRDI,0,0.01897468,0.01897468,Low,Two year,No,58,24.35,1412.3000000000002,26.797941204532986,0.0030993549807772003,Loyal / High Value
4883-KCPZJ,0,0.022752035,0.022752035,Low,Two year,No,22,25.25,555.5,12.638755669817328,0.0014313364361548365,Low Priority
9108-EQPNQ,0,0.0329527,0.0329527,Low,Two year,No,10,26.1,261.0,8.600654650479555,0.0009355241811288617,Low Priority
7277-KAMWT,0,0.023392798,0.023392798,Low,Two year,No,13,20.0,260.0,6.082127578556538,0.0006613774110359787,Low Priority
3842-IYKUE,1,0.24793269,0.24793269,Low,Month-to-month,Fiber optic,35,85.3,2985.5,740.203038237989,0.08621787130940964,Loyal / High Value
6641-XRPSU,1,0.28002846,0.28002846,Low,Month-to-month,Fiber optic,34,70.0,2380.0,666.4677405357361,0.07750412666945196,Loyal / High Value
1374-DMZUI,1,0.8414945,0.8414945,Critical,Month-to-month,Fiber optic,4,94.3,377.2,317.41172564029694,0.035351606928488405,Automated Retention
2545-LXYVJ,0,0.010331882,0.010331882,Low,Two year,No,72,20.7,1490.3999999999999,15.398637177050112,0.0017822109190230126,Loyal / High Value
3234-VKACU,0,0.42614773,0.42614773,Medium,Month-to-month,DSL,2,70.3,140.6,59.91637071967125,0.006084114006410973,Low Priority
8357-EQXFO,1,0.76990277,0.76990277,High,Month-to-month,Fiber optic,7,95.35,667.4499999999999,513.8716010004282,0.058537770654106286,Automated Retention
1989-PRJHP,1,0.48516625,0.48516625,Medium,Month-to-month,Fiber optic,27,75.5,2038.5,989.0114040076733,0.11485960691068978,Loyal / High Value
8120-JDCAM,0,0.56461096,0.56461096,Medium,Month-to-month,Fiber optic,4,69.55,278.2,157.0747685432434,0.017167582817302997,Low Priority
8917-FAEMR,0,0.016815145,0.016815145,Low,Two year,No,37,19.85,734.45,12.349882928468288,0.0014105586799719935,Low Priority
7047-YXDMZ,0,0.0664027,0.0664027,Low,Month-to-month,No,21,20.0,420.0,27.889135479927063,0.0031227452941769863,Low Priority
2858-EIMXH,0,0.26009464,0.26009464,Low,One year,Fiber optic,53,95.85,5080.049999999999,1321.2937893390654,0.1543046710963814,Loyal / High Value
9524-EGPJC,1,0.5354804,0.5354804,Medium,Month-to-month,Fiber optic,18,90.1,1621.8,868.4420803785324,0.10061598007706261,Loyal / High Value
6993-OHLXR,1,0.6077823,0.6077823,High,Month-to-month,Fiber optic,2,68.95,137.9,83.81317976117134,0.008484957853593463,Automated Retention
8818-XYFCQ,1,0.37034547,0.37034547,Medium,Month-to-month,Fiber optic,32,99.55,3185.6,1179.7725397109984,0.13747304538788868,Loyal / High Value
6419-ZTTLE,0,0.058256894,0.058256894,Low,One year,No,23,20.75,477.25,27.80310282856226,0.0031306115452434924,Low Priority
0929-HYQEW,0,0.36589792,0.36589792,Medium,Month-to-month,DSL,3,50.15,150.45,55.049342621862884,0.005646387572223508,Low Priority
6614-YOLAC,0,0.012991958,0.012991958,Low,Two year,DSL,71,58.65,4164.15,54.100463145738466,0.006312853330098934,Loyal / High Value
7426-RHZGU,0,0.59632367,0.59632367,Medium,Month-to-month,Fiber optic,9,95.9,863.1,514.6869586765766,0.05901585635082867,Low Priority
4065-JJAVA,0,0.5131049,0.5131049,Medium,Month-to-month,DSL,1,49.5,49.5,25.398693323135376,0.0018464367157609858,Low Priority
4695-VADHF,1,0.21579503,0.21579503,Low,Month-to-month,DSL,18,57.45,1034.1000000000001,223.15363558977845,0.02568181370914581,Low Priority
3863-IUBJR,1,0.13855697,0.13855697,Low,One year,DSL,12,53.65,643.8,89.20297866761683,0.010150753421707542,Low Priority
7649-SIJJF,0,0.01311118,0.01311118,Low,Two year,DSL,71,80.1,5687.099999999999,74.5645900407806,0.008711330160179501,Loyal / High Value
9361-YNQWJ,0,0.024831166,0.024831166,Low,One year,No,64,24.4,1561.6,38.77634959220886,0.0044905199341452205,Loyal / High Value
3748-FVMZZ,0,0.48662543,0.48662543,Medium,Month-to-month,DSL,4,40.05,160.2,77.95739436149597,0.00806555188270055,Low Priority
9391-TTOYH,0,0.08271796,0.08271796,Low,Month-to-month,No,23,19.5,448.5,37.099006209522486,0.00416634336474791,Low Priority
1452-XRSJV,0,0.09472815,0.09472815,Low,Month-to-month,DSL,39,51.05,1990.9499999999998,188.59900919459758,0.02189822299143059,Loyal / High Value
3422-WJOYD,0,0.035383176,0.035383176,Low,One year,DSL,28,54.35,1521.8,53.84611732587218,0.0062336967385563345,Loyal / High Value
8242-SOQUO,0,0.7109558,0.7109558,High,Month-to-month,Fiber optic,5,84.7,423.5,301.08978071808815,0.033726065700478286,Automated Retention
7460-ITWWP,0,0.40192384,0.40192384,Medium,Month-to-month,Fiber optic,45,86.1,3874.4999999999995,1557.2538997828958,0.1816506155851085,Loyal / High Value
7147-AYBAA,0,0.2639525,0.2639525,Low,Month-to-month,Fiber optic,37,70.35,2602.95,687.0551433920859,0.07995274246426469,Loyal / High Value
7868-TMWMZ,0,0.06862404,0.06862404,Low,Two year,Fiber optic,60,110.0,6600.0,452.91867703199387,0.05293845473589558,Loyal / High Value
4822-RVYBB,1,0.83561724,0.83561724,Critical,Month-to-month,Fiber optic,8,100.6,804.8,672.5047581672668,0.07698742896374328,Automated Retention
6732-FZUGP,0,0.11263558,0.11263558,Low,One year,Fiber optic,47,94.9,4460.3,502.3884894520045,0.058640160879772786,Loyal / High Value
8436-BJUMM,1,0.50645834,0.50645834,Medium,Month-to-month,Fiber optic,26,83.75,2177.5,1102.81303986907,0.12815215011229994,Loyal / High Value
4184-TJFAN,1,0.5820058,0.5820058,Medium,Month-to-month,Fiber optic,3,88.3,264.9,154.17333610653876,0.016789153587863974,Low Priority
8329-GWVPJ,0,0.19434513,0.19434513,Low,Month-to-month,Fiber optic,50,69.75,3487.5,677.7786461636424,0.07901877317272282,Loyal / High Value
1352-VHKAJ,0,0.10509305,0.10509305,Low,Month-to-month,DSL,27,71.6,1933.1999999999998,203.16587850451467,0.02358286398402167,Loyal / High Value
4145-UQXUQ,1,0.7417781,0.7417781,High,Month-to-month,Fiber optic,8,92.1,736.8,546.5420861721038,0.06242927821983275,Automated Retention
2632-TACXW,0,0.013317921,0.013317921,Low,Two year,No,62,23.65,1466.3,19.52806785395369,0.0022596693238248174,Loyal / High Value
8146-QQKZH,0,0.013779454,0.013779454,Low,Two year,DSL,71,81.85,5811.349999999999,80.07722961492836,0.00935603149392623,Loyal / High Value
1767-CJKBA,0,0.014765292,0.014765292,Low,Two year,No,66,25.1,1656.6000000000001,24.460183399915696,0.0028346066089977202,Loyal / High Value
6445-TNRXS,0,0.07790069,0.07790069,Low,Two year,Fiber optic,68,114.7,7799.6,607.5942437231541,0.07104858761934167,Loyal / High Value
4581-LNWUM,0,0.40344602,0.40344602,Medium,Month-to-month,DSL,13,49.15,638.9499999999999,257.7818336457014,0.02932729844502763,Low Priority
4869-EPIUS,0,0.1839961,0.1839961,Low,One year,Fiber optic,56,80.9,4530.400000000001,833.5759144663812,0.09730363698621733,Loyal / High Value
9948-YPTDG,1,0.32626384,0.32626384,Medium,Month-to-month,Fiber optic,38,79.45,3019.1,985.0231743395328,0.11474228878166673,Loyal / High Value
1236-WFCDV,1,0.52281046,0.52281046,Medium,Month-to-month,Fiber optic,14,90.45,1266.3,662.034884405136,0.07644950860059091,Low Priority
1915-OAKWD,0,0.04328363,0.04328363,Low,One year,No,16,19.3,308.8,13.36598499417305,0.0014713349525410813,Low Priority
7296-PIXQY,0,0.44600996,0.44600996,Medium,Month-to-month,Fiber optic,14,70.2,982.8000000000001,438.33859237432483,0.050397787539362464,Low Priority
4883-QICIH,1,0.26648188,0.26648188,Low,Month-to-month,Fiber optic,32,69.75,2232.0,594.7875480651855,0.06913185586897126,Loyal / High Value
3354-OADJP,0,0.089530505,0.089530505,Low,One year,DSL,8,54.25,434.0,38.85623927414417,0.004357307972575119,Low Priority
3524-WQDSG,0,0.4408669,0.4408669,Medium,Month-to-month,Fiber optic,43,99.3,4269.9,1882.4575232326983,0.2196841271739489,Loyal / High Value
0810-DHDBD,0,0.056477547,0.056477547,Low,One year,DSL,52,74.0,3848.0,217.32559967041016,0.025349754054834316,Loyal / High Value
4026-SKKHW,0,0.36569062,0.36569062,Medium,Month-to-month,DSL,3,50.25,150.75,55.12786077708006,0.005656048052386007,Low Priority
2829-HYVZP,0,0.02872567,0.02872567,Low,One year,No,29,19.8,574.2,16.49428008757532,0.0018701047307933245,Low Priority
8329-IBCTI,1,0.33965644,0.33965644,Medium,Month-to-month,No,1,19.65,19.65,6.674249093234539,3.384142629914005e-05,Low Priority
1271-SJBGZ,1,0.3961556,0.3961556,Medium,Month-to-month,DSL,12,43.65,523.8,207.50630106925962,0.02345022691633141,Low Priority
3845-JHAMY,0,0.24547428,0.24547428,Low,Month-to-month,DSL,16,35.5,568.0,139.42939043045044,0.015802521800757884,Low Priority
7013-PSXHK,0,0.1188446,0.1188446,Low,One year,DSL,40,80.75,3230.0,383.86805325746536,0.04473389145783347,Loyal / High Value
5669-SRAIP,1,0.5195745,0.5195745,Medium,Month-to-month,DSL,5,39.5,197.5,102.61596828699112,0.010883341998208399,Low Priority
5981-ITEMU,1,0.45007396,0.45007396,Medium,Month-to-month,Fiber optic,40,97.1,3884.0,1748.0872507095337,0.20391338385099406,Loyal / High Value
3486-NPGST,0,0.027007591,0.027007591,Low,One year,No,36,19.55,703.8000000000001,19.00794253125787,0.0021685343000804485,Low Priority
6941-PMGEP,1,0.6792864,0.6792864,High,Month-to-month,Fiber optic,5,80.0,400.0,271.71456813812256,0.030352586205414332,Automated Retention
1624-WOIWJ,1,0.51333946,0.51333946,Medium,Month-to-month,Fiber optic,10,84.7,847.0,434.79852253198624,0.049834459476502696,Low Priority
2074-GKOWZ,1,0.7127554,0.7127554,High,Month-to-month,Fiber optic,2,89.55,179.1,127.65448892712593,0.013392569362385013,Automated Retention
0376-YMCJC,1,0.47146955,0.47146955,Medium,Month-to-month,Fiber optic,23,90.6,2083.7999999999997,982.4482510507105,0.11412047818428864,Loyal / High Value
6100-FJZDG,0,0.026661484,0.026661484,Low,One year,No,26,20.05,521.3000000000001,13.898631385527553,0.0015703998844704152,Low Priority
4829-ZLJTK,0,0.034346983,0.034346983,Low,Two year,Fiber optic,72,112.4,8092.8,277.9632627010346,0.03250627572014537,Loyal / High Value
1730-VFMWO,0,0.09278721,0.09278721,Low,Month-to-month,DSL,34,50.2,1706.8000000000002,158.36921621263028,0.01835906046001829,Loyal / High Value
7143-BQIBA,0,0.15796359,0.15796359,Low,Month-to-month,DSL,10,62.25,622.5,98.33233404904604,0.011178101390070616,Low Priority
3800-LYTRK,0,0.06340585,0.06340585,Low,One year,DSL,14,55.7,779.8000000000001,49.44388108104468,0.005655927784965896,Low Priority
0634-SZPQA,1,0.36482748,0.36482748,Medium,Month-to-month,Fiber optic,23,90.05,2071.15,755.6124432638288,0.08776651427309766,Loyal / High Value
9646-NMHXE,0,0.017093385,0.017093385,Low,Two year,No,47,19.65,923.55,15.786595382820813,0.001812785979887748,Low Priority
7030-NJVDP,0,0.28407156,0.28407156,Low,Month-to-month,Fiber optic,24,89.25,2142.0,608.4812915325165,0.07069823074322933,Loyal / High Value
5536-RTPWK,1,0.44273958,0.44273958,Medium,Month-to-month,Fiber optic,49,99.05,4853.45,2148.8143956288695,0.2509015017345936,Loyal / High Value
8883-GRDWQ,0,0.07024598,0.07024598,Low,One year,DSL,20,54.0,1080.0,75.86565971374512,0.008737930803037816,Low Priority
6166-ILMNY,1,0.56031,0.56031,Medium,Month-to-month,Fiber optic,2,69.75,139.5,78.16324585676193,0.00792730421761284,Low Priority
3097-NNSPB,1,0.48738188,0.48738188,Medium,Month-to-month,DSL,2,49.05,98.1,47.81216198801994,0.004530357127759077,Low Priority
7771-ZONAT,0,0.029107515,0.029107515,Low,Two year,DSL,22,56.75,1248.5,36.340732188895345,0.004195600960151112,Low Priority
0655-RBDUG,1,0.8237894,0.8237894,Critical,Month-to-month,Fiber optic,7,98.05,686.35,565.4078668683768,0.06445993832225191,Automated Retention
2111-DWYHN,0,0.33515647,0.33515647,Medium,Month-to-month,No,1,21.1,21.1,7.0718015283346185,9.035773188244645e-05,Low Priority
4194-WHFCB,0,0.20792302,0.20792302,Low,Month-to-month,Fiber optic,59,96.65,5702.35,1185.649860997498,0.13851989264458847,Loyal / High Value
4121-AGSIN,0,0.028902797,0.028902797,Low,One year,No,58,24.5,1421.0,41.07087457738817,0.004750504265900907,Loyal / High Value
4361-BKAXE,1,0.32404897,0.32404897,Medium,Month-to-month,Fiber optic,41,114.5,4694.5,1521.2478716820478,0.1776017150129013,Loyal / High Value
9845-PEEKO,0,0.06174177,0.06174177,Low,Two year,Fiber optic,59,79.2,4672.8,288.5069396495819,0.03368180260531721,Loyal / High Value
0455-XFASS,0,0.6213281,0.6213281,High,Month-to-month,Fiber optic,3,69.55,208.64999999999998,129.64011129140852,0.013826793736015952,Automated Retention
0301-KOBTQ,0,0.016342312,0.016342312,Low,Two year,No,32,20.05,641.6,10.48522744178772,0.0011930316924176892,Low Priority
1751-NCDLI,0,0.59656423,0.59656423,Medium,Month-to-month,Fiber optic,46,98.85,4547.099999999999,2712.6372252523897,0.316652032265835,Loyal / High Value
9878-TNQGW,1,0.71120614,0.71120614,High,Month-to-month,Fiber optic,2,80.95,161.9,115.14427376389504,0.011929575952618128,Automated Retention
9170-ARBTB,0,0.026584907,0.026584907,Low,One year,No,52,19.6,1019.2,27.095336708426476,0.003117444259442937,Low Priority
4441-NIHPT,1,0.5711771,0.5711771,Medium,Month-to-month,Fiber optic,13,74.3,965.9,551.6999850153923,0.06340981984548745,Low Priority
8999-BOHSE,1,0.64712375,0.64712375,High,Month-to-month,Fiber optic,11,89.7,986.7,638.5170080959797,0.07341887208368329,Automated Retention
7241-AJHFS,0,0.18574658,0.18574658,Low,Month-to-month,Fiber optic,32,87.65,2804.8,520.982008600235,0.06065852082818634,Loyal / High Value
7029-RPUAV,1,0.61578166,0.61578166,High,Month-to-month,Fiber optic,17,100.45,1707.65,1051.5395599782466,0.12190112348545318,Priority Retention
4546-FOKWR,0,0.5305028,0.5305028,Medium,Month-to-month,Fiber optic,16,74.75,1196.0,634.4813442230225,0.07320281925813113,Low Priority
9036-CSKBW,0,0.20827994,0.20827994,Low,One year,Fiber optic,51,107.45,5479.95,1141.3636435344815,0.13332801724369064,Loyal / High Value
5832-TRLPB,0,0.10155707,0.10155707,Low,One year,DSL,29,75.35,2185.1499999999996,221.91742829121645,0.025788652874497567,Loyal / High Value
8590-YFFQO,0,0.020069504,0.020069504,Low,Two year,DSL,70,64.95,4546.5,91.24600064847618,0.010651337909125334,Loyal / High Value
8659-IOOPU,0,0.04162314,0.04162314,Low,Two year,Fiber optic,71,100.45,7131.95,296.8541648523882,0.034704572602915935,Loyal / High Value
1338-CECEE,0,0.05613519,0.05613519,Low,One year,DSL,41,68.5,2808.5,157.65567771159112,0.018356190941763575,Loyal / High Value
7439-DKZTW,0,0.83283895,0.83283895,Critical,Month-to-month,Fiber optic,1,80.55,80.55,67.08517762720585,0.006028202986617174,Automated Retention
4646-QZXTF,0,0.26105064,0.26105064,Low,Month-to-month,DSL,7,81.25,568.75,148.47255237400532,0.016828207088465295,Low Priority
4607-CHPCA,1,0.29009944,0.29009944,Low,One year,Fiber optic,25,90.4,2260.0,655.6247389316559,0.07621095149826036,Loyal / High Value
9742-XOKTS,0,0.08730902,0.08730902,Low,One year,Fiber optic,67,89.55,5999.849999999999,523.8410103119909,0.06121056835823505,Loyal / High Value
6921-OZMFH,0,0.32327387,0.32327387,Medium,Month-to-month,DSL,5,55.7,278.5,90.03177206218243,0.009840845760930571,Low Priority
9578-FOMUK,0,0.16029528,0.16029528,Low,Month-to-month,No,15,24.8,372.0,59.62984335422516,0.00663638082930269,Low Priority
4712-UYOOI,0,0.09233242,0.09233242,Low,Month-to-month,No,20,20.0,400.0,36.932969093322754,0.004125693870257007,Low Priority
8824-RWFXJ,1,0.3981597,0.3981597,Medium,Month-to-month,DSL,3,56.15,168.45,67.07000357955694,0.006984316506887668,Low Priority
7722-CVFXN,0,0.28345585,0.28345585,Low,One year,Fiber optic,54,105.2,5680.8,1610.2559852600098,0.18812441570993121,Loyal / High Value
8717-VCTXJ,0,0.028957605,0.028957605,Low,One year,No,42,19.55,821.1,23.777089762687684,0.0027232612975763362,Low Priority
7363-QTBIW,0,0.6017547,0.6017547,High,Month-to-month,Fiber optic,9,79.75,717.75,431.9094538539648,0.04930097348841336,Automated Retention
4159-NAAIX,0,0.0632091,0.0632091,Low,Two year,Fiber optic,63,97.45,6139.35,388.0627976484597,0.04534818859470816,Loyal / High Value
0971-QIFJK,0,0.013536847,0.013536847,Low,Two year,No,69,24.25,1673.25,22.650529571576044,0.0026251918656556494,Loyal / High Value
9397-TZSHA,0,0.016657619,0.016657619,Low,Two year,No,69,24.6,1697.4,28.27464216090739,0.003277555200600031,Loyal / High Value
3391-JSQEW,0,0.117962584,0.117962584,Low,Month-to-month,DSL,40,50.15,2006.0,236.63294330239296,0.027477406077114873,Loyal / High Value
0343-QLUZP,0,0.02296625,0.02296625,Low,Two year,DSL,60,39.6,2376.0,54.56781184673309,0.006345654343131199,Loyal / High Value
9763-PDTKK,1,0.5905067,0.5905067,Medium,Month-to-month,Fiber optic,4,94.4,377.6,222.97531967163087,0.024835169052639494,Low Priority
2176-LVPNX,0,0.023258688,0.023258688,Low,Two year,DSL,71,89.85,6379.349999999999,148.37531083552165,0.01734082514798261,Loyal / High Value
7627-JKIAZ,1,0.3514024,0.3514024,Medium,Month-to-month,Fiber optic,37,78.95,2921.15,1026.4991263806821,0.11954857009852168,Loyal / High Value
3312-UUMZW,0,0.45624676,0.45624676,Medium,Month-to-month,Fiber optic,32,98.85,3163.2,1443.199762201309,0.16816184394318673,Loyal / High Value
1271-UODNO,0,0.027835673,0.027835673,Low,Two year,DSL,39,53.85,2100.15,58.45908806556836,0.006791046677889222,Loyal / High Value
8461-EFQYM,0,0.05990814,0.05990814,Low,One year,No,38,24.25,921.5,55.20535142533481,0.0063389767424115425,Low Priority
6900-RBKER,0,0.07085543,0.07085543,Low,Two year,Fiber optic,52,89.45,4651.400000000001,329.57695295661694,0.03847581475630084,Loyal / High Value
6891-JPYFF,0,0.31409833,0.31409833,Medium,Month-to-month,Fiber optic,48,105.25,5052.0,1586.824754834175,0.18531035566639603,Loyal / High Value
1459-QNFQT,0,0.015856072,0.015856072,Low,Two year,DSL,70,59.5,4165.0,66.04054115712643,0.0077061195374345595,Loyal / High Value
1047-NNCBF,0,0.25750327,0.25750327,Low,Month-to-month,Fiber optic,20,70.55,1411.0,363.33711552619934,0.0420217617720209,Loyal / High Value
3696-XRIEN,0,0.09639666,0.09639666,Low,One year,DSL,50,82.5,4125.0,397.6362319663167,0.04639722134226993,Loyal / High Value
4081-DYXAV,1,0.23243415,0.23243415,Low,One year,DSL,19,44.85,852.15,198.06876395344733,0.022704777975733666,Low Priority
0074-HDKDG,0,0.050457813,0.050457813,Low,One year,DSL,25,61.6,1540.0,77.70503178238869,0.00899714282878017,Loyal / High Value
8791-GFXLZ,0,0.21324357,0.21324357,Low,Month-to-month,DSL,12,49.05,588.5999999999999,125.51516759991644,0.014242567096131907,Low Priority
8111-SLLHI,1,0.6072505,0.6072505,High,Month-to-month,Fiber optic,39,105.65,4120.35,2502.084645661712,0.29194818267568007,Priority Retention
0927-LCSMG,1,0.4865358,0.4865358,Medium,Month-to-month,Fiber optic,7,74.65,522.5500000000001,254.23927580118183,0.028728948212986768,Low Priority
9330-DHBFL,0,0.04205722,0.04205722,Low,One year,DSL,23,66.25,1523.75,64.08468881156296,0.007419121938013344,Loyal / High Value
0098-BOWSO,0,0.113743186,0.113743186,Low,Month-to-month,No,27,19.4,523.8,59.578680825233455,0.006732969444918613,Low Priority
3452-ABWRL,0,0.40379,0.40379,Medium,Month-to-month,Fiber optic,47,86.05,4044.35,1633.0680747747422,0.190533198474921,Loyal / High Value
5859-HZYLF,0,0.018930325,0.018930325,Low,Two year,No,26,19.15,497.9,9.425408959202468,0.0010631000145175334,Low Priority
8257-RZAHR,1,0.22442073,0.22442073,Low,Month-to-month,DSL,14,64.7,905.8000000000001,203.2802938818932,0.023333315855620144,Low Priority
5293-WXJAK,1,0.76243204,0.76243204,High,Month-to-month,Fiber optic,11,104.05,1144.55,872.6415899902581,0.10060810526785427,Automated Retention
3156-QLHBO,0,0.12796311,0.12796311,Low,Month-to-month,No,2,19.25,38.5,4.926579765975475,0.00029548871001146244,Low Priority
2208-NQBCT,0,0.24802206,0.24802206,Low,Month-to-month,Fiber optic,26,81.95,2130.7000000000003,528.4606129720808,0.061397903947654306,Loyal / High Value
1779-PWPMG,0,0.024965215,0.024965215,Low,Two year,Fiber optic,72,114.65,8254.800000000001,206.0828606978059,0.02410135908745403,Loyal / High Value
6621-NRZAK,0,0.012318283,0.012318283,Low,Two year,No,63,20.0,1260.0,15.521036982536316,0.001792180848664926,Low Priority
0831-JNISG,0,0.011057202,0.011057202,Low,Two year,No,71,19.8,1405.8,15.544214252382517,0.0017976766292023942,Loyal / High Value
0774-IFUVM,0,0.19013453,0.19013453,Low,Month-to-month,DSL,11,65.15,716.6500000000001,136.25990755558016,0.015552956029627437,Low Priority
3082-WQRVY,0,0.04895183,0.04895183,Low,One year,No,14,19.65,275.09999999999997,13.466648629680273,0.0014706435451330858,Low Priority
9553-DLCLU,0,0.03774752,0.03774752,Low,Two year,DSL,13,88.95,1156.3500000000001,43.64934585448355,0.005033253523602695,Low Priority
1641-BYBTK,0,0.11186803,0.11186803,Low,Month-to-month,No,6,20.2,121.19999999999999,13.558405396342277,0.0013427520638914457,Low Priority
2460-NGXBJ,0,0.56186956,0.56186956,Medium,Month-to-month,Fiber optic,11,75.2,827.2,464.7785014152527,0.05324167217458448,Low Priority
2446-ZKVAF,0,0.15543665,0.15543665,Low,Month-to-month,DSL,18,56.8,1022.4,158.91843087673186,0.018285378593663613,Low Priority
0841-NULXI,1,0.7534558,0.7534558,High,Month-to-month,DSL,1,35.55,35.55,26.785354319214818,0.0014793211912117275,Automated Retention
3522-CDKHF,0,0.24526837,0.24526837,Low,Month-to-month,Fiber optic,32,75.5,2416.0,592.5683932304382,0.06891848131405036,Loyal / High Value
1430-SFQSA,0,0.053030327,0.053030327,Low,One year,DSL,29,35.6,1032.4,54.748509556055076,0.006300583670428617,Low Priority
0411-EZJZE,0,0.5895617,0.5895617,Medium,Month-to-month,DSL,3,60.25,180.75,106.5632774233818,0.011191803901906935,Low Priority
7851-WZEKY,1,0.84621423,0.84621423,Critical,Month-to-month,Fiber optic,2,95.15,190.3,161.034568887949,0.01701117559934883,Automated Retention
8844-TONUD,1,0.61738306,0.61738306,High,Month-to-month,Fiber optic,13,96.65,1256.45,775.7109493047,0.08956584627289445,Automated Retention
8807-ARQET,0,0.3177609,0.3177609,Medium,Month-to-month,DSL,41,40.35,1654.3500000000001,525.6877690091729,0.060919198215417206,Loyal / High Value
8992-CEUEN,0,0.24780875,0.24780875,Low,Month-to-month,No,1,18.85,18.85,4.671195021271706,1.452367512449162e-06,Low Priority
4320-QMLLA,0,0.25926253,0.25926253,Low,Month-to-month,DSL,7,54.85,383.95,99.54384915977717,0.011096881277927679,Low Priority
8777-PVYGU,0,0.04607225,0.04607225,Low,One year,DSL,52,64.3,3343.6,154.04716964811087,0.017955388618103557,Loyal / High Value
8292-ITGYJ,0,0.01994753,0.01994753,Low,Two year,No,45,24.65,1109.25,22.126798430923373,0.002549674706223081,Low Priority
6870-ZWMNX,0,0.024296956,0.024296956,Low,Two year,DSL,70,76.1,5327.0,129.42988534085453,0.015117814910620106,Loyal / High Value
0621-CXBKL,0,0.020583883,0.020583883,Low,Two year,No,53,18.7,991.0999999999999,20.40068636983633,0.00234594305265284,Low Priority
5268-DSMNQ,0,0.1112839,0.1112839,Low,One year,Fiber optic,62,97.95,6072.900000000001,675.8159863114357,0.07897175649643526,Loyal / High Value
5334-JLAXU,0,0.1740394,0.1740394,Low,Month-to-month,Fiber optic,60,94.1,5646.0,982.6264166235924,0.11479680185937736,Loyal / High Value
4086-YQSNZ,1,0.7266258,0.7266258,High,Month-to-month,Fiber optic,3,80.4,241.20000000000002,175.26214299201968,0.018942420521090107,Automated Retention
6242-MBHPK,0,0.5128302,0.5128302,Medium,Month-to-month,Fiber optic,23,95.1,2187.2999999999997,1121.7134916722773,0.13035355916558372,Loyal / High Value
5868-CZJDR,1,0.5722745,0.5722745,Medium,Month-to-month,DSL,1,31.35,31.35,17.940805765986443,0.0008418563685595811,Low Priority
9359-UGBTK,0,0.050678506,0.050678506,Low,One year,DSL,67,72.35,4847.45,245.66152630224823,0.02868398002393205,Loyal / High Value
0135-NMXAP,1,0.69742036,0.69742036,High,Month-to-month,Fiber optic,12,89.75,1077.0,751.1217262744904,0.08650719987009131,Automated Retention
4782-OSFXZ,0,0.02009161,0.02009161,Low,Two year,DSL,71,82.7,5871.7,117.97190660927444,0.013784014481048719,Loyal / High Value
6479-OAUSD,0,0.026818078,0.026818078,Low,One year,No,25,19.9,497.49999999999994,13.341993810608981,0.001504807523443012,Low Priority
7129-ACFOG,0,0.39664197,0.39664197,Medium,Month-to-month,DSL,5,53.8,269.0,106.69668984413147,0.011632574645317502,Low Priority
4189-NAKJS,0,0.062910154,0.062910154,Low,One year,DSL,26,51.55,1340.3,84.31848002523184,0.009744909171200869,Low Priority
5562-BETPV,0,0.13235709,0.13235709,Low,One year,No,1,19.65,19.65,2.6008168324828147,1.3187303908577256e-05,Low Priority
1282-IHQAC,0,0.09727649,0.09727649,Low,One year,DSL,70,44.05,3083.5,299.9520459882915,0.034945054393627065,Loyal / High Value
9127-FHJBZ,0,0.027355507,0.027355507,Low,Two year,Fiber optic,72,114.0,8208.0,224.5340015888214,0.026258875428652143,Loyal / High Value
6270-OMFIW,1,0.2090131,0.2090131,Low,One year,Fiber optic,60,94.4,5664.0,1183.8502235412598,0.1383065427112025,Loyal / High Value
1641-RQDAY,0,0.51422536,0.51422536,Medium,Month-to-month,Fiber optic,32,100.4,3212.8,1652.1032485961914,0.19252107695963536,Loyal / High Value
0107-WESLM,1,0.47991174,0.47991174,Medium,Month-to-month,No,1,19.85,19.85,9.526248130202294,5.9066407049922983e-05,Low Priority
6994-ORCWG,0,0.11527452,0.11527452,Low,One year,DSL,14,54.25,759.5,87.5509969741106,0.010008420388927628,Low Priority
1346-UFHAX,0,0.40523016,0.40523016,Medium,Month-to-month,Fiber optic,13,80.0,1040.0,421.4393711090088,0.04850678029068412,Low Priority
3992-YWPKO,1,0.7392631,0.7392631,High,Month-to-month,Fiber optic,6,109.9,659.4000000000001,487.47009955644614,0.05551059088416102,Automated Retention
2933-XEUJM,0,0.026482364,0.026482364,Low,Two year,DSL,46,79.2,3643.2000000000003,96.48054911792279,0.011250783086982146,Loyal / High Value
0125-LZQXK,1,0.5543872,0.5543872,Medium,Month-to-month,Fiber optic,15,101.35,1520.25,842.8071587383747,0.09756947195664639,Loyal / High Value
5461-QKNTN,0,0.40379435,0.40379435,Medium,Month-to-month,Fiber optic,43,94.3,4054.9,1637.3457026779652,0.1910345987587977,Loyal / High Value
4835-YSJMR,0,0.022077197,0.022077197,Low,Two year,DSL,39,49.8,1942.1999999999998,42.878332419320934,0.004977410107815047,Loyal / High Value
8399-YNDCH,1,0.22840337,0.22840337,Low,Month-to-month,DSL,21,60.05,1261.05,288.02807547971605,0.03325840351159565,Low Priority
3164-YAXFY,0,0.2591709,0.2591709,Low,Month-to-month,DSL,57,53.75,3063.75,794.0348137915134,0.09250309464814446,Loyal / High Value
0887-WBJVH,0,0.20604637,0.20604637,Low,One year,Fiber optic,53,93.45,4952.85,1020.5167767897249,0.11916765577924163,Loyal / High Value
4660-IRIBM,0,0.3303579,0.3303579,Medium,Month-to-month,Fiber optic,18,87.9,1582.2,522.6922839403153,0.06054031733487748,Loyal / High Value
5673-FSSMF,1,0.6953333,0.6953333,High,Month-to-month,DSL,1,60.15,60.15,41.82429811656475,0.0033702213098473184,Automated Retention
7670-ZBPOQ,0,0.033902477,0.033902477,Low,One year,DSL,58,61.05,3540.8999999999996,120.04528248421846,0.013996614299011355,Loyal / High Value
8089-UZWLX,0,0.1093977,0.1093977,Low,Two year,Fiber optic,71,104.05,7387.55,808.1809928122908,0.09449131611217788,Loyal / High Value
0080-OROZO,0,0.28593284,0.28593284,Low,One year,Fiber optic,35,99.25,3473.75,993.2591991871595,0.11579656576044683,Loyal / High Value
3916-NRPAP,0,0.65080017,0.65080017,High,Month-to-month,Fiber optic,3,85.7,257.1,167.32072332501414,0.018178647805343465,Automated Retention
6807-SIWJI,0,0.319011,0.319011,Medium,One year,Fiber optic,38,104.85,3984.2999999999997,1271.0355383723972,0.1482837269692601,Loyal / High Value
8221-HVAYI,0,0.02053297,0.02053297,Low,Two year,DSL,35,69.15,2420.25,49.69491915497929,0.005779831598196506,Loyal / High Value
1579-KLYDT,1,0.78239495,0.78239495,High,Month-to-month,Fiber optic,7,90.45,633.15,495.37335982024666,0.05634193722366873,Automated Retention
5232-NXPAY,0,0.022900283,0.022900283,Low,Two year,DSL,47,74.45,3499.15,80.13152643740177,0.00934229664181744,Loyal / High Value
8967-SZQAS,0,0.21800275,0.21800275,Low,Month-to-month,DSL,14,50.45,706.3000000000001,153.97534336298705,0.017568090261083826,Low Priority
4468-KAZHE,0,0.29592788,0.29592788,Low,Month-to-month,DSL,20,60.0,1200.0,355.11345863342285,0.04097313560204495,Low Priority
0455-ENTCR,0,0.033907413,0.033907413,Low,Two year,DSL,66,85.25,5626.5,190.78006196022034,0.02228790821768874,Loyal / High Value
8944-AILEF,0,0.10996541,0.10996541,Low,Month-to-month,No,15,19.45,291.75,32.082407305017114,0.003518269137458055,Low Priority
5542-NKVRU,0,0.016578704,0.016578704,Low,Two year,No,42,20.75,871.5,14.448340639472008,0.0016570542247327348,Low Priority
7126-RBHSD,0,0.35037172,0.35037172,Medium,Month-to-month,Fiber optic,17,78.9,1341.3000000000002,469.95358589887627,0.05431435174334568,Low Priority
5370-IIVVL,0,0.28395313,0.28395313,Low,One year,Fiber optic,37,104.5,3866.5,1097.9047780930996,0.12806714872989608,Loyal / High Value
6789-HJBWG,0,0.29531306,0.29531306,Low,Month-to-month,DSL,12,49.4,592.8,175.06158213615416,0.019869384916872342,Low Priority
3927-NLNRY,1,0.19841336,0.19841336,Low,One year,Fiber optic,53,94.25,4995.25,991.1243222467601,0.11573918688256676,Loyal / High Value
9087-EYCPR,0,0.015054383,0.015054383,Low,Two year,No,60,25.0,1500.0,22.581574972718954,0.002613765070141857,Loyal / High Value
6791-YBNAK,0,0.15732256,0.15732256,Low,Month-to-month,DSL,18,25.55,459.90000000000003,72.35264340341092,0.008134257707560388,Low Priority
6358-LYNGM,1,0.8429591,0.8429591,Critical,Month-to-month,Fiber optic,1,74.9,74.9,63.13763703703881,0.005543183355780133,Automated Retention
6077-BDPXA,0,0.6464357,0.6464357,High,Month-to-month,Fiber optic,3,70.15,210.45000000000002,136.04238843619825,0.014521919271579626,Automated Retention
0013-MHZWF,0,0.2258977,0.2258977,Low,Month-to-month,DSL,9,69.4,624.6,141.09570316672327,0.01604098209095399,Low Priority
5494-HECPR,1,0.8379009,0.8379009,Critical,Month-to-month,Fiber optic,1,80.25,80.25,67.24154537916183,0.0060353770737507605,Automated Retention
8268-YDIXR,0,0.12786357,0.12786357,Low,One year,Fiber optic,56,93.15,5216.400000000001,666.9875320136548,0.07790037707215355,Loyal / High Value
9824-BEMCV,1,0.49513003,0.49513003,Medium,Month-to-month,Fiber optic,17,69.0,1173.0,580.7875278890133,0.06698695181003321,Low Priority
1373-ORVIZ,1,0.2990938,0.2990938,Low,Month-to-month,DSL,11,66.35,729.8499999999999,218.29361920207737,0.024928574587776694,Low Priority
4291-SHSBH,0,0.58607256,0.58607256,Medium,Month-to-month,Fiber optic,7,69.55,486.84999999999997,285.32942784428593,0.03215388968008425,Low Priority
6980-IMXXE,0,0.011212166,0.011212166,Low,Two year,No,69,20.2,1393.8,15.627517526596785,0.001807099680971027,Low Priority
9866-QEVEE,1,0.47149965,0.47149965,Medium,Month-to-month,Fiber optic,19,86.0,1634.0,770.430430829525,0.0892683605328817,Loyal / High Value
9897-KXHCM,1,0.6683703,0.6683703,High,Month-to-month,Fiber optic,3,80.3,240.89999999999998,161.0104068338871,0.01740025378280198,Automated Retention
0040-HALCW,0,0.015587635,0.015587635,Low,Two year,No,54,20.4,1101.6,17.17133908867836,0.001978419395198588,Low Priority
0784-GTUUK,0,0.025924837,0.025924837,Low,One year,No,62,23.75,1472.5,38.17432280164212,0.004417542181869785,Loyal / High Value
7979-CORPM,1,0.43778995,0.43778995,Medium,Month-to-month,Fiber optic,24,90.55,2173.2,951.4051123738288,0.11055591960967882,Loyal / High Value
2294-DMMUS,0,0.114607885,0.114607885,Low,Month-to-month,DSL,62,70.45,4367.900000000001,500.5957829877735,0.058425679240991985,Loyal / High Value
0872-JCPIB,0,0.15969987,0.15969987,Low,Month-to-month,DSL,17,65.75,1117.75,178.5045320801437,0.020571804023347795,Low Priority
3055-MJDSB,0,0.32401913,0.32401913,Medium,Month-to-month,DSL,9,24.6,221.4,71.7378362774849,0.007694846745762087,Low Priority
9091-WTUUY,0,0.012411944,0.012411944,Low,Two year,DSL,64,69.25,4432.0,55.00973419845104,0.006420713341391428,Loyal / High Value
1618-CFHME,1,0.75226986,0.75226986,High,Month-to-month,Fiber optic,2,75.9,151.8,114.19456536769867,0.011727763025477159,Automated Retention
3165-HDOEW,1,0.54870164,0.54870164,Medium,Month-to-month,DSL,1,45.85,45.85,25.157970374822618,0.0017397762880578848,Low Priority
6581-NQCBA,1,0.40351006,0.40351006,Medium,Month-to-month,DSL,16,49.95,799.2,322.4852430582047,0.036911484182428705,Low Priority
7115-IRDHS,0,0.011562857,0.011562857,Low,Two year,No,72,24.65,1774.8,20.521758329495785,0.002380014138784614,Loyal / High Value
8496-DMZUK,0,0.08204338,0.08204338,Low,One year,Fiber optic,30,90.4,2712.0,222.50164532661438,0.025900134774845786,Loyal / High Value
2040-VZIKE,0,0.32990584,0.32990584,Medium,Month-to-month,Fiber optic,49,100.85,4941.65,1630.2791832372545,0.19036911026433537,Loyal / High Value
9068-VPWQQ,0,0.019937513,0.019937513,Low,Two year,DSL,61,75.35,4596.349999999999,91.63978969836606,0.010697787467943379,Loyal / High Value
0178-SZBHO,0,0.32981017,0.32981017,Medium,Month-to-month,Fiber optic,47,87.2,4098.400000000001,1351.6940102338792,0.1577144574027422,Loyal / High Value
0384-RVBPI,0,0.12155252,0.12155252,Low,Month-to-month,DSL,20,64.4,1288.0,156.5596451163292,0.018083558907272645,Low Priority
1689-MRZQR,1,0.37322015,0.37322015,Medium,Month-to-month,Fiber optic,34,78.3,2662.2,993.5866718888282,0.11564259812800352,Loyal / High Value
1299-AURJA,0,0.012780937,0.012780937,Low,Two year,No,70,24.7,1729.0,22.098240706138313,0.002562120110143237,Loyal / High Value
4525-VZCZG,0,0.20190899,0.20190899,Low,One year,Fiber optic,54,105.85,5715.9,1154.0916001752018,0.13483398714709247,Loyal / High Value
1543-LLLFT,0,0.09686816,0.09686816,Low,One year,Fiber optic,61,98.3,5996.3,580.8505321383476,0.06787197706998735,Loyal / High Value
5835-BEQEU,1,0.7478744,0.7478744,High,Month-to-month,Fiber optic,3,76.95,230.85000000000002,172.64680042862895,0.018589033442007942,Automated Retention
2788-CJQAQ,0,0.03878766,0.03878766,Low,One year,No,13,19.45,252.85,9.807459643296896,0.0010641236460583587,Low Priority
5565-FILXA,1,0.74915045,0.74915045,High,Month-to-month,Fiber optic,16,96.15,1538.4,1152.4930599689485,0.13344066853607764,Priority Retention
0319-QZTCO,0,0.40384102,0.40384102,Medium,Month-to-month,DSL,3,58.7,176.10000000000002,71.11640338897706,0.007446102803574409,Low Priority
2120-SMPEX,0,0.07158657,0.07158657,Low,Month-to-month,No,25,20.15,503.74999999999994,36.061735460534685,0.004069287780595807,Low Priority
0096-FCPUF,0,0.10719888,0.10719888,Low,Month-to-month,DSL,30,64.5,1935.0,207.42983110249043,0.024078030309333157,Loyal / High Value
0668-OGMHD,0,0.2697315,0.2697315,Low,Month-to-month,DSL,21,28.5,598.5,161.43429784476757,0.01832841168872492,Low Priority
5552-ZNFSJ,1,0.5939449,0.5939449,Medium,Month-to-month,DSL,1,45.3,45.3,26.90570429563522,0.0018449385831410597,Low Priority
2223-KAGMX,1,0.10663534,0.10663534,Low,Month-to-month,No,15,19.4,291.0,31.030883811414242,0.003402351302011616,Low Priority
6507-ZJSUR,0,0.5222287,0.5222287,Medium,Month-to-month,Fiber optic,23,90.45,2080.35,1086.4185130834578,0.12619568327887556,Loyal / High Value
9408-HRXRK,0,0.36095354,0.36095354,Medium,Month-to-month,Fiber optic,45,105.15,4731.75,1707.9419110491872,0.1994040679511113,Loyal / High Value
5593-SUAOO,0,0.10796398,0.10796398,Low,One year,Fiber optic,24,83.15,1995.6000000000001,215.45291697978976,0.025016784762987406,Loyal / High Value
7321-PKUYW,1,0.6145915,0.6145915,High,Month-to-month,Fiber optic,11,90.15,991.6500000000001,609.4596404492855,0.07008455090003965,Automated Retention
2833-SLKDQ,1,0.5214881,0.5214881,Medium,Month-to-month,DSL,1,45.05,45.05,23.49303757548332,0.0016045880826037803,Low Priority
6766-HFKLA,0,0.09089739,0.09089739,Low,Two year,Fiber optic,56,103.2,5779.2,525.3141891002655,0.06137534206109896,Loyal / High Value
7595-EUIVN,1,0.74658924,0.74658924,High,Month-to-month,Fiber optic,1,75.8,75.8,56.59146465063095,0.004988229894327294,Automated Retention
7617-EYGLW,0,0.35183278,0.35183278,Medium,Month-to-month,No,1,19.45,19.45,6.843147517740726,2.68064639464702e-05,Low Priority
2026-TGDHM,1,0.6627915,0.6627915,High,Month-to-month,Fiber optic,7,79.3,555.1,367.9155564069748,0.0416653080908365,Automated Retention
9220-ZNKJI,0,0.047016937,0.047016937,Low,Two year,Fiber optic,55,88.8,4884.0,229.63072170317173,0.02681296925194595,Loyal / High Value
4030-VPZBD,1,0.581002,0.581002,Medium,Month-to-month,DSL,2,30.9,61.8,35.905923414230344,0.0029284374848488836,Low Priority
2226-ICFDO,0,0.013850949,0.013850949,Low,Two year,DSL,72,85.9,6184.8,85.66534797325731,0.010010895317929341,Loyal / High Value
0723-VSOBE,0,0.20148386,0.20148386,Low,One year,DSL,45,34.2,1539.0000000000002,310.08366148173815,0.0359030107021561,Loyal / High Value
5529-GIBVH,0,0.016611107,0.016611107,Low,Two year,No,47,20.15,947.05,15.73154859431088,0.0018073963555500373,Low Priority
4187-CINZD,1,0.21157272,0.21157272,Low,One year,Fiber optic,46,95.25,4381.5,927.0058796927333,0.10819442898146135,Loyal / High Value
9992-UJOEL,0,0.4725773,0.4725773,Medium,Month-to-month,DSL,2,50.3,100.6,47.541276746988295,0.004531229304014205,Low Priority
4741-WWJQZ,0,0.47194737,0.47194737,Medium,Month-to-month,Fiber optic,2,80.15,160.3,75.65316372513772,0.007827803020946128,Low Priority
6625-UTXEW,0,0.29284966,0.29284966,Low,Month-to-month,DSL,12,51.25,615.0,180.10254085063934,0.020465698523554513,Low Priority
6818-WOBHJ,1,0.26290888,0.26290888,Low,Month-to-month,Fiber optic,68,89.6,6092.799999999999,1601.8511993408201,0.1871845124335505,Loyal / High Value
6244-BESBM,0,0.07207846,0.07207846,Low,Two year,Fiber optic,69,95.2,6568.8,473.4689812481403,0.05533968330593605,Loyal / High Value
1004-NOZNR,0,0.16271943,0.16271943,Low,One year,Fiber optic,56,94.8,5308.8,863.8449022293091,0.10089855787846617,Loyal / High Value
1251-STYSZ,0,0.55572915,0.55572915,Medium,Month-to-month,Fiber optic,4,80.25,321.0,178.3890573978424,0.01968554826558128,Low Priority
2612-PHGOX,0,0.020708002,0.020708002,Low,Two year,DSL,64,76.1,4870.4,100.85625367164612,0.011776414013412532,Loyal / High Value
2408-TZMJL,1,0.28026098,0.28026098,Low,One year,Fiber optic,59,110.15,6498.85,1821.374070712924,0.2128780434506862,Loyal / High Value
8480-PPONV,0,0.07903977,0.07903977,Low,Two year,Fiber optic,62,115.55,7164.099999999999,566.2487975195049,0.06619969639589691,Loyal / High Value
8780-IHCRN,0,0.013299775,0.013299775,Low,Two year,No,63,24.65,1552.9499999999998,20.65388606744818,0.002391674124580692,Loyal / High Value
4598-ZADCK,0,0.10587414,0.10587414,Low,One year,DSL,53,53.6,2840.8,300.7672669708729,0.03502166554204622,Loyal / High Value
1257-SXUXQ,0,0.124066055,0.124066055,Low,Month-to-month,No,5,19.45,97.25,12.06542383134365,0.001140869045469404,Low Priority
9681-KYGYB,0,0.34753063,0.34753063,Medium,Month-to-month,Fiber optic,49,88.2,4321.8,1501.957890611887,0.17528885909456085,Loyal / High Value
7182-OVLBJ,0,0.058470942,0.058470942,Low,Two year,Fiber optic,62,101.15,6271.3,366.6888190664351,0.042853240500202866,Loyal / High Value
5095-ETBRJ,0,0.016495029,0.016495029,Low,Two year,DSL,55,56.8,3124.0,51.53046906739473,0.006003887205949194,Loyal / High Value
7005-CYUIL,0,0.039171983,0.039171983,Low,Two year,Fiber optic,71,99.4,7057.400000000001,276.4523496948183,0.03231853859043916,Loyal / High Value
4821-WQOYN,0,0.010779207,0.010779207,Low,Two year,No,72,20.1,1447.2,15.599667850881815,0.0018047893339777133,Loyal / High Value
4730-AWNAU,0,0.08321422,0.08321422,Low,One year,DSL,36,60.7,2185.2000000000003,181.83972094058993,0.021131293785276933,Loyal / High Value
3452-FLHYD,0,0.0329375,0.0329375,Low,One year,No,25,20.95,523.75,17.251015952788293,0.0019495253822466164,Low Priority
2388-LAESQ,0,0.024965215,0.024965215,Low,Two year,Fiber optic,72,114.85,8269.199999999999,206.44235980063675,0.024143498423401005,Loyal / High Value
9531-NSBMR,0,0.026392553,0.026392553,Low,One year,No,36,19.25,693.0,18.290039230138063,0.002085739313778506,Low Priority
6260-ONULR,0,0.60183364,0.60183364,High,Month-to-month,DSL,1,62.8,62.8,37.79515268802643,0.0031039807093116633,Automated Retention
4389-UEFCZ,0,0.06370697,0.06370697,Low,Two year,Fiber optic,72,105.5,7596.0,483.91815707087517,0.05658295034729251,Loyal / High Value
8711-LOBKY,0,0.015920341,0.015920341,Low,Two year,No,59,19.85,1171.15,18.645107379555704,0.002150436628900541,Low Priority
9134-CEQMF,1,0.7380536,0.7380536,High,Month-to-month,Fiber optic,7,89.5,626.5,462.39059284329414,0.052573516596715116,Automated Retention
8985-OOPOS,0,0.32666138,0.32666138,Medium,One year,DSL,1,74.1,74.1,24.205608120560644,0.002117448214955756,Low Priority
8800-ZKRFW,0,0.42708462,0.42708462,Medium,Month-to-month,Fiber optic,30,107.5,3225.0,1377.3479148745537,0.16050716475160917,Loyal / High Value
2616-FLVQC,0,0.014920949,0.014920949,Low,Two year,No,64,19.55,1251.2,18.66909139454365,0.0021554502945959945,Low Priority
9968-FFVVH,0,0.0299882,0.0299882,Low,One year,DSL,63,68.8,4334.4,129.98085179328916,0.015169855781508758,Loyal / High Value
3108-PCCGG,0,0.02575098,0.02575098,Low,Two year,DSL,72,84.45,6080.400000000001,156.57625746130944,0.018296621699341688,Loyal / High Value
7993-PYKOF,1,0.39545807,0.39545807,Medium,Month-to-month,Fiber optic,8,75.0,600.0,237.27484345436096,0.026941137435857906,Low Priority
8390-FESFV,0,0.020978808,0.020978808,Low,Two year,DSL,62,84.5,5239.0,109.9079772233963,0.01283683135144172,Loyal / High Value
3022-BEXHZ,0,0.15224193,0.15224193,Low,Two year,Fiber optic,67,111.2,7450.400000000001,1134.2632779955866,0.1326192246934445,Loyal / High Value
5027-XWQHA,1,0.3726424,0.3726424,Medium,Month-to-month,DSL,6,44.75,268.5,100.0544838309288,0.010906883762046883,Low Priority
6248-TKCQV,0,0.020172507,0.020172507,Low,Two year,DSL,70,80.6,5642.0,113.8132820725441,0.013296375533220738,Loyal / High Value
6729-GDNGC,0,0.34996182,0.34996182,Medium,Month-to-month,Fiber optic,20,80.7,1614.0,564.8383730649948,0.06543734655153098,Loyal / High Value
6198-ZFIOJ,0,0.6517265,0.6517265,High,Month-to-month,Fiber optic,5,75.6,378.0,246.3526110649109,0.027440471816402752,Automated Retention
5989-OMNJE,0,0.1511018,0.1511018,Low,One year,DSL,24,57.6,1382.4,208.88312530517578,0.024151633006631656,Low Priority
4566-QVRRW,1,0.34172985,0.34172985,Medium,Month-to-month,DSL,11,44.05,484.54999999999995,165.58519861251114,0.01865630596404544,Low Priority
1291-CUOCY,0,0.046271525,0.046271525,Low,Two year,Fiber optic,72,110.6,7963.2,368.46941045522686,0.04308883929331713,Loyal / High Value
9795-SHUHB,0,0.014234732,0.014234732,Low,Two year,DSL,66,58.2,3841.2000000000003,54.67845219410956,0.006377864688940887,Loyal / High Value
3230-IUALN,0,0.01907108,0.01907108,Low,Two year,DSL,45,81.0,3645.0,69.51408583670855,0.008106192509452997,Loyal / High Value
0042-RLHYP,0,0.0132822525,0.0132822525,Low,Two year,No,69,19.7,1359.3,18.054565790109336,0.0020870287232238947,Low Priority
8519-IMDHU,1,0.6071839,0.6071839,High,Month-to-month,Fiber optic,15,85.6,1284.0,779.6240937709808,0.09004700826921144,Automated Retention
4945-RVMTE,0,0.14506517,0.14506517,Low,Month-to-month,DSL,28,59.55,1667.3999999999999,241.88167030513284,0.028032919758440335,Loyal / High Value
0201-OAMXR,1,0.27721706,0.27721706,Low,One year,Fiber optic,70,115.55,8088.5,2242.2701924592257,0.26222084955517017,Loyal / High Value
1866-NXPSP,0,0.068537645,0.068537645,Low,One year,DSL,36,75.55,2719.7999999999997,186.40868698507546,0.021699195805781942,Loyal / High Value
3372-KWFBM,1,0.6711206,0.6711206,High,Month-to-month,Fiber optic,16,86.6,1385.6,929.9046812057494,0.10752152267281756,Automated Retention
7831-QGOXH,1,0.6328977,0.6328977,High,Month-to-month,Fiber optic,18,85.2,1533.6000000000001,970.6118744373323,0.112377320675477,Priority Retention
6393-WRYZE,1,0.5922344,0.5922344,Medium,Month-to-month,Fiber optic,34,97.65,3320.1000000000004,1966.2773421049121,0.22917565358809663,Loyal / High Value
3941-XTSKM,0,0.103843026,0.103843026,Low,One year,DSL,42,45.1,1894.2,196.6994595900178,0.022827645665766855,Loyal / High Value
1661-CZBAU,0,0.06419115,0.06419115,Low,One year,DSL,48,70.95,3405.6000000000004,218.6093725562096,0.025483235533070445,Loyal / High Value
6599-RCLCJ,1,0.4823363,0.4823363,Medium,Month-to-month,Fiber optic,47,109.55,5148.849999999999,2483.477322782576,0.29004236216557644,Loyal / High Value
9831-BPFRI,1,0.17399482,0.17399482,Low,One year,Fiber optic,39,89.55,3492.45,607.6682240925729,0.07084549903834345,Loyal / High Value
5158-RIVOP,0,0.023880653,0.023880653,Low,Two year,No,11,20.9,229.89999999999998,5.490162143856287,0.0005909140409191892,Low Priority
9788-YTFGE,0,0.123751186,0.123751186,Low,Month-to-month,No,7,19.95,139.65,17.281853101775052,0.0017530160830936073,Low Priority
9277-JOOMO,0,0.19455306,0.19455306,Low,Month-to-month,No,3,24.6,73.80000000000001,14.358015999197962,0.0012542688516957235,Low Priority
1907-YLNYW,0,0.28494203,0.28494203,Low,Month-to-month,DSL,8,66.7,533.6,152.04506769180298,0.017194317037551275,Low Priority
1725-MIMXW,1,0.381076,0.381076,Medium,Month-to-month,No,1,19.45,19.45,7.411928357183933,2.9034532686249643e-05,Low Priority
8947-YRTDV,0,0.11323507,0.11323507,Low,One year,Fiber optic,32,94.8,3033.6,343.5099123001099,0.04001560073139094,Loyal / High Value
3161-ONRWK,0,0.024457691,0.024457691,Low,One year,DSL,60,65.85,3950.9999999999995,96.63233807869254,0.011273037026846249,Loyal / High Value
0114-RSRRW,0,0.12315708,0.12315708,Low,Month-to-month,No,10,19.95,199.5,24.569836769253016,0.0026085994620154212,Low Priority
4565-NLZBV,0,0.012882131,0.012882131,Low,Two year,No,71,24.65,1750.1499999999999,22.54566183541901,0.00261434238674092,Loyal / High Value
0031-PVLZI,1,0.12761064,0.12761064,Low,Month-to-month,No,4,20.35,81.4,10.387505993247032,0.0009363777645558276,Low Priority
7206-GZCDC,1,0.8377218,0.8377218,Critical,Month-to-month,Fiber optic,1,69.25,69.25,58.01223635673523,0.004953941538516329,Automated Retention
6682-VCIXC,0,0.047796328,0.047796328,Low,One year,DSL,43,51.25,2203.75,105.33115699421614,0.012241253989467614,Loyal / High Value
4791-QRGMF,1,0.25996542,0.25996542,Low,One year,Fiber optic,59,99.5,5870.5,1526.1269967556,0.17831484982932497,Loyal / High Value
6475-VHUIZ,0,0.14326271,0.14326271,Low,Month-to-month,DSL,23,54.25,1247.75,178.75605157762766,0.02063750850427295,Low Priority
3910-MRQOY,0,0.013061912,0.013061912,Low,Two year,No,72,19.4,1396.8,18.244878400862216,0.0021098221186985136,Loyal / High Value
0661-WCQNQ,0,0.055356376,0.055356376,Low,One year,DSL,22,56.25,1237.5,68.50351514294744,0.007907775609121034,Low Priority
7537-RBWEA,0,0.6090615,0.6090615,High,Month-to-month,DSL,1,25.15,25.15,15.317896211147307,0.000453340725250827,Automated Retention
4656-CAURT,0,0.013958079,0.013958079,Low,Two year,No,69,23.95,1652.55,23.066423135949297,0.002673013322198348,Loyal / High Value
0121-SNYRK,0,0.041213393,0.041213393,Low,One year,DSL,50,35.4,1770.0,72.9477059841156,0.008459876007096533,Loyal / High Value
1768-ZAIFU,1,0.7907207,0.7907207,High,Month-to-month,DSL,1,25.2,25.2,19.926161670684813,0.0005931888231190182,Automated Retention
4671-LXRDQ,1,0.49782944,0.49782944,Medium,Month-to-month,DSL,2,45.0,90.0,44.804649353027344,0.004154803067870544,Low Priority
3733-LSYCE,0,0.35447937,0.35447937,Medium,Month-to-month,Fiber optic,15,75.35,1130.25,400.65031076967716,0.046181791373622855,Low Priority
6265-FRMTQ,0,0.01546072,0.01546072,Low,Two year,No,31,20.4,632.4,9.77735950872302,0.001112000418153423,Low Priority
1934-SJVJK,1,0.3564713,0.3564713,Medium,Month-to-month,No,1,20.15,20.15,7.182896697521209,5.640897589658126e-05,Low Priority
3838-OZURD,1,0.40060508,0.40060508,Medium,Month-to-month,Fiber optic,66,105.0,6930.0,2776.19322180748,0.3245336935315379,Loyal / High Value
9269-CQOOL,1,0.449516,0.449516,Medium,Month-to-month,DSL,3,54.7,164.10000000000002,73.76557533144953,0.007655977419614568,Low Priority
2017-CCBLH,0,0.028914636,0.028914636,Low,Two year,No,8,20.0,160.0,4.626341760158539,0.0004785665092061972,Low Priority
7690-KPNCU,0,0.068448015,0.068448015,Low,One year,DSL,64,73.05,4675.2,320.008157658577,0.037359496317622205,Loyal / High Value
0536-BGFMZ,0,0.058262218,0.058262218,Low,Month-to-month,No,28,20.5,574.0,33.44251301139593,0.003791633453317942,Low Priority
2293-IJWPS,0,0.24849392,0.24849392,Low,One year,Fiber optic,57,100.75,5742.75,1427.0384862832725,0.16672529075607384,Loyal / High Value
2845-HSJCY,1,0.6103721,0.6103721,High,Month-to-month,Fiber optic,14,87.25,1221.5,745.5695520341396,0.08604821784314207,Automated Retention
5469-NUJUR,0,0.02024462,0.02024462,Low,Two year,No,19,19.95,379.05,7.6737234916538,0.0008548767607996557,Low Priority
1184-PJVDB,1,0.6240442,0.6240442,High,Month-to-month,Fiber optic,10,79.95,799.5,498.9233218431473,0.057107006196164586,Automated Retention
2625-TRCZQ,0,0.3377382,0.3377382,Medium,Month-to-month,DSL,51,49.65,2532.15,855.2037479862571,0.0994999847720347,Loyal / High Value
4102-HLENU,0,0.016994046,0.016994046,Low,Two year,DSL,67,65.65,4398.55,74.74916124148295,0.008724408427395108,Loyal / High Value
7266-GSSJX,0,0.111362234,0.111362234,Low,Month-to-month,No,11,20.45,224.95,25.05093448385596,0.0026909842096312442,Low Priority
7722-VJRQD,0,0.013186536,0.013186536,Low,Two year,DSL,72,60.95,4388.400000000001,57.86779369600118,0.0067540189918180935,Loyal / High Value
7073-QETQY,0,0.036346264,0.036346264,Low,One year,No,66,20.35,1343.1000000000001,48.81666742488742,0.005642038360164715,Low Priority
9415-DPEWS,1,0.55181366,0.55181366,Medium,Month-to-month,Fiber optic,18,88.35,1590.3,877.5492667615414,0.10164750209993445,Loyal / High Value
5624-RYAMH,0,0.17388543,0.17388543,Low,Month-to-month,No,9,19.5,175.5,30.516893818974495,0.0031939056221275556,Low Priority
0196-JTUQI,0,0.58524543,0.58524543,Medium,Month-to-month,Fiber optic,9,75.2,676.8000000000001,396.0941073417664,0.04513919416365102,Low Priority
7130-YXBRO,0,0.34664786,0.34664786,Medium,Month-to-month,Fiber optic,48,111.45,5349.6,1854.4273844718934,0.21660615209230155,Loyal / High Value
9272-LSVYH,0,0.38324627,0.38324627,Medium,Month-to-month,Fiber optic,10,70.15,701.5,268.84726037085056,0.03066886609646548,Low Priority
7943-RQCHR,1,0.79282784,0.79282784,High,Month-to-month,Fiber optic,9,94.75,852.75,676.0839444994926,0.07750126371678559,Automated Retention
3793-MMFUH,1,0.7306696,0.7306696,High,Month-to-month,Fiber optic,13,95.05,1235.6499999999999,902.8519130527973,0.10421925687370157,Automated Retention
3249-ZPQRG,1,0.64763945,0.64763945,High,Month-to-month,Fiber optic,4,78.45,313.8,203.2292604804039,0.022394696965992493,Automated Retention
2568-BRGYX,1,0.6356813,0.6356813,High,Month-to-month,Fiber optic,4,70.2,280.8,178.4993010520935,0.01952228211117971,Automated Retention
3084-DOWLE,0,0.03129763,0.03129763,Low,Two year,DSL,72,92.0,6624.0,207.31551146507263,0.024231891878248268,Loyal / High Value
1084-MNSMJ,0,0.019367836,0.019367836,Low,Two year,DSL,51,85.5,4360.5,84.45345069095492,0.009856683159032549,Loyal / High Value
7721-JXEAW,1,0.18546318,0.18546318,Low,Month-to-month,DSL,59,41.05,2421.95,449.1825371213257,0.052243040771285075,Loyal / High Value
7249-WBIYX,1,0.7314245,0.7314245,High,Month-to-month,Fiber optic,10,85.6,856.0,626.0993809700012,0.07177754596926535,Automated Retention
4238-HFHSN,0,0.2799375,0.2799375,Low,Month-to-month,Fiber optic,61,82.15,5011.150000000001,1402.8088317990305,0.16381587662831207,Loyal / High Value
6250-CGGUN,0,0.10912432,0.10912432,Low,One year,Fiber optic,54,84.4,4557.6,497.34499064683916,0.05805671575778937,Loyal / High Value
5478-JJVZK,0,0.09989045,0.09989045,Low,Month-to-month,DSL,33,60.9,2009.7,200.74983365312218,0.023311127769580532,Loyal / High Value
7596-IIWYC,0,0.017157288,0.017157288,Low,Two year,No,27,20.25,546.75,9.380747360643,0.0010617721236403648,Low Priority
6567-HOOPW,1,0.85842025,0.85842025,Critical,Month-to-month,Fiber optic,1,79.2,79.2,67.98688402175904,0.006077525233158204,Automated Retention
9793-WECQC,0,0.31068245,0.31068245,Medium,Month-to-month,Fiber optic,23,95.3,2191.9,680.9848528712988,0.079138224738715,Loyal / High Value
4291-HPAXL,0,0.33181432,0.33181432,Medium,Month-to-month,No,1,19.85,19.85,6.586514230072499,4.083892475151294e-05,Low Priority
8999-YPYBV,0,0.016983494,0.016983494,Low,Two year,DSL,45,84.35,3795.7499999999995,64.46509796753524,0.007518966649155936,Loyal / High Value
1839-FBNFR,0,0.01689979,0.01689979,Low,Two year,No,39,19.85,774.1500000000001,13.082972904480995,0.0014963026116984646,Low Priority
3164-AALRN,1,0.33099368,0.33099368,Medium,One year,DSL,5,70.0,350.0,115.84778875112534,0.012849904764485555,Low Priority
3071-MVJCD,0,0.012223466,0.012223466,Low,Two year,DSL,72,82.3,5925.599999999999,72.43137190416455,0.008463237380173296,Loyal / High Value
1697-BCSHV,0,0.09617873,0.09617873,Low,Month-to-month,DSL,58,66.8,3874.3999999999996,372.63488240838046,0.04346712329232783,Loyal / High Value
0562-KBDVM,0,0.018710343,0.018710343,Low,Two year,DSL,70,44.6,3122.0,58.413691367954016,0.00680583469106467,Loyal / High Value
1131-SUEKT,0,0.11728746,0.11728746,Low,One year,Fiber optic,61,98.45,6005.45,704.3639585763216,0.08230482867415169,Loyal / High Value
3717-OEAUQ,0,0.5529321,0.5529321,Medium,Month-to-month,Fiber optic,2,70.7,141.4,78.18459662199021,0.007946065436302498,Low Priority
4538-WNTMJ,0,0.029765788,0.029765788,Low,One year,No,46,24.95,1147.7,34.162195422127844,0.003938789220622183,Low Priority
3334-CTHOL,1,0.5961732,0.5961732,Medium,Month-to-month,DSL,1,49.95,49.95,29.77885268032551,0.0021768093604485478,Low Priority
4704-ERYFC,1,0.44210184,0.44210184,Medium,Month-to-month,Fiber optic,22,69.25,1523.5,673.5421474575996,0.07797620884951173,Loyal / High Value
9432-RUVSL,0,0.08159657,0.08159657,Low,Two year,Fiber optic,48,102.5,4920.0,401.4551156759262,0.0468774732972222,Loyal / High Value
8060-HIWJJ,0,0.021031946,0.021031946,Low,Two year,DSL,64,86.55,5539.2,116.50015497207642,0.013609428261948185,Loyal / High Value
7684-XSZIY,0,0.009814826,0.009814826,Low,Two year,No,72,24.3,1749.6000000000001,17.172019290179016,0.001991220527520335,Loyal / High Value
9089-UOWJG,0,0.21875928,0.21875928,Low,Month-to-month,DSL,12,58.35,700.2,153.17525025308134,0.017472638752428847,Low Priority
8621-MNIHH,1,0.5102118,0.5102118,Medium,Month-to-month,Fiber optic,34,94.25,3204.5,1634.973794400692,0.1905220616189658,Loyal / High Value
8039-ACLPL,0,0.014545637,0.014545637,Low,Two year,DSL,72,68.75,4950.0,72.00090405531228,0.00840766200256399,Loyal / High Value
9885-AIBVB,0,0.49255735,0.49255735,Medium,Month-to-month,Fiber optic,29,85.8,2488.2,1225.5811903595923,0.1425732736589648,Loyal / High Value
1934-MKPXS,0,0.024084602,0.024084602,Low,One year,No,33,20.1,663.3000000000001,15.97531620897353,0.0018195008556603051,Low Priority
2592-YKDIF,0,0.33661443,0.33661443,Medium,Month-to-month,No,1,20.35,20.35,6.850103649497033,6.115814497651059e-05,Low Priority
2272-JKMSI,0,0.19048807,0.19048807,Low,One year,Fiber optic,62,110.8,6869.599999999999,1308.57684738636,0.15296742212885273,Loyal / High Value
0471-LVHGK,1,0.1914336,0.1914336,Low,One year,DSL,41,73.0,2993.0,572.9607457369566,0.06673876994756865,Loyal / High Value
9518-RWHZL,1,0.21529181,0.21529181,Low,One year,Fiber optic,64,100.05,6403.2,1378.556537103653,0.16111555830586005,Loyal / High Value
8714-CTZJW,0,0.6716968,0.6716968,High,Month-to-month,Fiber optic,4,82.85,331.4,222.60031359195708,0.02461229534980415,Automated Retention
3569-EDBPQ,0,0.35117015,0.35117015,Medium,Month-to-month,Fiber optic,24,84.35,2024.3999999999999,710.9088565707207,0.08255659903707757,Loyal / High Value
3131-NWVFJ,0,0.04068386,0.04068386,Low,One year,No,14,19.55,273.7,11.135172980651259,0.0012155753444298256,Low Priority
7521-YXVZY,0,0.1428703,0.1428703,Low,Month-to-month,No,3,19.95,59.849999999999994,8.550787872076034,0.0006874561727617077,Low Priority
5419-CONWX,1,0.78476036,0.78476036,High,Month-to-month,Fiber optic,4,99.8,399.2,313.27633409500123,0.03499189321586089,Automated Retention
6240-EURKS,1,0.36160243,0.36160243,Medium,Month-to-month,DSL,18,35.0,630.0,227.8095281124115,0.025906250294401335,Low Priority
2373-NTKOD,0,0.39427805,0.39427805,Medium,Month-to-month,DSL,8,66.25,530.0,208.9673662185669,0.023625625807453792,Low Priority
1970-KKFWL,0,0.01972903,0.01972903,Low,Two year,No,35,23.3,815.5,16.089023465290666,0.0018424275263515843,Low Priority
6960-HVYXR,1,0.8181909,0.8181909,Critical,Month-to-month,Fiber optic,1,76.0,76.0,62.18250632286072,0.005485807145147152,Automated Retention
9337-SRRNI,0,0.015001707,0.015001707,Low,Two year,No,66,25.3,1669.8,25.04984997957945,0.0029032044603495622,Loyal / High Value
0895-UADGO,0,0.04135196,0.04135196,Low,Two year,DSL,8,44.55,356.4,14.737838226556777,0.0016363959812572457,Low Priority
5678-VFNEQ,0,0.123985544,0.123985544,Low,One year,Fiber optic,71,104.1,7391.099999999999,916.3895531281828,0.10714303086363672,Loyal / High Value
5977-CKHON,0,0.32373962,0.32373962,Medium,Month-to-month,Fiber optic,43,92.55,3979.65,1288.3703710243105,0.150305240318446,Loyal / High Value
7024-OHCCK,1,0.8565435,0.8565435,Critical,Month-to-month,Fiber optic,2,93.85,187.7,160.7732114493847,0.016957777803826624,Automated Retention
2692-BUCFV,0,0.44657558,0.44657558,Medium,Month-to-month,Fiber optic,29,101.45,2942.05,1313.847691103816,0.15302091970199974,Loyal / High Value
7861-UVUFT,1,0.58551043,0.58551043,Medium,Month-to-month,Fiber optic,15,84.3,1264.5,740.3779421746731,0.08549446104176829,Low Priority
1830-GGFNM,0,0.054728393,0.054728393,Low,Two year,Fiber optic,65,94.55,6145.75,336.3470182782039,0.039304918944461004,Loyal / High Value
5302-BDJNT,0,0.3389025,0.3389025,Medium,Month-to-month,Fiber optic,35,95.5,3342.5,1132.7816171199083,0.1320342097311949,Loyal / High Value
5223-UZAVK,0,0.1545205,0.1545205,Low,One year,Fiber optic,64,100.3,6419.2,991.8979725837708,0.11592659734214661,Loyal / High Value
4859-ZSRDZ,0,0.019804057,0.019804057,Low,Two year,DSL,58,55.5,3219.0,63.74925862625241,0.007428842643433057,Loyal / High Value
5651-WYIPH,0,0.22416598,0.22416598,Low,Month-to-month,DSL,18,49.85,897.3000000000001,201.144130307436,0.023083482975166762,Low Priority
9350-VLHMB,0,0.22937216,0.22937216,Low,Month-to-month,Fiber optic,67,89.55,5999.849999999999,1376.1985460557041,0.16080813361228763,Loyal / High Value
3498-LZGQZ,0,0.017228134,0.017228134,Low,Two year,No,63,19.15,1206.4499999999998,20.784882235899566,0.0023983722474144463,Low Priority
8785-CJSHH,0,0.40983048,0.40983048,Medium,Month-to-month,Fiber optic,60,99.8,5988.0,2454.064919114113,0.28675451355903153,Loyal / High Value
5357-TZHPP,1,0.72517365,0.72517365,High,Month-to-month,Fiber optic,9,84.4,759.6,550.8419061899185,0.06296988014922675,Automated Retention
3870-SPZSI,0,0.062093735,0.062093735,Low,Two year,Fiber optic,70,113.05,7913.5,491.37876987457275,0.057461014588972,Loyal / High Value
0680-DFNNY,1,0.74392813,0.74392813,High,Month-to-month,Fiber optic,15,101.1,1516.5,1128.1670158803463,0.1306007556912097,Priority Retention
7560-QRBXH,0,0.024303785,0.024303785,Low,One year,No,48,19.95,957.5999999999999,23.27330412715673,0.0026744646681346896,Low Priority
7077-XJMET,0,0.30978936,0.30978936,Medium,Month-to-month,DSL,12,74.15,889.8000000000001,275.65057214498523,0.03162820379138664,Low Priority
8752-GHJFU,0,0.07924212,0.07924212,Low,One year,Fiber optic,71,92.0,6532.0,517.609512835741,0.06049790897211709,Loyal / High Value
6896-SRVYQ,0,0.35718185,0.35718185,Medium,Month-to-month,Fiber optic,44,73.85,3249.3999999999996,1160.6266939520835,0.1352578389003526,Loyal / High Value
7767-UXAGJ,1,0.678935,0.678935,High,Month-to-month,DSL,1,50.45,50.45,34.25227031409741,0.0025187889718368862,Automated Retention
4652-ODEVH,0,0.01807388,0.01807388,Low,Two year,No,45,24.45,1100.25,19.88578557036817,0.0022911192612692474,Low Priority
6510-UPNKS,0,0.040426545,0.040426545,Low,One year,No,23,24.8,570.4,23.059301179647445,0.002613850588025071,Low Priority
6718-BDGHG,0,0.06253272,0.06253272,Low,One year,DSL,43,64.85,2788.5499999999997,174.3756245821714,0.020301951588371125,Loyal / High Value
9046-DQMTP,0,0.06108874,0.06108874,Low,Month-to-month,No,35,20.75,726.25,44.36569802463055,0.005065785551517755,Low Priority
6439-LAJXL,0,0.17617321,0.17617321,Low,Month-to-month,DSL,9,68.95,620.5500000000001,109.32428555488588,0.012426414713542978,Low Priority
1571-SAVHK,1,0.73249865,0.73249865,High,Month-to-month,Fiber optic,12,99.95,1199.4,878.5588757514954,0.10136767409166178,Automated Retention
9052-VKDUW,0,0.2561752,0.2561752,Low,Month-to-month,Fiber optic,65,109.4,7111.0,1821.6617775857449,0.2129648448060988,Loyal / High Value
9546-CQJSU,1,0.8233901,0.8233901,Critical,Month-to-month,Fiber optic,2,91.4,182.8,150.5157150745392,0.01582848610997826,Automated Retention
1666-JZPZT,0,0.111722834,0.111722834,Low,Month-to-month,DSL,27,49.0,1323.0,147.80930992215872,0.017079534020452338,Low Priority
5777-KJIRB,0,0.05319826,0.05319826,Low,One year,DSL,40,50.25,2010.0,106.9285012409091,0.012416585470463825,Loyal / High Value
0506-LVNGN,1,0.6355608,0.6355608,High,Month-to-month,Fiber optic,5,75.55,377.75,240.08309619128704,0.02674120322494458,Automated Retention
7677-SJJJK,0,0.050085668,0.050085668,Low,One year,No,8,19.9,159.2,7.973638269305229,0.0008242718163816241,Low Priority
2480-EJWYP,0,0.22880912,0.22880912,Low,One year,Fiber optic,58,97.8,5672.4,1297.8968424797058,0.15163109891412851,Loyal / High Value
3253-HKOKL,0,0.17087767,0.17087767,Low,One year,Fiber optic,52,100.3,5215.599999999999,891.2295510411261,0.10409052078650573,Loyal / High Value
7055-HNEOJ,0,0.35524958,0.35524958,Medium,Month-to-month,DSL,3,55.8,167.39999999999998,59.46878031492233,0.00618788542537562,Low Priority
5514-YQENT,0,0.108210534,0.108210534,Low,Two year,Fiber optic,41,111.15,4557.150000000001,493.1316343680025,0.05756485328341667,Loyal / High Value
3211-AAPKX,0,0.49497893,0.49497893,Medium,Month-to-month,Fiber optic,20,98.55,1971.0,975.6034799516201,0.11326634892893414,Loyal / High Value
8445-DNBAE,0,0.6187379,0.6187379,High,Month-to-month,DSL,1,50.05,50.05,30.967830714583396,0.002266452390985634,Automated Retention
2951-QOQTK,1,0.6422548,0.6422548,High,Month-to-month,Fiber optic,4,80.8,323.2,207.5767608642578,0.022916163033501864,Automated Retention
2958-NHPPS,0,0.08883451,0.08883451,Low,Month-to-month,No,23,20.85,479.55,42.600588912516834,0.004797742420591593,Low Priority
6806-YDEUL,0,0.16948059,0.16948059,Low,Month-to-month,No,6,19.5,117.0,19.82922926545143,0.0019508385849139873,Low Priority
1735-XMJVH,0,0.12176154,0.12176154,Low,Month-to-month,No,8,19.35,154.8,18.8486860960722,0.0019410597782271834,Low Priority
6890-PFRQX,0,0.13928682,0.13928682,Low,Month-to-month,DSL,18,69.5,1251.0,174.24780696630478,0.020117828069116418,Low Priority
0222-CNVPT,0,0.2507887,0.2507887,Low,Month-to-month,DSL,52,48.8,2537.6,636.4013763427735,0.07404427853009794,Loyal / High Value
5899-OUVKV,0,0.4881666,0.4881666,Medium,Month-to-month,Fiber optic,31,94.5,2929.5,1430.0840560644865,0.16655412180885806,Loyal / High Value
8681-ICONS,0,0.06061588,0.06061588,Low,Month-to-month,No,29,20.65,598.8499999999999,36.29981887098401,0.004121371009260442,Low Priority
1621-YNCJH,0,0.10736473,0.10736473,Low,Two year,Fiber optic,36,106.05,3817.7999999999997,409.8970625549554,0.04781022665614159,Loyal / High Value
3473-XIIIT,1,0.7380732,0.7380732,High,Month-to-month,Fiber optic,16,100.0,1600.0,1180.9171676635742,0.13679686221674878,Priority Retention
6362-QHAFM,0,0.4406087,0.4406087,Medium,One year,Fiber optic,42,108.3,4548.599999999999,2004.152778536081,0.23394942502662344,Loyal / High Value
7893-IXHRQ,1,0.32000485,0.32000485,Medium,Month-to-month,No,1,20.55,20.55,6.576099680364132,6.564240535862313e-05,Low Priority
3070-BDOQC,0,0.09539023,0.09539023,Low,Two year,Fiber optic,60,99.65,5979.0,570.3381876647472,0.06664301051820411,Loyal / High Value
2952-QAYZF,1,0.75914073,0.75914073,High,Month-to-month,Fiber optic,5,85.3,426.5,323.77352130413055,0.03627879730658431,Automated Retention
6234-PFPXL,0,0.3056123,0.3056123,Medium,Month-to-month,Fiber optic,22,95.9,2109.8,644.7808218181134,0.07490567688670202,Loyal / High Value
9824-QCJPK,0,0.024488214,0.024488214,Low,One year,No,36,20.0,720.0,17.631514370441437,0.0020127456793484723,Low Priority
4763-PGDPO,1,0.5864863,0.5864863,Medium,Month-to-month,Fiber optic,4,70.4,281.6,165.1545364379883,0.01806646126859723,Low Priority
4283-IVYCI,0,0.14774401,0.14774401,Low,Month-to-month,DSL,9,64.95,584.5500000000001,86.36376388594509,0.009797704473765958,Low Priority
1866-OBPNR,0,0.64991546,0.64991546,High,Month-to-month,Fiber optic,1,74.6,74.6,48.48369307518005,0.004250900516676348,Automated Retention
8205-MQUGY,0,0.24132606,0.24132606,Low,Month-to-month,DSL,12,49.2,590.4000000000001,142.47890810966493,0.016169117839094492,Low Priority
8970-ANWXO,0,0.12820199,0.12820199,Low,One year,DSL,23,73.75,1696.25,217.46262777596712,0.025207758620025035,Loyal / High Value
9480-BQJEI,0,0.09686503,0.09686503,Low,One year,Fiber optic,62,92.3,5722.599999999999,554.3198100507259,0.06476213750956943,Loyal / High Value
5394-SVGJV,1,0.30557233,0.30557233,Medium,Month-to-month,Fiber optic,37,98.8,3655.6,1117.0502130270004,0.1302636737159026,Loyal / High Value
6979-TNDEU,0,0.106616355,0.106616355,Low,Month-to-month,No,8,19.2,153.6,16.376272201538086,0.0016846263970528561,Low Priority
9777-WJJPR,0,0.3171408,0.3171408,Medium,Month-to-month,Fiber optic,31,88.65,2748.15,871.5504561021925,0.1014614836471777,Loyal / High Value
9283-LZQOH,1,0.5035736,0.5035736,Medium,Month-to-month,Fiber optic,13,74.4,967.2,487.0563825130463,0.05598147961591207,Low Priority
7079-QRCBC,1,0.67850494,0.67850494,High,Month-to-month,Fiber optic,24,98.75,2370.0,1608.0567169189453,0.1869960643256059,Priority Retention
9495-SKLKD,0,0.3346139,0.3346139,Medium,Month-to-month,Fiber optic,45,95.95,4317.75,1444.77912119776,0.16861501079285338,Loyal / High Value
6048-UWKAL,0,0.0996536,0.0996536,Low,Two year,Fiber optic,69,105.4,7272.6,724.7407833337784,0.08473219425436346,Loyal / High Value
5067-DGXLL,0,0.15281963,0.15281963,Low,Month-to-month,No,2,20.25,40.5,6.189195156097412,0.0003887127305186072,Low Priority
5469-CTCWN,1,0.16347845,0.16347845,Low,One year,Fiber optic,61,106.0,6466.0,1057.0516511499882,0.12354396290194021,Loyal / High Value
9851-QXEEQ,1,0.60311204,0.60311204,High,Month-to-month,Fiber optic,41,104.7,4292.7,2588.9790624797342,0.30214278836401326,Priority Retention
6281-FKEWS,0,0.24670675,0.24670675,Low,One year,DSL,44,49.05,2158.2,532.4425164163113,0.06186754846231366,Loyal / High Value
8898-KASCD,0,0.052100886,0.052100886,Low,One year,DSL,39,35.55,1386.4499999999998,72.23527292255311,0.008352374375487075,Low Priority
9242-TKFSV,0,0.01397179,0.01397179,Low,Two year,DSL,72,65.1,4687.2,65.48857286944985,0.00764557192684937,Loyal / High Value
9290-SHCMB,0,0.69763887,0.69763887,High,Month-to-month,Fiber optic,13,96.85,1259.05,878.3622183740139,0.10142144219235803,Automated Retention
0743-HNPFG,0,0.04689038,0.04689038,Low,One year,DSL,51,69.75,3557.25,166.80081038642675,0.019448526726606134,Loyal / High Value
2277-BKJKN,0,0.086690545,0.086690545,Low,Two year,Fiber optic,71,99.2,7043.2,610.5788471221923,0.07137906330582439,Loyal / High Value
9809-IMGCQ,1,0.6943726,0.6943726,High,Month-to-month,Fiber optic,22,96.7,2127.4,1477.2082572340967,0.17162345888740077,Priority Retention
5208-HFSBT,1,0.43605518,0.43605518,Medium,Month-to-month,DSL,2,55.05,110.1,48.00967569351196,0.00466661644849398,Low Priority
5035-PGZXH,0,0.36819482,0.36819482,Medium,One year,Fiber optic,56,106.8,5980.8,2202.099570465088,0.2573116921274088,Loyal / High Value
8695-WDYEA,0,0.4375106,0.4375106,Medium,Month-to-month,DSL,1,51.25,51.25,22.422418743371964,0.00166415267282313,Low Priority
6543-JXSOO,0,0.041670028,0.041670028,Low,One year,DSL,23,57.75,1328.25,55.348214850760996,0.006395913625527445,Low Priority
8016-ZMGMO,0,0.06425024,0.06425024,Low,One year,DSL,66,70.85,4676.099999999999,300.4405390329659,0.03507509313508748,Loyal / High Value
8605-ITULD,0,0.31937504,0.31937504,Medium,Month-to-month,No,1,19.55,19.55,6.243781995773316,2.8077090984882486e-05,Low Priority
3254-YRILK,1,0.6098041,0.6098041,High,Month-to-month,Fiber optic,19,88.2,1675.8,1021.9097004532814,0.11844117867230071,Priority Retention
6416-YJTTB,0,0.3756954,0.3756954,Medium,Month-to-month,Fiber optic,11,79.5,874.5,328.5456337630749,0.037683158301778374,Low Priority
2667-WYLWJ,1,0.05770055,0.05770055,Low,One year,No,8,19.75,158.0,9.116686634719372,0.0009414755633772984,Low Priority
4472-VESGY,0,0.20080465,0.20080465,Low,Month-to-month,Fiber optic,52,98.15,5103.8,1024.8667766690255,0.11968909991962383,Loyal / High Value
3195-TQDZX,0,0.19857237,0.19857237,Low,Month-to-month,No,3,20.25,60.75,12.063271321356297,0.0009764289682198648,Low Priority
3128-YOVTD,0,0.15936543,0.15936543,Low,Month-to-month,Fiber optic,51,79.15,4036.65,643.3024649240077,0.07505466931159638,Loyal / High Value
0529-ONKER,1,0.5625856,0.5625856,Medium,Month-to-month,Fiber optic,15,75.65,1134.75,638.3940008282661,0.07359074827616185,Low Priority
1728-CXQBE,0,0.31832615,0.31832615,Medium,Month-to-month,Fiber optic,64,94.25,6032.0,1920.1433091163635,0.22437157464162666,Loyal / High Value
7041-TXQJH,0,0.21634866,0.21634866,Low,Month-to-month,DSL,37,40.2,1487.4,321.7970013052225,0.03724325375578353,Loyal / High Value
5014-GSOUQ,0,0.022180887,0.022180887,Low,Two year,No,13,19.95,259.34999999999997,5.752613027673214,0.0006254234284997251,Low Priority
5724-BIDBU,0,0.08560423,0.08560423,Low,One year,DSL,49,55.35,2712.15,232.17150718532503,0.02702575812282373,Loyal / High Value
0481-SUMCB,0,0.31815186,0.31815186,Medium,One year,Fiber optic,45,102.15,4596.75,1462.4645690247416,0.17072431944273633,Loyal / High Value
1769-GRUIK,0,0.4628364,0.4628364,Medium,Month-to-month,Fiber optic,18,71.1,1279.8,592.3380433738231,0.06841203098975551,Low Priority
5240-IJOQT,1,0.8541967,0.8541967,Critical,Month-to-month,Fiber optic,1,74.7,74.7,63.808495527505876,0.0055970551686421515,Automated Retention
8819-WFGGJ,0,0.024319524,0.024319524,Low,Two year,DSL,68,54.1,3678.8,89.46666469052434,0.010433404168270566,Loyal / High Value
7427-AUFPY,0,0.020162748,0.020162748,Low,Two year,No,54,19.65,1061.1,21.394692086242138,0.002463385270605777,Low Priority
2811-POVEX,0,0.35325357,0.35325357,Medium,Month-to-month,Fiber optic,23,88.45,2034.3500000000001,718.6414065971971,0.08345839265536234,Loyal / High Value
1092-GANHU,1,0.47779208,0.47779208,Medium,Month-to-month,Fiber optic,17,76.65,1303.0500000000002,622.5869753390551,0.07192475667617382,Low Priority
7898-PDWQE,0,0.015107865,0.015107865,Low,Two year,DSL,71,80.4,5708.400000000001,86.24173910804093,0.010075688207716264,Loyal / High Value
9972-EWRJS,0,0.015603212,0.015603212,Low,Two year,No,67,19.25,1289.75,20.12424230086617,0.0023245149475746526,Low Priority
9314-IJWSQ,0,0.64286506,0.64286506,High,Month-to-month,Fiber optic,14,84.8,1187.2,763.2094013214112,0.08804430070333882,Automated Retention
0661-XEYAN,1,0.71854293,0.71854293,High,Month-to-month,DSL,1,25.8,25.8,18.538407683372498,0.000589577144393327,Automated Retention
5799-JRCZO,0,0.014972431,0.014972431,Low,Two year,No,63,19.5,1228.5,18.393631058279425,0.0021230482654241685,Low Priority
1921-KYSAY,0,0.11183639,0.11183639,Low,One year,DSL,41,68.6,2812.6,314.5510268777609,0.03662421497211016,Loyal / High Value
6198-RTPMF,0,0.5443534,0.5443534,Medium,Month-to-month,Fiber optic,17,92.6,1574.1999999999998,856.9211624264716,0.0992459815766855,Loyal / High Value
2924-KHUVI,0,0.25743717,0.25743717,Low,One year,Fiber optic,56,100.55,5630.8,1449.5772143125535,0.16934750041318672,Loyal / High Value
1925-GMVBW,0,0.12390991,0.12390991,Low,Month-to-month,No,5,20.55,102.75,12.73174356110394,0.0012193170007313368,Low Priority
7881-EVUAD,1,0.5974703,0.5974703,Medium,Month-to-month,DSL,2,42.6,85.2,50.90446815490723,0.004650228200599116,Low Priority
6184-DYUOB,0,0.18093523,0.18093523,Low,Month-to-month,No,3,19.6,58.800000000000004,10.638991749286653,0.0008483459950834848,Low Priority
9207-ZPANB,0,0.062443398,0.062443398,Low,One year,DSL,37,67.45,2495.65,155.8368660669774,0.01812909440474028,Loyal / High Value
5766-XQXMQ,1,0.11559998,0.11559998,Low,Month-to-month,DSL,29,68.85,1996.6499999999999,230.8127049397677,0.02680038274450099,Loyal / High Value
9327-QSDED,0,0.25281247,0.25281247,Low,Month-to-month,DSL,8,43.55,348.4,88.07986627817154,0.009767323676482769,Low Priority
1656-DRSMG,0,0.26619595,0.26619595,Low,Month-to-month,Fiber optic,63,109.85,6920.549999999999,1842.2224017888307,0.21535281295415123,Loyal / High Value
3012-VFFMN,0,0.10262345,0.10262345,Low,Month-to-month,No,7,20.65,144.54999999999998,14.83421937599778,0.0015126709674854618,Low Priority
2984-AFWNC,0,0.6787536,0.6787536,High,Month-to-month,Fiber optic,3,95.4,286.20000000000005,194.25928444862367,0.02127469951442016,Automated Retention
0640-YJTPY,0,0.00995519,0.00995519,Low,Two year,No,72,21.0,1512.0,15.05224746465683,0.0017424383311094372,Loyal / High Value
8096-LOIST,0,0.31834224,0.31834224,Medium,Month-to-month,DSL,19,56.2,1067.8,339.9258424460888,0.03914349779154091,Low Priority
9764-REAFF,0,0.020208267,0.020208267,Low,Two year,No,59,18.4,1085.6,21.938095192611215,0.0025269809362931986,Low Priority
3703-VAVCL,1,0.5873829,0.5873829,Medium,Month-to-month,Fiber optic,2,90.0,180.0,105.72892427444458,0.011098805035269535,Low Priority
7107-UBYKY,0,0.11042344,0.11042344,Low,Month-to-month,No,35,25.75,901.25,99.51912372373044,0.011421976168019892,Low Priority
4881-GQJTW,0,0.09187621,0.09187621,Low,Month-to-month,No,14,19.6,274.40000000000003,25.2108316898346,0.002752667733112494,Low Priority
8519-QJGJD,1,0.44990394,0.44990394,Medium,Month-to-month,Fiber optic,14,75.35,1054.8999999999999,474.6036612361669,0.05464008196438009,Low Priority
7876-DNYAP,0,0.012945699,0.012945699,Low,Two year,No,69,19.8,1366.2,17.686413392052057,0.002044616731392696,Low Priority
7905-NJMXS,0,0.21320532,0.21320532,Low,Month-to-month,DSL,7,64.2,449.40000000000003,95.81447198688984,0.010761230767251112,Low Priority
2882-WDTBA,0,0.016838131,0.016838131,Low,Two year,DSL,69,75.75,5226.75,88.00870367372409,0.010278993201664673,Loyal / High Value
2091-GPPIQ,0,0.03069792,0.03069792,Low,Two year,DSL,72,78.95,5684.400000000001,174.49925319850448,0.020386596529591558,Loyal / High Value
6326-MTTXK,1,0.72068787,0.72068787,High,Month-to-month,Fiber optic,8,100.85,806.8,581.4509704589843,0.06656766206093148,Automated Retention
5071-FBJFS,0,0.31918788,0.31918788,Medium,Month-to-month,DSL,4,50.3,201.2,64.22060136795044,0.006824347012398927,Low Priority
2796-UUZZO,0,0.13902123,0.13902123,Low,Month-to-month,Fiber optic,63,80.3,5058.9,703.2945142284035,0.08213157762720236,Loyal / High Value
2429-AYKKO,0,0.011717374,0.011717374,Low,Two year,No,72,19.85,1429.2,16.746471544727683,0.0019371465802372942,Loyal / High Value
9798-OPFEM,0,0.028832762,0.028832762,Low,Two year,No,46,21.1,970.6,27.98507838062942,0.003216783390742002,Low Priority
0330-IVZHA,1,0.5779919,0.5779919,Medium,Month-to-month,Fiber optic,5,69.95,349.75,202.15266801416874,0.02242198286770891,Low Priority
3794-NFNCH,0,0.12165495,0.12165495,Low,Month-to-month,DSL,30,50.0,1500.0,182.48242512345314,0.02112191861190757,Loyal / High Value
5193-QLVZB,0,0.13034517,0.13034517,Low,Two year,Fiber optic,63,104.75,6599.25,860.1803349405527,0.10054035139544702,Loyal / High Value
7114-AEOZE,0,0.016931199,0.016931199,Low,Two year,No,60,19.85,1191.0,20.165057457983494,0.0023263727172591567,Low Priority
2886-KEFUM,1,0.29629654,0.29629654,Low,One year,Fiber optic,63,107.5,6772.5,2006.6682963073254,0.23456230324141772,Loyal / High Value
5522-NYKPB,0,0.29110923,0.29110923,Low,Month-to-month,Fiber optic,25,85.9,2147.5,625.1570802181959,0.07263740465786958,Loyal / High Value
4237-RLAQD,1,0.5709164,0.5709164,Medium,Month-to-month,DSL,1,45.85,45.85,26.176517593860627,0.0018102129836079775,Low Priority
9957-YODKZ,0,0.73933667,0.73933667,High,Month-to-month,Fiber optic,6,80.8,484.79999999999995,358.4304173469543,0.040384809635383954,Automated Retention
6518-KZXCB,0,0.024396518,0.024396518,Low,Two year,No,22,25.25,555.5,13.552265885286033,0.0015347912769919417,Low Priority
2245-ADZFJ,0,0.025340466,0.025340466,Low,Two year,DSL,31,80.55,2497.0499999999997,63.276410197746,0.007361216410371928,Loyal / High Value
7776-QGYJC,0,0.22506258,0.22506258,Low,Month-to-month,Fiber optic,39,81.5,3178.5,715.3614070862532,0.08335641300199526,Loyal / High Value
9313-QOLTZ,0,0.062823914,0.062823914,Low,Month-to-month,No,26,20.9,543.4,34.138514862954615,0.003863164066006579,Low Priority
9651-GTSAQ,1,0.24254127,0.24254127,Low,One year,Fiber optic,53,106.1,5623.299999999999,1363.8823149755594,0.15933544391508378,Loyal / High Value
3186-BAXNB,1,0.6866205,0.6866205,High,Month-to-month,Fiber optic,1,91.7,91.7,62.96309745311737,0.005867244062326228,Automated Retention
4672-FOTSD,0,0.19637075,0.19637075,Low,Month-to-month,DSL,12,67.25,807.0,158.4711957871914,0.018142749633659614,Low Priority
0637-YLETY,1,0.56920487,0.56920487,Medium,Month-to-month,Fiber optic,16,95.6,1529.6,870.655764389038,0.10080114320278255,Loyal / High Value
9818-XQCUV,0,0.15682249,0.15682249,Low,Month-to-month,No,2,20.35,40.7,6.382675249874592,0.0004025708553182144,Low Priority
7338-ERIVA,0,0.04774,0.04774,Low,One year,DSL,39,45.05,1756.9499999999998,83.87679516356438,0.009726566384613354,Loyal / High Value
1157-BQCUW,1,0.8441778,0.8441778,Critical,Month-to-month,Fiber optic,1,74.95,74.95,63.2711248010397,0.005556144796672368,Automated Retention
8259-NFJTV,0,0.19586842,0.19586842,Low,Month-to-month,DSL,7,34.65,242.54999999999998,47.50788469389081,0.005137091902970557,Low Priority
3223-DWFIO,0,0.59911877,0.59911877,Medium,Month-to-month,Fiber optic,4,69.35,277.4,166.19554656744003,0.018160647236855957,Low Priority
2660-EMUBI,1,0.7980842,0.7980842,High,Month-to-month,Fiber optic,10,95.35,953.5,760.9732841551304,0.08744013751944316,Automated Retention
6968-GMKPR,0,0.32916617,0.32916617,Medium,Month-to-month,Fiber optic,55,81.55,4485.25,1476.392581641674,0.1723326445953321,Loyal / High Value
4751-ERMAN,0,0.018955465,0.018955465,Low,Two year,DSL,72,75.4,5428.8,102.90543059706688,0.012020474006872504,Loyal / High Value
1436-ZMJAN,0,0.26551342,0.26551342,Low,Month-to-month,DSL,10,67.8,678.0,180.01809883117676,0.020516040713288063,Low Priority
3292-PBZEJ,0,0.6470127,0.6470127,High,Month-to-month,Fiber optic,11,111.4,1225.4,792.8493755340577,0.09150946368334084,Automated Retention
0799-DDIHE,0,0.24123946,0.24123946,Low,Month-to-month,DSL,15,46.3,694.5,167.54080380499363,0.01910698401028345,Low Priority
3070-FNFZQ,0,0.014123529,0.014123529,Low,Two year,No,23,20.4,469.2,6.626759898662567,0.0007456439363491418,Low Priority
2812-SFXMJ,0,0.340073,0.340073,Medium,Month-to-month,No,1,20.05,20.05,6.818463438749314,4.9827836275055995e-05,Low Priority
7675-OZCZG,1,0.56893265,0.56893265,Medium,Month-to-month,DSL,3,45.0,135.0,76.80590808391571,0.0077491999035791985,Low Priority
5014-WUQMG,0,0.1608791,0.1608791,Low,One year,Fiber optic,47,96.1,4516.7,726.6426550418138,0.08482020440988593,Loyal / High Value
5312-TSZVC,0,0.042424504,0.042424504,Low,One year,No,15,19.65,294.75,12.50462246965617,0.001372262026424871,Low Priority
2003-CKLOR,1,0.31525737,0.31525737,Medium,Month-to-month,Fiber optic,66,99.5,6567.0,2070.295151889324,0.24197865638180457,Loyal / High Value
0993-OSGPT,0,0.03815184,0.03815184,Low,One year,DSL,68,60.65,4124.2,157.3458251707256,0.01835950048626746,Loyal / High Value
9254-RBFON,1,0.22915724,0.22915724,Low,One year,Fiber optic,17,98.6,1676.1999999999998,384.11336434483525,0.04451955272973321,Loyal / High Value
1205-WNWPJ,1,0.24524781,0.24524781,Low,Month-to-month,DSL,7,59.5,416.5,102.14571331441402,0.011432747382094939,Low Priority
9391-EOYLI,1,0.596288,0.596288,Medium,Month-to-month,Fiber optic,12,80.45,965.4000000000001,575.6564597010613,0.06616258496154499,Low Priority
7108-DGVUU,0,0.121871695,0.121871695,Low,One year,DSL,21,71.7,1505.7,183.50221104472877,0.021240977023183928,Loyal / High Value
2782-JEEBU,0,0.17998697,0.17998697,Low,Month-to-month,DSL,21,36.0,756.0,136.07014828920364,0.015553074981109012,Low Priority
5127-BZENZ,0,0.03797816,0.03797816,Low,One year,DSL,56,65.2,3651.2000000000003,138.66586190462112,0.01617027762512252,Loyal / High Value
2720-FVBQP,0,0.32470533,0.32470533,Medium,Month-to-month,DSL,6,48.95,293.70000000000005,95.36595616042615,0.010462947288669215,Low Priority
9906-NHHVC,0,0.040361155,0.040361155,Low,Two year,DSL,65,53.5,3477.5,140.35591590218246,0.01636312900781624,Loyal / High Value
4522-XRWWI,0,0.09202837,0.09202837,Low,One year,DSL,42,80.45,3378.9,310.9546661160886,0.03624631150631585,Loyal / High Value
3766-EJLFL,0,0.1151273,0.1151273,Low,Two year,Fiber optic,68,109.05,7415.4,853.715000487864,0.09981604079109463,Loyal / High Value
5939-SXWHM,0,0.018047268,0.018047268,Low,Two year,No,48,26.3,1262.4,22.782870581746103,0.002630764951168602,Low Priority
8152-UOBNY,0,0.3785292,0.3785292,Medium,One year,Fiber optic,50,106.8,5340.0,2021.3458800315857,0.23610154857938662,Loyal / High Value
7351-KYHQH,0,0.37605163,0.37605163,Medium,Month-to-month,DSL,7,64.95,454.65000000000003,170.97187564820052,0.019212080940390418,Low Priority
7643-RCHXS,0,0.031570077,0.031570077,Low,Two year,No,63,19.35,1219.0500000000002,38.48550229668618,0.004441577368971333,Low Priority
8246-SHFGA,0,0.087092884,0.087092884,Low,Month-to-month,No,17,21.1,358.70000000000005,31.240217449516063,0.0034699539610464894,Low Priority
8387-MOJJT,1,0.29252586,0.29252586,Low,Month-to-month,Fiber optic,42,77.95,3273.9,957.7004054814578,0.11161394872432273,Loyal / High Value
0620-XEFWH,0,0.104413226,0.104413226,Low,Month-to-month,No,4,18.85,75.4,7.872757259011269,0.0006927265338487896,Low Priority
6485-QXWWE,0,0.013410187,0.013410187,Low,Two year,No,62,26.0,1612.0,21.61722197011113,0.0025043499681610256,Loyal / High Value
2761-OCIAX,1,0.65892273,0.65892273,High,Month-to-month,Fiber optic,2,74.7,149.4,98.44305614233018,0.010087128280084201,Automated Retention
7321-VGNKU,0,0.6650778,0.6650778,High,Month-to-month,Fiber optic,2,70.35,140.7,93.57644723653793,0.009503116149284833,Automated Retention
5327-CNLUQ,0,0.09650105,0.09650105,Low,Two year,Fiber optic,48,96.9,4651.200000000001,448.8456948280335,0.052399600881856814,Loyal / High Value
7552-KEYGT,0,0.017379964,0.017379964,Low,Two year,No,27,19.55,527.85,9.174013876263052,0.0010370487806378337,Low Priority
5816-JMLGY,0,0.018332697,0.018332697,Low,Two year,DSL,70,80.4,5628.0,103.17642125487328,0.012053611044494596,Loyal / High Value
3068-OMWZA,1,0.8841822,0.8841822,Critical,Month-to-month,Fiber optic,1,88.8,88.8,78.51538066864013,0.007254870948000948,Automated Retention
2927-QRRQV,0,0.2702685,0.2702685,Low,One year,Fiber optic,46,94.65,4353.900000000001,1176.7220215022564,0.13733601060871312,Loyal / High Value
6032-KRXXO,1,0.49471772,0.49471772,Medium,Month-to-month,Fiber optic,30,90.25,2707.5,1339.4482192397118,0.15591564213204498,Loyal / High Value
7459-RRWQZ,1,0.21235868,0.21235868,Low,Month-to-month,DSL,15,64.65,969.7500000000001,205.93483317643407,0.023671053301938444,Low Priority
6265-SXWBU,0,0.100329615,0.100329615,Low,One year,Fiber optic,69,95.75,6606.75,662.8526850622147,0.0774763794421548,Loyal / High Value
7941-RCJOW,0,0.015214284,0.015214284,Low,Two year,No,65,19.55,1270.75,19.33355133025907,0.002232689749623416,Low Priority
6374-NTQLP,0,0.06184167,0.06184167,Low,Two year,Fiber optic,72,104.1,7495.2,463.5156881600618,0.05419554866327075,Loyal / High Value
4154-AQUGT,1,0.47035998,0.47035998,Medium,Month-to-month,Fiber optic,13,89.05,1157.6499999999999,544.5122320741415,0.06278946272859773,Low Priority
2387-KDZQY,0,0.039771333,0.039771333,Low,One year,No,17,20.1,341.70000000000005,13.58986460119486,0.0015053173685369528,Low Priority
3584-WKTTW,0,0.32483184,0.32483184,Medium,One year,Fiber optic,51,111.55,5689.05,1847.9845985591412,0.21589902474489747,Loyal / High Value
3399-BMLVW,0,0.01762217,0.01762217,Low,Two year,DSL,51,60.5,3085.5,54.373202780261636,0.006334619514376207,Loyal / High Value
1971-DTCZB,0,0.01433352,0.01433352,Low,Two year,DSL,72,90.95,6548.400000000001,93.86162292212249,0.010970573043010553,Loyal / High Value
3092-IGHWF,1,0.14149506,0.14149506,Low,One year,Fiber optic,67,87.4,5855.8,828.5667951911688,0.09681014253444192,Loyal / High Value
3374-PZLXD,0,0.06559842,0.06559842,Low,Month-to-month,No,34,19.7,669.8,43.937822251021856,0.00500569344758121,Low Priority
3813-DHBBB,0,0.016020613,0.016020613,Low,Two year,DSL,67,50.95,3413.65,54.688764854613694,0.006375138003345308,Loyal / High Value
2812-REYAT,0,0.027263638,0.027263638,Low,One year,No,49,20.05,982.45,26.78516079168767,0.0030795907262991832,Low Priority
6518-PPLMZ,0,0.021369735,0.021369735,Low,Two year,No,53,19.4,1028.1999999999998,21.972361299768085,0.002528438002382183,Low Priority
4939-KYYPY,0,0.12690383,0.12690383,Low,Month-to-month,DSL,27,59.45,1605.15,203.6996858686209,0.023597371275763786,Loyal / High Value
8017-LXHFA,1,0.53759825,0.53759825,Medium,Month-to-month,Fiber optic,23,94.75,2179.25,1171.5609913170338,0.13614194300612578,Loyal / High Value
5930-GBIWP,0,0.02273412,0.02273412,Low,Two year,DSL,69,81.5,5623.5,127.84532656520605,0.014935521978154129,Loyal / High Value
6022-KOUQO,0,0.38985232,0.38985232,Medium,Month-to-month,DSL,2,29.05,58.1,22.650419512391093,0.0017959016301185,Low Priority
6352-TWCAU,1,0.54051095,0.54051095,Medium,Month-to-month,Fiber optic,35,86.45,3025.75,1635.451014444232,0.19051123037060969,Loyal / High Value
2361-UPSND,0,0.06036967,0.06036967,Low,One year,DSL,46,70.6,3247.6,196.05654156208038,0.02284808605573987,Loyal / High Value
6035-RIIOM,0,0.12118203,0.12118203,Low,Two year,Fiber optic,54,97.2,5248.8,636.0602491915226,0.07428990376397789,Loyal / High Value
2929-QNSRW,1,0.29951677,0.29951677,Low,One year,Fiber optic,56,98.25,5502.0,1647.9412534832954,0.19250636935703572,Loyal / High Value
1262-OPMFY,1,0.49904582,0.49904582,Medium,Month-to-month,Fiber optic,9,75.75,681.75,340.22448713332415,0.03878029183881457,Low Priority
9504-DSHWM,0,0.11088041,0.11088041,Low,Month-to-month,DSL,20,59.2,1184.0,131.2824079990387,0.015144159819299199,Low Priority
5035-BVCXS,0,0.45392668,0.45392668,Medium,Month-to-month,Fiber optic,11,75.9,834.9000000000001,378.98338719606403,0.04342291419326544,Low Priority
6267-DCFFZ,0,0.54338783,0.54338783,Medium,Month-to-month,Fiber optic,30,90.05,2701.5,1467.9622234404087,0.17087238984334782,Loyal / High Value
3533-UVMOM,0,0.019524943,0.019524943,Low,Two year,DSL,68,70.95,4824.6,94.20004040077329,0.010998801044495854,Loyal / High Value
2439-LYPMQ,0,0.5825547,0.5825547,Medium,Month-to-month,Fiber optic,38,102.6,3898.7999999999997,2271.2642565250394,0.2649465758864895,Loyal / High Value
4248-QPAVC,1,0.4201119,0.4201119,Medium,Month-to-month,Fiber optic,17,85.35,1450.9499999999998,609.5613534808158,0.07052504335406437,Loyal / High Value
1899-VXWXM,1,0.3315581,0.3315581,Medium,One year,Fiber optic,48,106.1,5092.799999999999,1688.5591341018674,0.19719685878484475,Loyal / High Value
1478-VPOAD,0,0.57144225,0.57144225,Medium,Month-to-month,DSL,1,43.8,43.8,25.029170393943787,0.0016745658478205664,Low Priority
9995-HOTOH,0,0.056999553,0.056999553,Low,Two year,DSL,63,59.0,3717.0,211.8673384822905,0.024708803789148668,Loyal / High Value
2988-PLAHS,0,0.41096663,0.41096663,Medium,One year,DSL,3,69.95,209.85000000000002,86.24134830236436,0.009203297961489294,Low Priority
1371-OJCEK,0,0.035173487,0.035173487,Low,One year,No,48,24.35,1168.8000000000002,41.110771510005,0.004741362288534162,Low Priority
4999-IEZLT,0,0.046416897,0.046416897,Low,One year,DSL,66,29.45,1943.7,90.22052333392203,0.010473073619676003,Loyal / High Value
8883-ANODQ,0,0.03929714,0.03929714,Low,Two year,Fiber optic,68,84.4,5739.200000000001,225.53415240049364,0.02634979441897512,Loyal / High Value
4690-LLKUA,1,0.36275268,0.36275268,Medium,Month-to-month,DSL,17,45.05,765.8499999999999,277.8141369223594,0.03176509595524299,Low Priority
2351-RRBUE,0,0.046576224,0.046576224,Low,One year,No,7,20.65,144.54999999999998,6.732593217864632,0.0006865341571685057,Low Priority
5980-BDHPY,0,0.012890835,0.012890835,Low,Two year,DSL,72,87.1,6271.2,80.84100628718734,0.00944751718207119,Loyal / High Value
1498-DQNRX,0,0.06444855,0.06444855,Low,Month-to-month,No,29,19.85,575.6500000000001,37.099808005243545,0.004206697212442035,Low Priority
9469-WEJBT,0,0.29579115,0.29579115,Low,Month-to-month,Fiber optic,37,90.35,3342.95,988.8150220155716,0.1152539089942506,Loyal / High Value
3331-HQDTW,1,0.3090009,0.3090009,Medium,Month-to-month,Fiber optic,34,109.8,3733.2,1153.5621947050095,0.1345359360476409,Loyal / High Value
9490-DFPMD,1,0.5208115,0.5208115,Medium,Month-to-month,Fiber optic,42,84.65,3555.3,1851.641119426489,0.215895754789594,Loyal / High Value
2581-VKIRT,0,0.026616601,0.026616601,Low,One year,DSL,59,65.5,3864.5,102.85985562112182,0.011998249193218019,Loyal / High Value
5442-XSDCW,1,0.5146603,0.5146603,Medium,Month-to-month,Fiber optic,11,79.5,874.5,450.07043132185936,0.05162167311796257,Low Priority
7426-WEIJX,0,0.18889086,0.18889086,Low,Month-to-month,Fiber optic,60,80.95,4857.0,917.4429045170546,0.10712347106605667,Loyal / High Value
2851-MMUTZ,0,0.10114661,0.10114661,Low,Month-to-month,DSL,27,56.15,1516.05,153.34331595450638,0.01775151909614053,Loyal / High Value
3049-NDXFL,1,0.8324764,0.8324764,Critical,Month-to-month,Fiber optic,1,85.8,85.8,71.42647318840027,0.006537874776308284,Automated Retention
8580-AECUZ,1,0.85705566,0.85705566,Critical,Month-to-month,Fiber optic,1,79.1,79.1,67.79310302734375,0.0060578179556180535,Automated Retention
3307-TLCUD,0,0.16651212,0.16651212,Low,Month-to-month,DSL,17,34.4,584.8,97.37628589868545,0.01104719829602364,Low Priority
6625-FLENO,0,0.016102452,0.016102452,Low,Two year,No,58,20.75,1203.5,19.379300778731704,0.0022360951195971234,Low Priority
2967-MXRAV,0,0.08311537,0.08311537,Low,One year,No,1,18.8,18.8,1.5625689387321473,0.0,Low Priority
7963-GQRMY,1,0.38783634,0.38783634,Medium,Month-to-month,DSL,3,44.3,132.89999999999998,51.54344919919967,0.005187092796079841,Low Priority
8189-HBVRW,0,0.24155717,0.24155717,Low,Month-to-month,Fiber optic,53,90.8,4812.4,1162.4697055637835,0.13572867015699466,Loyal / High Value
4163-KIUHY,0,0.13214387,0.13214387,Low,Month-to-month,No,35,25.6,896.0,118.40090751647949,0.013587373729434705,Low Priority
1228-FZFRV,1,0.312209,0.312209,Medium,Month-to-month,Fiber optic,50,105.95,5297.5,1653.9272311329842,0.19318005693720097,Loyal / High Value
3500-NSDOA,0,0.021016764,0.021016764,Low,Two year,DSL,68,70.8,4814.4,101.18310630619526,0.011814046224676328,Loyal / High Value
1171-TYKUR,0,0.108917445,0.108917445,Low,Month-to-month,No,47,25.4,1193.8,130.02564577460288,0.015001171911296008,Low Priority
3761-FLYZI,0,0.33814982,0.33814982,Medium,Month-to-month,Fiber optic,65,108.8,7072.0,2391.3954973220825,0.27956656517079465,Loyal / High Value
2058-DCJBE,1,0.634302,0.634302,High,Month-to-month,Fiber optic,5,69.75,348.75,221.21282950043678,0.02453206483531807,Automated Retention
5364-XYIRR,1,0.52201355,0.52201355,Medium,Month-to-month,Fiber optic,51,94.65,4827.150000000001,2519.8376839220527,0.2942169717361414,Loyal / High Value
4829-AUOAX,1,0.36193192,0.36193192,Medium,Month-to-month,Fiber optic,46,96.05,4418.3,1599.1238023638725,0.18664660097839725,Loyal / High Value
1219-NNDDO,0,0.6475811,0.6475811,High,Month-to-month,Fiber optic,9,76.85,691.65,447.89946813583373,0.051074285381553945,Automated Retention
8388-DMKAE,0,0.027698256,0.027698256,Low,Two year,No,8,20.25,162.0,4.487117484211922,0.00046492759166292375,Low Priority
4403-BWPAY,0,0.059024394,0.059024394,Low,One year,No,14,24.8,347.2,20.493269443511963,0.002272084917082253,Low Priority
9659-QEQSY,0,0.3571061,0.3571061,Medium,Month-to-month,Fiber optic,45,115.65,5204.25,1858.4693667590618,0.2170568937868919,Loyal / High Value
5405-ZMYXQ,0,0.607118,0.607118,High,Month-to-month,Fiber optic,8,74.6,596.8,362.32802867889404,0.04113304225444257,Automated Retention
5047-LHVLY,1,0.6305527,0.6305527,High,Month-to-month,DSL,1,50.15,50.15,31.622218361496923,0.002317121557385534,Automated Retention
1442-OKRJE,0,0.15179792,0.15179792,Low,One year,Fiber optic,66,103.15,6807.900000000001,1033.425062736869,0.12080026981340468,Loyal / High Value
4737-AQCPU,0,0.01368848,0.01368848,Low,Two year,DSL,72,72.1,5191.2,71.05963504090904,0.00829921835443614,Loyal / High Value
9158-VCTQB,1,0.32188573,0.32188573,Medium,Month-to-month,Fiber optic,41,113.6,4657.599999999999,1499.2149983882903,0.1750238590789239,Loyal / High Value
2808-CHTDM,0,0.019450054,0.019450054,Low,Two year,No,23,25.1,577.3000000000001,11.228515927493573,0.0012733091382604632,Low Priority
6311-UEUME,1,0.4693691,0.4693691,Medium,Month-to-month,Fiber optic,29,78.9,2288.1000000000004,1073.96346847415,0.12485222819080298,Loyal / High Value
0793-TWELN,0,0.53090334,0.53090334,Medium,Month-to-month,Fiber optic,4,80.15,320.6,170.20761060714722,0.01878125326175575,Low Priority
3283-WCWXT,0,0.029290048,0.029290048,Low,Two year,No,6,25.4,152.39999999999998,4.463803377002477,0.000458686992097073,Low Priority
1060-ENTOF,0,0.16068672,0.16068672,Low,One year,Fiber optic,67,105.4,7061.8,1134.7374541372062,0.13265619653368624,Loyal / High Value
0999-QXNSA,0,0.29811585,0.29811585,Low,Month-to-month,DSL,7,45.75,320.25,95.47160080075264,0.010533925219224478,Low Priority
5451-MHQOF,0,0.028234584,0.028234584,Low,One year,No,56,24.45,1369.2,38.6587927646935,0.004469240268738486,Low Priority
4836-WNFNO,0,0.012518862,0.012518862,Low,Two year,No,72,25.0,1800.0,22.533952072262764,0.00261377033262967,Loyal / High Value
9225-BZLNZ,0,0.032823853,0.032823853,Low,Two year,DSL,72,85.25,6138.0,201.47281090915203,0.02354366589331998,Loyal / High Value
0354-VXMJC,0,0.01653331,0.01653331,Low,Two year,No,23,19.6,450.8,7.453215964883566,0.0008372081002110121,Low Priority
4422-QVIJA,0,0.10091135,0.10091135,Low,Month-to-month,DSL,35,50.15,1755.25,177.12464543431997,0.020539608973183927,Loyal / High Value
9365-SRSZE,0,0.40608758,0.40608758,Medium,Month-to-month,Fiber optic,27,70.55,1904.85,773.5359217017889,0.08977652326140996,Loyal / High Value
6839-ITVZJ,1,0.14508437,0.14508437,Low,Month-to-month,DSL,26,60.05,1561.3,226.52022095173598,0.02623225746285771,Loyal / High Value
8332-OSJDW,0,0.05441996,0.05441996,Low,One year,No,12,26.4,316.79999999999995,17.24024358987808,0.0019009223000676732,Low Priority
4735-BJKOU,0,0.015908794,0.015908794,Low,Two year,No,40,20.15,806.0,12.822488348931074,0.0014679532788766565,Low Priority
0274-JKUJR,0,0.19391876,0.19391876,Low,Month-to-month,DSL,7,58.85,411.95,79.88483507335185,0.00893651095965831,Low Priority
5740-YHGTW,0,0.20702684,0.20702684,Low,Month-to-month,Fiber optic,70,97.55,6828.5,1413.6827718615532,0.1652511566114421,Loyal / High Value
8917-SZTTJ,0,0.015994048,0.015994048,Low,Two year,No,60,19.65,1179.0,18.856982292607427,0.0021751095033502267,Low Priority
1696-MZVAU,0,0.070535116,0.070535116,Low,One year,DSL,39,25.25,984.75,69.45945538021624,0.007986378844868285,Low Priority
7359-WWYJV,0,0.030603906,0.030603906,Low,Two year,Fiber optic,72,114.45,8240.4,252.18842815384266,0.029493280513692766,Loyal / High Value
0375-HVGXO,1,0.7460805,0.7460805,High,Month-to-month,DSL,1,34.7,34.7,25.888993966579438,0.0013905054661155374,Automated Retention
4906-ZHGPK,0,0.074746,0.074746,Low,One year,DSL,54,70.7,3817.8,285.36527034938337,0.033284889064961166,Loyal / High Value
8593-WHYHV,1,0.7921104,0.7921104,High,Month-to-month,Fiber optic,3,85.3,255.89999999999998,202.70104714035986,0.02201441437668332,Automated Retention
3795-GWTRD,0,0.01825805,0.01825805,Low,Two year,DSL,63,75.55,4759.65,86.90192808285354,0.010146131463483707,Loyal / High Value
1298-PHBTI,0,0.041836906,0.041836906,Low,Two year,Fiber optic,71,84.8,6020.8,251.89164499640466,0.0294337386486525,Loyal / High Value
6223-DHJGV,0,0.025862446,0.025862446,Low,One year,No,42,20.65,867.3,22.43049946334213,0.002572239014149426,Low Priority
6961-MJKBO,0,0.015494467,0.015494467,Low,Two year,No,47,20.45,961.15,14.892506725667044,0.0017115072616505148,Low Priority
6097-EQISJ,1,0.2002942,0.2002942,Low,One year,Fiber optic,66,102.45,6761.7,1354.3292691886425,0.15830876527246526,Loyal / High Value
4423-YLHDV,1,0.54518485,0.54518485,Medium,Month-to-month,Fiber optic,21,104.4,2192.4,1195.263266658783,0.1389035295697861,Loyal / High Value
8158-WPEZG,0,0.30393574,0.30393574,Medium,Month-to-month,DSL,11,35.65,392.15,119.18839903622865,0.013301107369605046,Low Priority
0107-YHINA,1,0.88229614,0.88229614,Critical,Month-to-month,Fiber optic,1,99.75,99.75,88.0090404599905,0.00837184369545891,Automated Retention
4918-FYJNT,0,0.27902883,0.27902883,Low,Month-to-month,Fiber optic,55,90.45,4974.75,1388.098686531186,0.1620936028310709,Loyal / High Value
0727-BNRLG,0,0.07462478,0.07462478,Low,Two year,Fiber optic,69,97.65,6737.85,502.8105526328087,0.0587733972744998,Loyal / High Value
4854-CIDCF,0,0.63481677,0.63481677,High,Month-to-month,Fiber optic,3,73.85,221.54999999999998,140.64365445971487,0.015086869287199078,Automated Retention
8640-SDGKB,1,0.4397823,0.4397823,Medium,Month-to-month,DSL,4,74.4,297.6,130.87920999526978,0.014372105086299143,Low Priority
3280-MRDOF,0,0.043003887,0.043003887,Low,Two year,DSL,30,69.1,2073.0,89.14705762267113,0.010354766568388378,Loyal / High Value
6435-SRWBJ,0,0.713234,0.713234,High,Month-to-month,Fiber optic,5,82.75,413.75,295.1005705446005,0.03301900919053119,Automated Retention
9964-WBQDJ,0,0.013069634,0.013069634,Low,Two year,No,71,24.4,1732.3999999999999,22.641834506019947,0.002625202243611082,Loyal / High Value
6303-KFWSL,0,0.10231599,0.10231599,Low,One year,DSL,29,55.25,1602.25,163.93579836934805,0.018990559091048128,Loyal / High Value
1702-CCFNJ,0,0.07788894,0.07788894,Low,Month-to-month,DSL,52,61.35,3190.2000000000003,248.48130677193404,0.02895454269490119,Loyal / High Value
8932-CZHRQ,0,0.07574355,0.07574355,Low,One year,DSL,68,76.75,5219.0,395.3055799975991,0.04616954253615486,Loyal / High Value
0386-CWRGM,0,0.018245948,0.018245948,Low,Two year,No,46,19.4,892.4,16.282684422284365,0.0018683960745132066,Low Priority
5515-RUGKN,0,0.26483023,0.26483023,Low,Month-to-month,DSL,8,54.75,438.0,115.99564146995544,0.013013038390217556,Low Priority
0404-AHASP,0,0.012120609,0.012120609,Low,Two year,No,72,19.7,1418.3999999999999,17.19187204912305,0.00198846640527655,Loyal / High Value
7279-NMVJC,0,0.037209343,0.037209343,Low,One year,No,17,19.9,338.29999999999995,12.587920792773364,0.0013935185133707297,Low Priority
2081-VEYEH,0,0.67140925,0.67140925,High,Month-to-month,Fiber optic,3,107.95,323.85,217.43588538765908,0.024007571209291943,Automated Retention
6407-UTSLV,0,0.713127,0.713127,High,Month-to-month,Fiber optic,2,83.8,167.6,119.52008805274963,0.012438261924788007,Automated Retention
4116-TZAQJ,1,0.3957841,0.3957841,Medium,Month-to-month,Fiber optic,9,74.25,668.25,264.48273139446974,0.030129640628475434,Low Priority
9060-HJJRW,0,0.14607695,0.14607695,Low,One year,DSL,51,56.4,2876.4,420.17573164701463,0.0489297502150861,Loyal / High Value
2587-YNLES,0,0.022934658,0.022934658,Low,Two year,No,6,20.1,120.60000000000001,2.7659198094159367,0.00027367172619350265,Low Priority
7398-SKNQZ,0,0.7866821,0.7866821,High,Month-to-month,Fiber optic,3,94.9,284.70000000000005,223.96840209960942,0.024519267872769583,Automated Retention
5935-FCCNB,0,0.6814801,0.6814801,High,Month-to-month,Fiber optic,17,94.2,1601.4,1091.3222476601602,0.12641954491723997,Priority Retention
1958-RNRKS,0,0.16437379,0.16437379,Low,Month-to-month,DSL,30,49.9,1497.0,246.0675565302372,0.02848102604175253,Loyal / High Value
5136-RGMZO,0,0.1612564,0.1612564,Low,Month-to-month,DSL,31,71.05,2202.5499999999997,355.17528983503576,0.04127715555416518,Loyal / High Value
8345-MVDYC,0,0.021439027,0.021439027,Low,Two year,DSL,45,81.65,3674.2500000000005,78.77234510611744,0.009186197885144286,Loyal / High Value
8226-BXGES,0,0.05495373,0.05495373,Low,One year,Fiber optic,64,89.45,5724.8,314.59912264347076,0.036755203545744686,Loyal / High Value
3877-JRJIP,1,0.69560665,0.69560665,High,Month-to-month,DSL,1,59.85,59.85,41.6320579379797,0.0033470851624914106,Automated Retention
8375-DKEBR,1,0.8377218,0.8377218,Critical,Month-to-month,Fiber optic,1,69.6,69.6,58.30543899536132,0.004988309814799394,Automated Retention
9705-IOVQQ,0,0.1809866,0.1809866,Low,One year,Fiber optic,61,99.0,6039.0,1092.9780661314726,0.12771656016580932,Loyal / High Value
1015-OWJKI,0,0.20724207,0.20724207,Low,Month-to-month,No,1,19.05,19.05,3.947961464524269,6.073063333076547e-06,Low Priority
7511-YMXVQ,1,0.5376838,0.5376838,Medium,Month-to-month,DSL,9,45.4,408.59999999999997,219.6975945353508,0.024567369113145957,Low Priority
2040-XBAVJ,0,0.026376566,0.026376566,Low,Two year,Fiber optic,72,114.45,8240.4,217.35345379337667,0.02541935183258066,Loyal / High Value
7551-JOHTI,1,0.32228196,0.32228196,Medium,Month-to-month,No,1,19.5,19.5,6.284498155117035,2.644380270898205e-05,Low Priority
8887-IPQNC,0,0.29234463,0.29234463,Low,Month-to-month,DSL,7,44.25,309.75,90.5537490695715,0.009970188253703794,Low Priority
8646-JCOMS,0,0.08345006,0.08345006,Low,One year,Fiber optic,66,90.55,5976.3,498.7225733332336,0.058274769348851126,Loyal / High Value
9804-ICWBG,1,0.81593317,0.81593317,Critical,Month-to-month,Fiber optic,1,69.9,69.9,57.0337284386158,0.004887259105571168,Automated Retention
1222-KJNZD,0,0.058728896,0.058728896,Low,Month-to-month,No,40,20.4,816.0,47.92277920246124,0.005487935572502113,Low Priority
0106-GHRQR,0,0.25617778,0.25617778,Low,Month-to-month,DSL,16,71.4,1142.4,292.6574993133545,0.03373984398358046,Low Priority
5318-IXUZF,1,0.7134555,0.7134555,High,Month-to-month,Fiber optic,2,87.15,174.3,124.3552933394909,0.013004305370051386,Automated Retention
3768-VHXQO,0,0.016248282,0.016248282,Low,Two year,No,67,24.85,1664.95,27.05257719103247,0.003135210695867416,Loyal / High Value
8952-WCVCD,0,0.23319884,0.23319884,Low,One year,Fiber optic,41,104.45,4282.45,998.6623571373522,0.11654611531931859,Loyal / High Value
2418-TPEUN,0,0.018584885,0.018584885,Low,Two year,No,56,19.8,1108.8,20.606920158863065,0.0023745222625707603,Low Priority
3963-RYFNS,0,0.02674003,0.02674003,Low,Two year,Fiber optic,72,116.45,8384.4,224.19910295605658,0.026220975994270097,Loyal / High Value
3198-VELRD,1,0.767147,0.767147,High,Month-to-month,Fiber optic,3,84.75,254.25,195.04712592065334,0.02117225738865479,Automated Retention
8540-ZQGEA,0,0.018111601,0.018111601,Low,Two year,No,54,20.05,1082.7,19.609430913627147,0.0022586427238788695,Low Priority
1320-REHCS,0,0.47506556,0.47506556,Medium,Month-to-month,Fiber optic,52,110.75,5759.0,2735.9025551378727,0.31964686358611627,Loyal / High Value
4137-JOPHL,0,0.03735384,0.03735384,Low,Two year,Fiber optic,50,89.7,4485.0,167.531971167773,0.019555246504704867,Loyal / High Value
9436-ZBZCT,1,0.6106054,0.6106054,High,Month-to-month,Fiber optic,14,89.95,1259.3,768.9354037463664,0.08878657420704508,Automated Retention
7801-CEDNV,0,0.04947854,0.04947854,Low,One year,DSL,27,48.7,1314.9,65.05933005586267,0.007517012089175793,Low Priority
2057-BOYKM,0,0.025970574,0.025970574,Low,Two year,Fiber optic,72,96.6,6955.2,180.6305395424366,0.021115703856717828,Loyal / High Value
3658-QQJYD,0,0.073865846,0.073865846,Low,One year,DSL,62,74.3,4606.599999999999,340.27040525972836,0.03972263308311829,Loyal / High Value
1803-BGNBD,0,0.25427437,0.25427437,Low,Month-to-month,DSL,12,54.3,651.5999999999999,165.6851783752441,0.01886074881042114,Low Priority
0134-XWXCE,0,0.13161325,0.13161325,Low,One year,DSL,44,74.85,3293.3999999999996,433.45509252548214,0.05051818775084352,Loyal / High Value
6950-TWMYB,0,0.0289876,0.0289876,Low,Two year,Fiber optic,54,79.95,4317.3,125.14816348012538,0.014605588499722658,Loyal / High Value
5848-FHRFC,0,0.012694523,0.012694523,Low,Two year,No,68,20.05,1363.4,17.3077123016119,0.0020007801099644735,Low Priority
2243-FNMMI,0,0.0743479,0.0743479,Low,Month-to-month,No,20,19.4,388.0,28.846984565258026,0.0032175126683249206,Low Priority
2511-MORQY,0,0.048313122,0.048313122,Low,One year,DSL,50,54.9,2745.0,132.61952055618167,0.015438769910214166,Loyal / High Value
5356-KZCKT,0,0.021166231,0.021166231,Low,Two year,No,58,24.45,1418.1,30.015832866355776,0.0034717164894119486,Loyal / High Value
9470-XCCEM,0,0.3330975,0.3330975,Medium,Month-to-month,Fiber optic,35,89.65,3137.75,1045.1766419932246,0.12177822688774015,Loyal / High Value
6519-CFDBX,0,0.5818742,0.5818742,Medium,Month-to-month,DSL,2,45.4,90.8,52.834176611900325,0.004910791190781274,Low Priority
3902-MIVLE,0,0.015769744,0.015769744,Low,Two year,DSL,63,75.7,4769.1,75.20748750250787,0.008780829931289867,Loyal / High Value
0409-WTMPL,0,0.23824972,0.23824972,Low,One year,Fiber optic,58,110.65,6417.700000000001,1529.015222543478,0.17870125279252522,Loyal / High Value
8763-KIAFH,0,0.024918498,0.024918498,Low,One year,No,27,20.55,554.85,13.826028876844795,0.0015657306247166712,Low Priority
3669-WHAFY,0,0.03785624,0.03785624,Low,Two year,Fiber optic,71,115.15,8175.650000000001,309.4993671292439,0.03619510383305101,Loyal / High Value
3055-VTCGS,0,0.051568847,0.051568847,Low,One year,DSL,63,58.55,3688.6499999999996,190.21942803841083,0.022183272424981023,Loyal / High Value
3144-KMTWZ,0,0.18509634,0.18509634,Low,Month-to-month,Fiber optic,71,93.25,6620.75,1225.476582404226,0.14323855626904414,Loyal / High Value
7279-BUYWN,1,0.45276475,0.45276475,Medium,Month-to-month,Fiber optic,41,113.2,4641.2,2101.3717555046082,0.2453183348431054,Loyal / High Value
7156-MHUGY,1,0.65882146,0.65882146,High,Month-to-month,Fiber optic,13,90.5,1176.5,775.1034519076347,0.08940332056360636,Automated Retention
7198-GLXTC,1,0.6740986,0.6740986,High,Month-to-month,Fiber optic,2,79.0,158.0,106.50758051872253,0.010998983335781167,Automated Retention
2007-QVGAW,0,0.018896114,0.018896114,Low,Two year,No,68,19.35,1315.8000000000002,24.863506907969718,0.0028727799094200347,Low Priority
5207-PLSTK,0,0.48289797,0.48289797,Medium,Month-to-month,DSL,1,48.75,48.75,23.541275896131992,0.0016952825059369484,Low Priority
2307-FYNNL,0,0.17126706,0.17126706,Low,Two year,Fiber optic,65,109.05,7088.25,1213.9837552383542,0.14192187903984815,Loyal / High Value
5605-XNWEN,0,0.015275474,0.015275474,Low,Two year,No,72,25.0,1800.0,27.495852671563625,0.003189313785385743,Loyal / High Value
2155-AMQRX,0,0.12511277,0.12511277,Low,Month-to-month,DSL,28,54.9,1537.2,192.323353099823,0.022267820820804834,Loyal / High Value
6181-AXXYF,0,0.011132712,0.011132712,Low,Two year,No,72,24.75,1782.0,19.83849197253585,0.0023008717408449864,Loyal / High Value
5091-HFAZW,0,0.60143316,0.60143316,High,Month-to-month,Fiber optic,2,91.15,182.3,109.64126468896866,0.011526434888416271,Automated Retention
0516-VRYBW,1,0.034854177,0.034854177,Low,One year,No,18,20.15,362.7,12.641610137745738,0.001405001828921728,Low Priority
2519-LBNQL,0,0.33477828,0.33477828,Medium,One year,Fiber optic,60,104.35,6261.0,2096.0468052327633,0.24495416513343032,Loyal / High Value
8623-ULFNQ,0,0.22483389,0.22483389,Low,Month-to-month,DSL,26,66.05,1717.3,386.1072406634688,0.04476279579854059,Loyal / High Value
8380-PEFPE,1,0.7901702,0.7901702,High,Month-to-month,Fiber optic,1,71.65,71.65,56.61569430828095,0.004895031728850928,Automated Retention
5687-DKDTV,1,0.13315427,0.13315427,Low,Month-to-month,No,4,20.35,81.4,10.838757824897767,0.0009770556887512536,Low Priority
1568-LJSZU,0,0.04480219,0.04480219,Low,Two year,DSL,68,92.2,6269.6,280.8918033599854,0.032826510011389656,Loyal / High Value
7530-HDYDS,1,0.24401559,0.24401559,Low,Month-to-month,Fiber optic,38,84.25,3201.5,781.2159093245864,0.09103390100392507,Loyal / High Value
7789-HKSBS,0,0.30010557,0.30010557,Medium,One year,Fiber optic,42,105.2,4418.400000000001,1325.9864582061768,0.15476655962318742,Loyal / High Value
7416-CKTEP,0,0.020044612,0.020044612,Low,Two year,No,57,19.6,1117.2,22.393840266019108,0.0025807625615154655,Low Priority
2586-CWXVV,0,0.23556131,0.23556131,Low,Month-to-month,DSL,54,30.4,1641.6,386.69744853973384,0.04480833832149387,Loyal / High Value
3096-IZETN,1,0.45692518,0.45692518,Medium,Month-to-month,Fiber optic,12,78.1,937.1999999999999,428.23028200864786,0.04918887009543756,Low Priority
2348-KCJLT,0,0.047125038,0.047125038,Low,One year,DSL,44,61.5,2706.0,127.52035217732191,0.014843679841926399,Loyal / High Value
8401-EMUWF,0,0.10419056,0.10419056,Low,Month-to-month,DSL,42,69.4,2914.8,303.6946390271187,0.03536851281567077,Loyal / High Value
4193-IBKSW,0,0.010441021,0.010441021,Low,Two year,No,72,24.75,1782.0,18.60589953325689,0.0021579154558893396,Loyal / High Value
5377-NDTOU,0,0.014574063,0.014574063,Low,Two year,DSL,71,91.05,6464.55,94.21475903461688,0.011011436450911854,Loyal / High Value
5922-ABDVO,1,0.369708,0.369708,Medium,Month-to-month,Fiber optic,19,89.65,1703.3500000000001,629.7421245485544,0.07300164269015126,Loyal / High Value
2474-LCNUE,0,0.18301004,0.18301004,Low,Month-to-month,DSL,23,73.65,1693.95,310.00986016094686,0.035935070257024686,Loyal / High Value
0839-QNXME,0,0.020092873,0.020092873,Low,Two year,No,30,19.4,582.0,11.694052029401064,0.001326461226888286,Low Priority
3506-OVLKD,0,0.036538333,0.036538333,Low,One year,No,35,26.2,917.0,33.50565108656883,0.0038469066991507783,Low Priority
9172-ANCRX,1,0.75330925,0.75330925,High,Month-to-month,Fiber optic,10,98.7,987.0,743.5162296295166,0.08549254685528548,Automated Retention
6650-VJONK,0,0.5496794,0.5496794,Medium,Month-to-month,DSL,1,43.85,43.85,24.10344162583351,0.0016140131439122147,Low Priority
2178-PMGCJ,0,0.28933454,0.28933454,Low,Month-to-month,Fiber optic,22,69.7,1533.4,443.6655768871308,0.05136746150809665,Loyal / High Value
7492-TAFJD,0,0.042870514,0.042870514,Low,Two year,DSL,7,38.55,269.84999999999997,11.568608228489754,0.0012615625660524848,Low Priority
2773-MADBQ,0,0.022095162,0.022095162,Low,Two year,DSL,36,53.1,1911.6000000000001,42.23711248487234,0.0049022087668028885,Loyal / High Value
6016-LVTJQ,0,0.05313798,0.05313798,Low,Month-to-month,No,34,20.65,702.0999999999999,37.30817603990435,0.004256046278173745,Low Priority
7860-KSUGX,0,0.015085157,0.015085157,Low,Two year,DSL,72,64.45,4640.400000000001,70.0011625751853,0.008172069770191075,Loyal / High Value
8966-KZXXA,0,0.019333538,0.019333538,Low,Two year,No,36,25.1,903.6,17.46978463679552,0.0020051474738181398,Low Priority
6910-HADCM,1,0.80473024,0.80473024,Critical,Month-to-month,Fiber optic,1,76.35,76.35,61.441153559088704,0.005428571023105657,Automated Retention
4816-LXZYW,1,0.48626584,0.48626584,Medium,Month-to-month,Fiber optic,23,79.15,1820.45,885.2226450532675,0.10269139714179935,Loyal / High Value
9606-PBKBQ,1,0.54766035,0.54766035,Medium,Month-to-month,Fiber optic,32,85.0,2720.0,1489.6361541748047,0.1734035234878766,Loyal / High Value
5149-QYTTU,0,0.046208125,0.046208125,Low,One year,Fiber optic,71,95.15,6755.650000000001,312.1659170066938,0.0364892634405555,Loyal / High Value
2070-XYMFH,0,0.39536664,0.39536664,Medium,Month-to-month,Fiber optic,23,79.35,1825.05,721.5638843223452,0.08370815260585227,Loyal / High Value
2085-BOJKI,0,0.32694128,0.32694128,Medium,One year,Fiber optic,17,96.65,1643.0500000000002,537.1808726623655,0.06224615254232608,Loyal / High Value
0817-HSUSE,0,0.5446818,0.5446818,Medium,Month-to-month,DSL,1,75.5,75.5,41.12347495555878,0.0036200601733321095,Low Priority
5442-PPTJY,0,0.026602615,0.026602615,Low,Two year,No,12,19.7,236.39999999999998,6.288858108222484,0.00067853630818734,Low Priority
1927-QEWMY,0,0.010741358,0.010741358,Low,Two year,No,72,20.5,1476.0,15.854243952780962,0.001834713337886715,Loyal / High Value
1663-MHLHE,0,0.21254672,0.21254672,Low,Month-to-month,No,1,19.2,19.2,4.080897045135498,9.965618956339385e-06,Low Priority
5663-QBGIS,0,0.062301893,0.062301893,Low,Two year,Fiber optic,72,98.35,7081.2,441.17216320484874,0.05157549789249449,Loyal / High Value
4450-MDZFX,0,0.15198177,0.15198177,Low,Month-to-month,Fiber optic,60,74.35,4461.0,677.9906803965569,0.07913698226532047,Loyal / High Value
6701-DHKWQ,0,0.017748449,0.017748449,Low,Two year,DSL,61,51.35,3132.35,55.594354218058285,0.00647748070340642,Loyal / High Value
7554-AKDQF,0,0.26973438,0.26973438,Low,Month-to-month,DSL,6,45.65,273.9,73.88024740219116,0.008065599330546527,Low Priority
3536-IQCTX,1,0.4605452,0.4605452,Medium,Month-to-month,Fiber optic,32,85.3,2729.6,1257.104210758209,0.14633884573940797,Loyal / High Value
4911-BANWH,1,0.38589078,0.38589078,Medium,Month-to-month,Fiber optic,31,86.55,2683.0499999999997,1035.3642623215912,0.12051171178993084,Loyal / High Value
8496-EJAUI,1,0.34961355,0.34961355,Medium,Month-to-month,Fiber optic,19,73.85,1403.1499999999999,490.5602489292621,0.0567314696923703,Loyal / High Value
0794-YVSGE,0,0.009370459,0.009370459,Low,Two year,No,72,20.3,1461.6000000000001,13.695863230526449,0.0015847358632719581,Loyal / High Value
5423-BHIXO,0,0.19955051,0.19955051,Low,Month-to-month,DSL,32,54.2,1734.4,346.1004035949707,0.04012903858979484,Loyal / High Value
6908-VVYHM,0,0.30789083,0.30789083,Medium,Month-to-month,Fiber optic,65,90.65,5892.25,1814.1697573512793,0.211972689621824,Loyal / High Value
2959-EEXWB,0,0.15775317,0.15775317,Low,Month-to-month,DSL,45,50.9,2290.5,361.3336348235607,0.0420067370635166,Loyal / High Value
1839-UMACK,0,0.053592276,0.053592276,Low,One year,No,42,25.05,1052.1000000000001,56.384433398768316,0.006491103082004829,Low Priority
3030-YDNRM,0,0.65070456,0.65070456,High,Month-to-month,Fiber optic,8,74.85,598.8,389.6418921232223,0.04423863540242153,Automated Retention
7321-KKSDU,0,0.013771143,0.013771143,Low,Two year,No,32,20.5,656.0,9.033869683742523,0.0010285741981085382,Low Priority
3402-XRIUO,0,0.15914215,0.15914215,Low,Month-to-month,DSL,22,63.55,1398.1,222.49664197713136,0.025729647591124605,Loyal / High Value
3132-TVFDZ,1,0.4155491,0.4155491,Medium,Month-to-month,DSL,57,44.85,2556.4500000000003,1062.3304952770472,0.12360725011809297,Loyal / High Value
8286-AFUYI,0,0.5260287,0.5260287,Medium,Month-to-month,DSL,1,47.95,47.95,25.223075816035273,0.0017973715764318787,Low Priority
8080-DDEMJ,1,0.68012154,0.68012154,High,Month-to-month,DSL,1,45.1,45.1,30.673481500148775,0.0020966800132351357,Automated Retention
8356-WUAOJ,0,0.6547894,0.6547894,High,Month-to-month,DSL,1,45.0,45.0,29.465522468090057,0.0020109107710884998,Automated Retention
6365-MTGZX,1,0.457789,0.457789,Medium,Month-to-month,Fiber optic,24,96.0,2304.0,1054.745864868164,0.12262512092036315,Loyal / High Value
1349-WXNGG,1,0.34282193,0.34282193,Medium,Month-to-month,No,1,20.05,20.05,6.873579613864422,5.0230613201912504e-05,Low Priority
8058-DMYRU,0,0.45695668,0.45695668,Medium,Month-to-month,Fiber optic,54,90.05,4862.7,2222.043270152807,0.2594538264819165,Loyal / High Value
9350-ZXYJC,0,0.045349132,0.045349132,Low,Two year,No,4,25.3,101.2,4.589332185685635,0.00043801206149390024,Low Priority
6990-YNRIO,1,0.12216151,0.12216151,Low,Two year,Fiber optic,65,108.65,7062.25,862.7351070940495,0.1008578477530766,Loyal / High Value
8958-JPTRR,0,0.054225523,0.054225523,Low,One year,No,56,24.3,1360.8,73.79009173214435,0.008529943255260474,Low Priority
6959-GQEGV,0,0.19273633,0.19273633,Low,Month-to-month,DSL,45,75.95,3417.75,658.7245838195086,0.0767888621600388,Loyal / High Value
3173-WSSUE,0,0.011955678,0.011955678,Low,Two year,No,71,19.7,1398.7,16.722407466173173,0.001933800721008663,Loyal / High Value
1265-HVPZB,0,0.044559527,0.044559527,Low,One year,DSL,59,66.4,3917.6000000000004,174.56640371382238,0.0203639212071781,Loyal / High Value
4115-UMJFQ,0,0.07109554,0.07109554,Low,One year,DSL,69,35.75,2466.75,175.37492605671287,0.020400216837451333,Loyal / High Value
7369-TRPFD,0,0.029057315,0.029057315,Low,One year,No,19,18.8,357.2,10.379272782057523,0.0011525922809466887,Low Priority
1098-KFQEC,0,0.020813627,0.020813627,Low,Two year,No,55,19.4,1067.0,22.20814018882811,0.002557300731205414,Low Priority
7190-XHTWJ,0,0.026580261,0.026580261,Low,One year,No,38,19.3,733.4,19.493963466212154,0.0022264458174888527,Low Priority
0621-TWIEM,1,0.36465067,0.36465067,Medium,Month-to-month,DSL,10,45.55,455.5,166.098378688097,0.018665949239717643,Low Priority
3537-RYBHH,0,0.1807707,0.1807707,Low,Month-to-month,DSL,47,67.45,3170.15,573.0702194184065,0.06677509967512985,Loyal / High Value
2485-ITVKB,1,0.69301873,0.69301873,High,Month-to-month,DSL,2,35.1,70.2,48.64991515874863,0.004175398883040204,Automated Retention
3669-OYSJI,1,0.5034537,0.5034537,Medium,Month-to-month,DSL,1,46.2,46.2,23.259559643268588,0.0016169625153487012,Low Priority
1612-EOHDH,1,0.58977646,0.58977646,Medium,Month-to-month,DSL,1,45.15,45.15,26.628407004475594,0.0018216205955764579,Low Priority
6702-OHFWR,1,0.80500716,0.80500716,Critical,Month-to-month,DSL,1,43.3,43.3,34.85681001543998,0.0023118289821939812,Automated Retention
5296-BFCYD,0,0.014614509,0.014614509,Low,Two year,No,46,20.1,924.6,13.512575408443809,0.0015516952634299984,Low Priority
4510-PYUSH,1,0.1792481,0.1792481,Low,Month-to-month,DSL,38,57.15,2171.7,389.2730869531631,0.045234342504625276,Loyal / High Value
9359-JANWS,0,0.016506186,0.016506186,Low,Two year,DSL,65,58.9,3828.5,63.1939321635291,0.007371016489044048,Loyal / High Value
7517-SAWMO,1,0.39374843,0.39374843,Medium,Month-to-month,Fiber optic,19,73.2,1390.8,547.6253197789192,0.06332319594545197,Low Priority
4143-HHPMK,1,0.37478504,0.37478504,Medium,Month-to-month,Fiber optic,52,85.35,4438.2,1663.3709461033343,0.1941491217448167,Loyal / High Value
3279-DYZQM,0,0.012343999,0.012343999,Low,Two year,No,71,19.45,1380.95,17.046445416845383,0.0019709276814135635,Low Priority
7054-LGEQW,1,0.53032786,0.53032786,Medium,Month-to-month,DSL,1,45.95,45.95,24.368565008044243,0.0016877345865856457,Low Priority
0523-VNGTF,0,0.24628809,0.24628809,Low,Month-to-month,DSL,52,50.5,2626.0,646.752526819706,0.07526752516761454,Loyal / High Value
9575-IWCAZ,0,0.060545973,0.060545973,Low,One year,No,6,25.1,150.60000000000002,9.118223606050016,0.0009353853273432526,Low Priority
7105-MXJLL,0,0.095512345,0.095512345,Low,One year,DSL,26,60.7,1578.2,150.73758356273174,0.017458499562615682,Loyal / High Value
7064-FRRSW,0,0.37123233,0.37123233,Medium,One year,Fiber optic,48,99.0,4752.0,1764.0960359573364,0.20596362389093129,Loyal / High Value
7940-UQQUG,0,0.124654606,0.124654606,Low,One year,Fiber optic,64,104.4,6681.6,832.8922153472901,0.09735426537354391,Loyal / High Value
0923-PNFUB,1,0.61654174,0.61654174,High,Month-to-month,Fiber optic,3,83.75,251.25,154.90611299872398,0.016798941324208564,Automated Retention
3961-SXAXY,0,0.5472477,0.5472477,Medium,Month-to-month,DSL,1,44.05,44.05,24.10626153051853,0.0016197023423498984,Low Priority
7010-BRBUU,0,0.01046548,0.01046548,Low,Two year,No,72,24.1,1735.2,18.15970156788826,0.0021055596559228125,Loyal / High Value
3566-HJGPK,0,0.5709164,0.5709164,Medium,Month-to-month,DSL,1,45.55,45.55,26.005242669582366,0.001790136684344303,Low Priority
3062-ICYZQ,0,0.29761943,0.29761943,Low,Month-to-month,Fiber optic,51,93.8,4783.8,1423.75183981061,0.16623178386218168,Loyal / High Value
9938-PRCVK,0,0.016688084,0.016688084,Low,Two year,No,41,19.7,807.6999999999999,13.478965632431208,0.0015431861460181993,Low Priority
0973-KYVNF,0,0.015207662,0.015207662,Low,Two year,DSL,72,70.65,5086.8,77.35833631865681,0.00903418420250503,Loyal / High Value
5129-HHMZC,0,0.022712443,0.022712443,Low,Two year,DSL,43,86.45,3717.35,84.43010007496923,0.009846575645409734,Loyal / High Value
9637-CDTKZ,0,0.028821083,0.028821083,Low,Two year,Fiber optic,72,114.1,8215.199999999999,236.77095930129286,0.027690022850820662,Loyal / High Value
3946-JEWRQ,0,0.24714354,0.24714354,Low,One year,Fiber optic,47,95.2,4474.400000000001,1105.8190410852433,0.129075949760091,Loyal / High Value
7873-CVMAW,0,0.014002678,0.014002678,Low,Two year,DSL,72,88.55,6375.599999999999,89.27547375820576,0.010433728363195855,Loyal / High Value
0463-WZZKO,0,0.16061252,0.16061252,Low,Month-to-month,No,3,20.75,62.25,9.998129591345787,0.0008180108482391202,Low Priority
3494-JCHRQ,1,0.8120156,0.8120156,Critical,Month-to-month,Fiber optic,1,70.05,70.05,56.88169229328632,0.004878070979921981,Automated Retention
6474-FVJLC,1,0.80507976,0.80507976,Critical,Month-to-month,Fiber optic,2,86.0,172.0,138.4737184047699,0.014457311861312038,Automated Retention
4524-QCSSM,0,0.2056498,0.2056498,Low,Month-to-month,DSL,26,44.65,1160.8999999999999,238.7388448655605,0.027531018936887815,Low Priority
5832-EXGTT,0,0.096013464,0.096013464,Low,Month-to-month,DSL,29,60.2,1745.8000000000002,167.6203055098653,0.019436333972481425,Loyal / High Value
8840-DQLGN,1,0.28974172,0.28974172,Low,Month-to-month,Fiber optic,35,100.5,3517.5,1019.1665167361498,0.11882494517901754,Loyal / High Value
2039-JONDJ,0,0.044797182,0.044797182,Low,One year,DSL,27,55.45,1497.15,67.0681011557579,0.007762790009915963,Loyal / High Value
7217-JYHOQ,0,0.08877405,0.08877405,Low,Month-to-month,DSL,24,70.3,1687.1999999999998,149.77957343459127,0.01736105370124982,Loyal / High Value
6695-FRVEC,0,0.012286531,0.012286531,Low,Two year,DSL,67,60.4,4046.7999999999997,49.721132872253655,0.005801076764472817,Loyal / High Value
4547-LYTDD,1,0.43868452,0.43868452,Medium,Month-to-month,Fiber optic,16,72.65,1162.4,509.9268896579743,0.058805281862292356,Low Priority
9894-QMIMJ,0,0.052557483,0.052557483,Low,One year,DSL,23,55.8,1283.3999999999999,67.45227408707142,0.007790720344235349,Low Priority
8069-YQQAJ,0,0.26312846,0.26312846,Low,Month-to-month,DSL,14,31.1,435.40000000000003,114.56613124608994,0.01284922592464865,Low Priority
6770-XUAGN,1,0.43100765,0.43100765,Medium,Month-to-month,No,1,21.0,21.0,9.051160722970963,0.0001111469473983234,Low Priority
4193-ORFCL,1,0.6356292,0.6356292,High,Month-to-month,DSL,1,45.1,45.1,28.666875886917115,0.0019595188669307016,Automated Retention
1636-NTNCO,0,0.541775,0.541775,Medium,Month-to-month,DSL,4,50.95,203.8,110.41374258995057,0.011748449551325852,Low Priority
3466-WAESX,0,0.23938452,0.23938452,Low,Month-to-month,DSL,16,69.1,1105.6,264.66352207660674,0.0304954863507622,Low Priority
9281-PKKZE,0,0.35154825,0.35154825,Medium,Month-to-month,DSL,46,43.95,2021.7,710.7251061022282,0.0825342271799768,Loyal / High Value
3638-VBZTA,0,0.019388514,0.019388514,Low,Two year,DSL,68,86.5,5882.0,114.04323722794652,0.013325057807989803,Loyal / High Value
7459-IMVYU,0,0.10197441,0.10197441,Low,Month-to-month,DSL,38,69.95,2658.1,271.058186660707,0.031547855835062824,Loyal / High Value
7776-QWNFX,1,0.18192185,0.18192185,Low,Month-to-month,DSL,30,50.4,1512.0,275.06584417819977,0.031841442389280966,Loyal / High Value
6689-TCZHQ,1,0.6487514,0.6487514,High,Month-to-month,Fiber optic,5,78.95,394.75,256.0946064889431,0.02858895355652506,Automated Retention
8563-OYMQY,0,0.39320865,0.39320865,Medium,Month-to-month,Fiber optic,17,90.95,1546.15,607.9595584258437,0.07039657208299305,Loyal / High Value
0754-EEBDC,0,0.025835125,0.025835125,Low,Two year,No,4,19.9,79.6,2.056475932151079,0.00018412129435092992,Low Priority
5777-ZPQNC,0,0.07231742,0.07231742,Low,One year,No,12,20.15,241.79999999999998,17.486352503299713,0.0018903301974279216,Low Priority
1951-IEYXM,0,0.014836422,0.014836422,Low,Two year,DSL,72,90.6,6523.2,96.78094908446073,0.01131165889297023,Loyal / High Value
3318-NMQXL,0,0.75494415,0.75494415,High,Month-to-month,Fiber optic,3,92.0,276.0,208.3645842075348,0.02276017843547926,Automated Retention
3143-ILDAL,1,0.3067259,0.3067259,Medium,Month-to-month,Fiber optic,56,94.45,5289.2,1622.3345744490623,0.18948894970549374,Loyal / High Value
1022-RKXDR,0,0.03674105,0.03674105,Low,One year,No,41,24.85,1018.85,37.43362064976245,0.004306884011099484,Low Priority
2361-FJWNO,0,0.059001025,0.059001025,Low,One year,DSL,40,36.0,1440.0,84.96147572994232,0.009828893527694588,Loyal / High Value
2272-UOINI,0,0.2781509,0.2781509,Low,Month-to-month,DSL,7,78.5,549.5,152.84391202032566,0.017302920498632995,Low Priority
8232-UTFOZ,0,0.013126707,0.013126707,Low,Two year,No,69,19.95,1376.55,18.06956811407581,0.0020891300201649546,Low Priority
3750-YHRYO,0,0.044154182,0.044154182,Low,One year,No,7,20.65,144.54999999999998,6.382487019151449,0.0006508332234754911,Low Priority
6637-KYRCV,0,0.4424097,0.4424097,Medium,Month-to-month,DSL,5,30.5,152.5,67.46747836470604,0.006933394611994081,Low Priority
5668-MEISB,0,0.03820021,0.03820021,Low,Two year,Fiber optic,72,106.1,7639.2,291.8190501898527,0.034121915583644795,Loyal / High Value
0129-QMPDR,0,0.023864169,0.023864169,Low,One year,No,44,20.5,902.0,21.525480143725872,0.0024705590975078887,Low Priority
7188-CBBBA,0,0.20598295,0.20598295,Low,One year,Fiber optic,65,95.5,6207.5,1278.6391826719046,0.14942407904511396,Loyal / High Value
5356-CSVSQ,0,0.48364255,0.48364255,Medium,Month-to-month,DSL,3,64.6,193.79999999999998,93.72992586493491,0.009920930930756348,Low Priority
3221-CJMSG,0,0.111030884,0.111030884,Low,Month-to-month,DSL,24,51.1,1226.4,136.16827624440194,0.015716534089408842,Low Priority
4720-VSTSI,1,0.30672887,0.30672887,Medium,Month-to-month,Fiber optic,44,84.8,3731.2,1144.4667585372924,0.13347480492631428,Loyal / High Value
3219-JQRSL,0,0.02341386,0.02341386,Low,Two year,DSL,72,89.1,6415.2,150.2045902311802,0.017554905485300327,Loyal / High Value
2801-NISEI,0,0.11959563,0.11959563,Low,Month-to-month,DSL,24,54.95,1318.8000000000002,157.72271942496303,0.01822420310673415,Low Priority
3946-MHCZW,1,0.52446103,0.52446103,Medium,Month-to-month,DSL,1,50.9,50.9,26.695066475868224,0.001973368235865841,Low Priority
4623-ZKHLY,0,0.07812443,0.07812443,Low,Month-to-month,No,22,20.45,449.9,35.148179394751786,0.0039477963452049245,Low Priority
6732-VAILE,0,0.02253504,0.02253504,Low,Two year,DSL,70,85.95,6016.5,135.58206281717867,0.015842836187391407,Loyal / High Value
8201-AAXCB,0,0.18080667,0.18080667,Low,Month-to-month,DSL,25,60.35,1508.75,272.79205825179815,0.03157737398249728,Loyal / High Value
7696-CFTAT,0,0.015865667,0.015865667,Low,Two year,No,37,19.8,732.6,11.623187491670251,0.0013274701045555694,Low Priority
1845-CSBRZ,0,0.3926654,0.3926654,Medium,Month-to-month,Fiber optic,22,85.35,1877.6999999999998,737.3077956676483,0.08555955626489697,Loyal / High Value
2123-VSCOT,0,0.01799391,0.01799391,Low,Two year,DSL,59,72.1,4253.9,76.54429476205259,0.008932624865150908,Loyal / High Value
6651-AZVTJ,1,0.55241895,0.55241895,Medium,Month-to-month,Fiber optic,49,99.8,4890.2,2701.439135694504,0.3154367098985805,Loyal / High Value
4566-GOLUK,1,0.38082185,0.38082185,Medium,Month-to-month,Fiber optic,47,107.35,5045.45,1921.4176226392387,0.2243832253125431,Loyal / High Value
2484-DGXPZ,1,0.077814385,0.077814385,Low,Month-to-month,No,31,19.55,606.0500000000001,47.159408207982786,0.0053563974311279065,Low Priority
2018-QKYGT,0,0.8012518,0.8012518,Critical,Month-to-month,Fiber optic,1,81.05,81.05,64.94146071374416,0.0058465311251334785,Automated Retention
2792-VPPET,0,0.19137251,0.19137251,Low,Month-to-month,No,3,20.5,61.5,11.769409596920013,0.0009578495801322369,Low Priority
7409-JURKQ,0,0.27300256,0.27300256,Low,One year,Fiber optic,53,111.8,5925.4,1617.649398100376,0.18901408358497315,Loyal / High Value
3247-MHJKM,0,0.33054298,0.33054298,Medium,Month-to-month,No,1,20.2,20.2,6.676968228816986,5.424326873997141e-05,Low Priority
1964-SVLEA,0,0.03447817,0.03447817,Low,One year,No,20,19.7,394.0,13.584398560225964,0.0015163410756113783,Low Priority
4587-NUKOX,1,0.48480478,0.48480478,Medium,Month-to-month,Fiber optic,3,79.1,237.29999999999998,115.04417412579059,0.012416757815444122,Low Priority
7297-DVYGA,0,0.029350748,0.029350748,Low,One year,No,51,19.85,1012.35,29.713230026979,0.003418210329052039,Low Priority
2239-CGBUZ,0,0.039482962,0.039482962,Low,One year,DSL,51,60.5,3085.5,121.82468030042946,0.014192892044312086,Loyal / High Value
0854-UYHZD,0,0.023426462,0.023426462,Low,Two year,No,13,19.55,254.15,5.953835308365524,0.0006462652174871559,Low Priority
7243-LCGGZ,0,0.3524209,0.3524209,Medium,Month-to-month,No,1,20.9,20.9,7.365596732497215,8.675026751367193e-05,Low Priority
8267-KFGYD,0,0.38849163,0.38849163,Medium,Month-to-month,No,1,21.05,21.05,8.177748823165894,0.00010245993163294122,Low Priority
4890-VMUAV,0,0.050157003,0.050157003,Low,One year,DSL,63,71.5,4504.5,225.9322204850614,0.026372523071395964,Loyal / High Value
9261-WDCAF,0,0.3994165,0.3994165,Medium,Month-to-month,DSL,3,54.65,163.95,65.48433620631694,0.006795680078776343,Low Priority
3764-MNMOI,0,0.019904226,0.019904226,Low,Two year,No,46,19.2,883.1999999999999,17.57941246032715,0.0020167400846670016,Low Priority
7442-YGZFK,0,0.57983863,0.57983863,Medium,Month-to-month,DSL,1,49.8,49.8,28.875963950157164,0.0021069717788419055,Low Priority
0420-BWTPW,1,0.26146793,0.26146793,Low,Month-to-month,DSL,8,25.5,204.0,53.33945846557617,0.005676090270169051,Low Priority
8229-BUJHX,0,0.009844398,0.009844398,Low,Two year,No,71,20.5,1455.5,14.328521472401917,0.001657849632833951,Loyal / High Value
7449-HVPIV,0,0.26637283,0.26637283,Low,Month-to-month,Fiber optic,55,90.4,4972.0,1324.4057091474533,0.15465560530166336,Loyal / High Value
5504-WSIUR,0,0.083605185,0.083605185,Low,One year,Fiber optic,70,90.25,6317.5,528.1757571920753,0.06172683558130562,Loyal / High Value
8183-ONMXC,1,0.6672422,0.6672422,High,Month-to-month,Fiber optic,2,80.75,161.5,107.75961998105049,0.011160852643958134,Automated Retention
8466-PZBLH,0,0.088596836,0.088596836,Low,Two year,Fiber optic,67,104.6,7008.2,620.9043441802263,0.07258518422595367,Loyal / High Value
9614-RMGHA,1,0.24773364,0.24773364,Low,Month-to-month,Fiber optic,65,91.85,5970.25,1479.031750421971,0.17282145044464892,Loyal / High Value
8735-IJJEG,0,0.17487837,0.17487837,Low,Month-to-month,DSL,14,50.2,702.8000000000001,122.9045210659504,0.014021099920245552,Low Priority
0564-MUUQK,0,0.38196373,0.38196373,Medium,Month-to-month,Fiber optic,20,95.5,1910.0,729.550724029541,0.08467388009989253,Loyal / High Value
5054-IEXZT,1,0.7787454,0.7787454,High,Month-to-month,Fiber optic,1,75.35,75.35,58.67846685647964,0.0051619998470720085,Automated Retention
5834-ASPWA,1,0.84724385,0.84724385,Critical,Month-to-month,Fiber optic,1,75.45,75.45,63.92454814016819,0.00562598038323654,Automated Retention
0701-RFGFI,0,0.39034498,0.39034498,Medium,Month-to-month,Fiber optic,49,95.4,4674.6,1824.70663125515,0.21302608609344845,Loyal / High Value
0019-EFAEP,0,0.031472012,0.031472012,Low,Two year,Fiber optic,72,101.3,7293.599999999999,229.54426964521406,0.026837091594627046,Loyal / High Value
5619-PTMIK,0,0.14761934,0.14761934,Low,Month-to-month,DSL,46,53.1,2442.6,360.5749921739101,0.04194014307966669,Loyal / High Value
3737-XBQDD,0,0.3750237,0.3750237,Medium,Month-to-month,Fiber optic,24,84.85,2036.3999999999999,763.6982481122017,0.08869183733668079,Loyal / High Value
5882-CMAZQ,0,0.3044521,0.3044521,Medium,Month-to-month,DSL,5,34.25,171.25,52.137420661747456,0.005440468086832428,Low Priority
5846-QFDFI,0,0.22986645,0.22986645,Low,Month-to-month,Fiber optic,33,88.6,2923.7999999999997,672.0835120797157,0.078272930292632,Loyal / High Value
4445-KWOKW,0,0.050575774,0.050575774,Low,One year,DSL,42,60.15,2526.2999999999997,127.76957826800643,0.014865289023084895,Loyal / High Value
3511-APPBJ,0,0.28517938,0.28517938,Low,One year,Fiber optic,23,99.95,2298.85,655.5846099019051,0.07621708993128565,Loyal / High Value
7967-HYCDE,0,0.44715327,0.44715327,Medium,Month-to-month,Fiber optic,8,70.7,565.6,252.90988965034487,0.028659908121922636,Low Priority
2430-RRYUW,0,0.03177932,0.03177932,Low,One year,DSL,66,54.8,3616.7999999999997,114.93944113254547,0.01340280264610423,Loyal / High Value
3948-XHGNA,1,0.13839847,0.13839847,Low,Month-to-month,DSL,24,49.55,1189.1999999999998,164.58345873355864,0.018986961684858354,Low Priority
3723-BFBGR,0,0.17173864,0.17173864,Low,Month-to-month,DSL,24,54.8,1315.1999999999998,225.8706586360931,0.026097380463942176,Low Priority
0565-IYCGT,1,0.08020226,0.08020226,Low,One year,DSL,69,78.6,5423.4,434.96893212944263,0.05080892836387895,Loyal / High Value
5447-WZAFP,0,0.20841935,0.20841935,Low,One year,Fiber optic,53,100.3,5315.9,1107.9364373892545,0.12940947973991715,Loyal / High Value
5110-CHOPY,0,0.07990738,0.07990738,Low,Two year,DSL,60,53.6,3216.0,256.9821342229843,0.029946534541230828,Loyal / High Value
5445-UTODQ,1,0.69175285,0.69175285,High,Month-to-month,Fiber optic,7,81.1,567.6999999999999,392.7080935180187,0.044507588606414406,Automated Retention
4425-OWHWB,0,0.035864864,0.035864864,Low,One year,No,20,19.35,387.0,13.879702191799879,0.001547899798054139,Low Priority
7892-QVYKW,0,0.4166275,0.4166275,Medium,Month-to-month,Fiber optic,23,85.6,1968.8,820.2562150716782,0.0952297001755716,Loyal / High Value
9675-ICXCT,0,0.024275178,0.024275178,Low,Two year,DSL,72,80.8,5817.599999999999,141.22327605485916,0.01650024647256799,Loyal / High Value
1024-VRZHF,1,0.6132791,0.6132791,High,Month-to-month,Fiber optic,11,74.95,824.45,505.6179574847222,0.057915452729410365,Automated Retention
4703-MQYKT,0,0.019723982,0.019723982,Low,Two year,No,21,19.6,411.6,8.118390834331512,0.0009081465655355102,Low Priority
9497-QCMMS,1,0.8969962,0.8969962,Critical,Month-to-month,Fiber optic,1,93.55,93.55,83.9139945179224,0.007859441339592354,Automated Retention
5692-ICXLW,0,0.5367647,0.5367647,Medium,Month-to-month,Fiber optic,31,90.7,2811.7000000000003,1509.2212545216084,0.17572323688489663,Loyal / High Value
0602-DDUML,0,0.016789803,0.016789803,Low,Two year,DSL,57,69.75,3975.75,66.75206039613113,0.007787463908294297,Loyal / High Value
2208-MPXIO,0,0.014915308,0.014915308,Low,Two year,No,45,20.0,900.0,13.423777185380459,0.0015406237569492974,Low Priority
1960-UYCNN,0,0.7267947,0.7267947,High,Month-to-month,Fiber optic,10,95.25,952.5,692.2719705104828,0.07954428799936669,Automated Retention
0348-SDKOL,1,0.31573555,0.31573555,Medium,Month-to-month,Fiber optic,58,102.1,5921.799999999999,1869.7227724969384,0.21846714930850603,Loyal / High Value
3190-FZATL,0,0.08444601,0.08444601,Low,Month-to-month,No,14,19.95,279.3,23.58577142357826,0.0025785571056441176,Low Priority
7336-RLLRH,0,0.084058635,0.084058635,Low,One year,DSL,27,80.85,2182.95,183.49579713530838,0.021323552934932523,Loyal / High Value
4373-MAVJG,1,0.5471028,0.5471028,Medium,Month-to-month,Fiber optic,14,90.9,1272.6000000000001,696.2430346727372,0.08040574618628486,Low Priority
8901-HJXTF,1,0.20878763,0.20878763,Low,Month-to-month,DSL,12,29.2,350.4,73.15918729305267,0.008115385849076333,Low Priority
7710-JSYOA,0,0.07590286,0.07590286,Low,Two year,Fiber optic,69,93.3,6437.7,488.6398217774927,0.05710953301622616,Loyal / High Value
5419-KLXBN,1,0.34205535,0.34205535,Medium,Month-to-month,Fiber optic,25,89.15,2228.75,762.3558625206351,0.08860713872965632,Loyal / High Value
3424-NMNBO,1,0.32713005,0.32713005,Medium,One year,Fiber optic,58,108.85,6313.299999999999,2065.270141300559,0.2413634771627177,Loyal / High Value
9885-MFVSU,0,0.020619838,0.020619838,Low,Two year,DSL,35,46.35,1622.25,33.45053149340674,0.0038755249609835883,Loyal / High Value
4514-GFCFI,1,0.66982156,0.66982156,High,Month-to-month,Fiber optic,16,84.75,1356.0,908.2780358791351,0.10498937904912997,Automated Retention
0607-MVMGC,0,0.09595372,0.09595372,Low,One year,DSL,45,78.75,3543.75,340.0359875522554,0.039646480876909786,Loyal / High Value
3365-SAIGS,0,0.53565,0.53565,Medium,Month-to-month,Fiber optic,17,83.55,1420.35,760.8104986310004,0.08799937621334711,Loyal / High Value
9828-AOQLM,1,0.6239302,0.6239302,High,Month-to-month,DSL,1,45.7,45.7,28.51361086368561,0.0019673343499128923,Automated Retention
8022-BECSI,0,0.029312775,0.029312775,Low,One year,No,22,19.6,431.20000000000005,12.639668381214143,0.0014169856784369207,Low Priority
8000-REIQB,1,0.82779115,0.82779115,Critical,Month-to-month,Fiber optic,1,69.95,69.95,57.903991249203685,0.00496313737185542,Automated Retention
9993-LHIEB,0,0.014634498,0.014634498,Low,Two year,DSL,67,67.85,4545.95,66.52769797886721,0.007765914456236019,Loyal / High Value
0266-CLZKZ,0,0.09231507,0.09231507,Low,Two year,Fiber optic,67,105.65,7078.55,653.4568410921842,0.0763926900986918,Loyal / High Value
7615-ESMYF,1,0.63344413,0.63344413,High,Month-to-month,DSL,2,44.6,89.2,56.50321643352509,0.005227220881190948,Automated Retention
3858-VOBET,1,0.4867372,0.4867372,Medium,Month-to-month,Fiber optic,23,74.95,1723.8500000000001,839.0619078725578,0.09727954433948663,Loyal / High Value
7020-OZKXZ,0,0.49186063,0.49186063,Medium,Month-to-month,Fiber optic,9,75.5,679.5,334.21929681301117,0.03809221645304339,Low Priority
3977-QCRSL,0,0.13734703,0.13734703,Low,Month-to-month,No,5,20.15,100.75,13.837713036686182,0.0013193441622150644,Low Priority
0017-DINOC,0,0.024061473,0.024061473,Low,Two year,DSL,54,45.2,2440.8,58.729243509471424,0.006831030548509665,Loyal / High Value
1447-PJGGA,1,0.19881408,0.19881408,Low,Two year,Fiber optic,57,95.25,5429.25,1079.4113393090665,0.12608702581357323,Loyal / High Value
8565-CLBZW,1,0.43301612,0.43301612,Medium,Month-to-month,Fiber optic,24,89.85,2156.3999999999996,933.7559641599654,0.10849766282326996,Loyal / High Value
9139-WQQDY,1,0.17880827,0.17880827,Low,One year,Fiber optic,49,100.45,4922.05,880.1032546311617,0.10276885539194078,Loyal / High Value
0224-HJAPT,1,0.47551414,0.47551414,Medium,Month-to-month,DSL,5,47.15,235.75,112.10245937854052,0.012092412963812778,Low Priority
8086-OVPWV,1,0.7076677,0.7076677,High,Month-to-month,Fiber optic,2,80.2,160.4,113.50990042686463,0.011745797485582648,Automated Retention
9430-FRQOC,1,0.73083466,0.73083466,High,Month-to-month,Fiber optic,4,87.1,348.4,254.62279655933378,0.02823554774199941,Automated Retention
7639-OPLNG,0,0.018813808,0.018813808,Low,Two year,DSL,70,79.25,5547.5,104.36959720216691,0.012192411105218709,Loyal / High Value
3074-GQWYX,1,0.69520795,0.69520795,High,Month-to-month,Fiber optic,5,75.9,379.5,263.8314183354378,0.02939346267940268,Automated Retention
1492-QGCLU,0,0.122326165,0.122326165,Low,Month-to-month,DSL,53,85.7,4542.1,555.6176760345697,0.06485816111735056,Loyal / High Value
6845-RGTYS,1,0.41021982,0.41021982,Medium,Month-to-month,Fiber optic,47,98.75,4641.25,1903.9327319338918,0.22226891871587148,Loyal / High Value
7328-OWMOM,0,0.025550755,0.025550755,Low,One year,No,31,20.1,623.1,15.920675279013814,0.0018098650939945295,Low Priority
4418-LZMSV,0,0.1114498,0.1114498,Low,Month-to-month,DSL,13,61.8,803.4,89.53876966685057,0.010249849191055663,Low Priority
5155-AZQPB,0,0.10193072,0.10193072,Low,Month-to-month,DSL,28,49.9,1397.2,142.4176056087017,0.016469114312632406,Loyal / High Value
8861-HGGKB,1,0.6380537,0.6380537,High,Month-to-month,Fiber optic,10,86.45,864.5,551.5974368155003,0.06325042514173791,Automated Retention
1087-GRUYI,0,0.014690183,0.014690183,Low,Two year,No,38,20.4,775.1999999999999,11.387829941511153,0.0013024726297793,Low Priority
7065-YUNRY,1,0.5732597,0.5732597,Medium,Month-to-month,DSL,1,45.3,45.3,25.968664920330045,0.0017806852902918044,Low Priority
7694-VLBWQ,1,0.30839095,0.30839095,Medium,One year,Fiber optic,67,104.1,6974.7,2150.934325459599,0.2514460539771558,Loyal / High Value
2546-KZAAT,0,0.08073814,0.08073814,Low,One year,DSL,52,75.4,3920.8,316.55810767412186,0.0369280090259314,Loyal / High Value
0181-RITDD,0,0.07252116,0.07252116,Low,Two year,Fiber optic,62,108.15,6705.3,486.27611780539155,0.0568399193599039,Loyal / High Value
5989-PGKJB,0,0.54122746,0.54122746,Medium,Month-to-month,Fiber optic,16,86.25,1380.0,746.8938946723938,0.08635582549068503,Low Priority
4795-KTRTH,1,0.74491405,0.74491405,High,Month-to-month,Fiber optic,5,81.0,405.0,301.6901922225952,0.03372161102670525,Automated Retention
8272-ONJLV,0,0.4277648,0.4277648,Medium,One year,Fiber optic,12,95.7,1148.4,491.2450999617577,0.05663952570120732,Low Priority
1488-PBLJN,0,0.022478832,0.022478832,Low,Two year,Fiber optic,72,116.85,8413.199999999999,189.11890880987045,0.022118378044067636,Loyal / High Value
0308-GIQJT,0,0.18459731,0.18459731,Low,One year,Fiber optic,71,105.75,7508.25,1386.002778366208,0.16205602363960653,Loyal / High Value
3778-FOAQW,0,0.026279803,0.026279803,Low,One year,No,24,20.15,483.59999999999997,12.708912907540798,0.001431785986059403,Low Priority
4452-ROHMO,0,0.025226,0.025226,Low,Two year,No,15,19.6,294.0,7.416444204747677,0.0008137419579490538,Low Priority
6481-OGDOO,1,0.10809611,0.10809611,Low,One year,Fiber optic,67,90.6,6070.2,656.1649938136339,0.07667535481365244,Loyal / High Value
3090-LETTY,0,0.3232295,0.3232295,Medium,Month-to-month,DSL,2,60.95,121.9,39.4016750395298,0.003906245381115123,Low Priority
5349-AZPEW,0,0.3286355,0.3286355,Medium,Month-to-month,DSL,5,25.05,125.25,41.16159810125828,0.004100624817393479,Low Priority
3753-TSEMP,1,0.52302283,0.52302283,Medium,Month-to-month,Fiber optic,15,88.15,1322.25,691.566937610507,0.07991069350119145,Low Priority
8305-VHZBZ,1,0.4203574,0.4203574,Medium,Month-to-month,No,1,20.2,20.2,8.49121960401535,6.89821324778604e-05,Low Priority
9720-JJJOR,0,0.046607774,0.046607774,Low,One year,DSL,41,60.3,2472.2999999999997,115.2283990446478,0.013403996260564587,Loyal / High Value
8100-HZZLJ,0,0.12910233,0.12910233,Low,Month-to-month,DSL,43,63.95,2749.85,355.012054195255,0.04132887874026024,Loyal / High Value
8775-ERLNB,0,0.8061455,0.8061455,Critical,Month-to-month,Fiber optic,1,74.3,74.3,59.89660984873771,0.005244405787167072,Automated Retention
8309-IEYJD,0,0.77506596,0.77506596,High,Month-to-month,Fiber optic,1,70.6,70.6,54.719656670093535,0.004706069093479845,Automated Retention
9172-JITSM,1,0.47716445,0.47716445,Medium,Month-to-month,Fiber optic,26,90.8,2360.7999999999997,1126.4898272037506,0.13099202170789193,Loyal / High Value
6298-QDFNH,1,0.5141523,0.5141523,Medium,Month-to-month,Fiber optic,22,79.35,1745.6999999999998,897.5556499242782,0.10407557986000382,Loyal / High Value
7398-HPYZQ,0,0.016724907,0.016724907,Low,Two year,DSL,71,90.55,6429.05,107.52526245974005,0.0125669113619114,Loyal / High Value
3546-GHEAE,0,0.029694648,0.029694648,Low,Two year,No,7,19.45,136.15,4.042926387768239,0.00040846152906140156,Low Priority
7361-YPXFS,0,0.13796581,0.13796581,Low,Month-to-month,DSL,28,64.45,1804.6000000000001,248.97310664355757,0.02887979995239937,Loyal / High Value
6557-BZXLQ,0,0.45133424,0.45133424,Medium,Month-to-month,Fiber optic,16,69.65,1114.4,502.96687488555915,0.05796157530126766,Low Priority
2550-QHZGP,0,0.053070508,0.053070508,Low,One year,No,7,19.5,136.5,7.244124334305525,0.0007321829033389531,Low Priority
7519-JTWQH,0,0.12636016,0.12636016,Low,Two year,Fiber optic,69,110.5,7624.5,963.4330634996295,0.11265208791652855,Loyal / High Value
2538-OIMXF,0,0.5190707,0.5190707,Medium,Month-to-month,DSL,1,24.7,24.7,12.821045917272567,0.00035897846035351885,Low Priority
8543-MSDMF,0,0.45532277,0.45532277,Medium,Month-to-month,DSL,3,77.4,232.20000000000002,105.7259477198124,0.01138947388424139,Low Priority
9961-JBNMK,1,0.5119078,0.5119078,Medium,Month-to-month,Fiber optic,21,96.8,2032.8,1040.6062082290648,0.12084845523367406,Loyal / High Value
1170-SASML,0,0.20912346,0.20912346,Low,Month-to-month,Fiber optic,69,85.4,5892.6,1232.2809147655964,0.14398319036850044,Loyal / High Value
4872-JCVCA,0,0.015126976,0.015126976,Low,Two year,DSL,71,47.6,3379.6,51.12312871329486,0.005959154815386507,Loyal / High Value
5346-BZCHP,0,0.014747593,0.014747593,Low,Two year,No,69,19.4,1338.6,19.74112748187035,0.0022814929600295363,Low Priority
2038-LLMLM,0,0.4824577,0.4824577,Medium,Month-to-month,Fiber optic,48,103.85,4984.799999999999,2404.9551299571986,0.2808379741708362,Loyal / High Value
6173-ITPWD,1,0.3173249,0.3173249,Medium,Month-to-month,Fiber optic,47,83.35,3917.45,1243.1044553115964,0.145013450284573,Loyal / High Value
9734-UYXQI,1,0.61539745,0.61539745,High,Month-to-month,DSL,2,49.4,98.8,60.80126838684082,0.005770793823219294,Automated Retention
1216-BGTSP,0,0.32365936,0.32365936,Medium,Month-to-month,Fiber optic,45,108.45,4880.25,1579.538593634963,0.1844352257196265,Loyal / High Value
4138-NAXED,0,0.22398564,0.22398564,Low,Month-to-month,Fiber optic,51,81.0,4131.0,925.2846879065037,0.10796532232666474,Loyal / High Value
2189-UXTKY,1,0.26246405,0.26246405,Low,Month-to-month,DSL,22,79.2,1742.4,457.31735458374027,0.053026893111162404,Loyal / High Value
0744-BIKKF,0,0.0132067045,0.0132067045,Low,Two year,DSL,72,86.65,6238.8,82.39398815743625,0.009628856680474739,Loyal / High Value
7483-IQWIB,0,0.42688254,0.42688254,Medium,Month-to-month,Fiber optic,37,92.95,3439.15,1468.113070999086,0.1711468116252069,Loyal / High Value
5248-KWLAR,0,0.025347346,0.025347346,Low,Two year,DSL,71,90.35,6414.849999999999,162.5994253103621,0.019003527662848237,Loyal / High Value
4958-GZWIY,1,0.33219588,0.33219588,Medium,Month-to-month,DSL,7,48.7,340.90000000000003,113.24557482004167,0.012542232313519659,Low Priority
7996-MHXLW,0,0.01775559,0.01775559,Low,Two year,No,66,25.15,1659.8999999999999,29.472504470497366,0.0034155452188868725,Loyal / High Value
7833-PKIHD,0,0.06743507,0.06743507,Low,One year,DSL,51,76.4,3896.4,262.75401014685633,0.03065058031864883,Loyal / High Value
7061-OVMIM,0,0.028505659,0.028505659,Low,One year,No,30,19.55,586.5,16.718568845652044,0.0018968799772027135,Low Priority
5153-RTHKF,0,0.44184333,0.44184333,Medium,Month-to-month,Fiber optic,34,85.35,2901.8999999999996,1282.1851618230342,0.14931996755472424,Loyal / High Value
1852-QSWCD,0,0.012714864,0.012714864,Low,Two year,No,64,24.8,1587.2,20.18103175163269,0.0023375366083367268,Loyal / High Value
4832-VRBMR,0,0.2587648,0.2587648,Low,One year,Fiber optic,65,103.15,6704.75,1734.9533156603575,0.20279544933376983,Loyal / High Value
9079-LWTFD,0,0.21441518,0.21441518,Low,Month-to-month,Fiber optic,47,100.75,4735.25,1015.309470217675,0.1185388298102096,Loyal / High Value
6356-ELRKD,1,0.8106514,0.8106514,Critical,Month-to-month,Fiber optic,1,95.6,95.6,77.49827589988708,0.007297687215726356,Automated Retention
8624-GIOUT,1,0.11925697,0.11925697,Low,Month-to-month,DSL,49,59.75,2927.75,349.1546034812927,0.04066398307200401,Loyal / High Value
3392-EHMNK,0,0.08223688,0.08223688,Low,Two year,Fiber optic,67,94.1,6304.7,518.4788483448326,0.060593210219856926,Loyal / High Value
5986-WWXDV,0,0.029449342,0.029449342,Low,One year,No,39,19.35,754.6500000000001,22.22394580347464,0.0025401230984249882,Low Priority
3061-BCKYI,0,0.08903836,0.08903836,Low,Month-to-month,No,14,19.9,278.59999999999997,24.806086298823352,0.0027114784771916068,Low Priority
6179-GJPSO,1,0.3559129,0.3559129,Medium,Month-to-month,Fiber optic,43,108.15,4650.45,1655.1551179513335,0.19322767670948227,Loyal / High Value
7901-TBKJX,0,0.5357952,0.5357952,Medium,Month-to-month,Fiber optic,56,101.05,5658.8,3031.9579444885253,0.3542157017191996,Loyal / High Value
7228-PAQPD,0,0.10833276,0.10833276,Low,One year,DSL,14,59.1,827.4,89.63452614694833,0.010267942405179344,Low Priority
3177-LASXD,1,0.7648262,0.7648262,High,Month-to-month,Fiber optic,1,71.35,71.35,54.570347839593886,0.004711132746019357,Automated Retention
7746-QYVCO,0,0.06707552,0.06707552,Low,One year,DSL,16,55.85,893.6,59.93868534564972,0.006878008434391075,Low Priority
5804-HYIEZ,0,0.28030485,0.28030485,Low,Month-to-month,Fiber optic,70,106.05,7423.5,2080.8430476486683,0.24329207104331038,Loyal / High Value
9919-FZDED,0,0.026448846,0.026448846,Low,Two year,DSL,72,84.1,6055.2,160.1530514717102,0.01871434419184632,Loyal / High Value
5934-TSSAU,0,0.28562835,0.28562835,Low,Month-to-month,Fiber optic,23,75.3,1731.8999999999999,494.6797369211912,0.057355345551354915,Loyal / High Value
3486-KHMLI,0,0.07782824,0.07782824,Low,Month-to-month,No,21,24.7,518.6999999999999,40.36950983852147,0.004560476704692748,Low Priority
4897-QSUYC,1,0.45789036,0.45789036,Medium,Month-to-month,No,1,20.15,20.15,9.226490785181522,7.245780055432807e-05,Low Priority
1084-UQCHV,1,0.72665155,0.72665155,High,Month-to-month,Fiber optic,1,69.75,69.75,50.68394556641579,0.004339705602826923,Automated Retention
8290-YWKHZ,1,0.58368,0.58368,Medium,Month-to-month,Fiber optic,32,93.2,2982.4,1740.7671546936035,0.20276092122807057,Loyal / High Value
2955-BJZHG,1,0.43430877,0.43430877,Medium,Month-to-month,Fiber optic,17,80.85,1374.4499999999998,596.9356852412224,0.06901381756559806,Low Priority
3806-DXQOM,1,0.47085586,0.47085586,Medium,Month-to-month,DSL,4,33.65,134.6,63.37719901204109,0.006391259003221004,Low Priority
6784-XYJAE,0,0.08812523,0.08812523,Low,One year,DSL,36,55.8,2008.8,177.025959777832,0.020556217821039655,Loyal / High Value
3933-DQPWX,0,0.025335735,0.025335735,Low,Two year,DSL,50,39.7,1985.0000000000002,50.29143339954317,0.0058391693533141106,Loyal / High Value
6661-EIPZC,0,0.10940957,0.10940957,Low,Month-to-month,DSL,48,29.5,1416.0,154.92395210266113,0.017918587323426306,Loyal / High Value
8957-THMOA,0,0.015653705,0.015653705,Low,Two year,No,50,20.15,1007.4999999999999,15.771108013577757,0.0018141431868153523,Low Priority
2251-PYLPB,0,0.013664893,0.013664893,Low,Two year,DSL,72,79.55,5727.599999999999,78.26704042889178,0.009144099357985769,Loyal / High Value
5555-RNPGT,0,0.12130273,0.12130273,Low,Month-to-month,No,10,24.8,248.0,30.083077371120453,0.003258930282025903,Low Priority
1057-FOGLZ,0,0.08457453,0.08457453,Low,Month-to-month,No,18,19.65,353.7,29.914010567218064,0.0033200498687282246,Low Priority
9300-RENDD,1,0.8475783,0.8475783,Critical,Month-to-month,Fiber optic,1,79.95,79.95,67.76388405561447,0.006075278068462977,Automated Retention
0761-AETCS,1,0.28979582,0.28979582,Low,Month-to-month,No,1,19.3,19.3,5.593059247732163,1.6984469707935086e-05,Low Priority
8087-LGYHQ,0,0.71498775,0.71498775,High,Month-to-month,Fiber optic,9,94.05,846.4499999999999,605.2013850688934,0.06936417095815875,Automated Retention
4137-BTIKL,0,0.58546335,0.58546335,Medium,Month-to-month,Fiber optic,2,90.75,181.5,106.26159712672234,0.011165473349560093,Low Priority
2190-BCXEC,0,0.28494602,0.28494602,Low,Month-to-month,Fiber optic,40,78.85,3154.0,898.7197610139847,0.10471712956617223,Loyal / High Value
6227-FBDXH,0,0.19644915,0.19644915,Low,One year,Fiber optic,69,99.5,6865.5,1348.7216096296906,0.1576599265860613,Loyal / High Value
2153-MREFK,1,0.23225082,0.23225082,Low,One year,Fiber optic,37,99.2,3670.4,852.4534265041351,0.09941006083578004,Loyal / High Value
2911-WDXMV,0,0.38710436,0.38710436,Medium,Month-to-month,Fiber optic,18,80.55,1449.8999999999999,561.2626148253679,0.06493635746613367,Loyal / High Value
7206-PQBBZ,0,0.5494195,0.5494195,Medium,Month-to-month,Fiber optic,11,70.2,772.2,424.2617551088333,0.048519864507908225,Low Priority
3106-ULWFW,1,0.7260313,0.7260313,High,Month-to-month,Fiber optic,8,85.2,681.6,494.8629364013672,0.056406314222775096,Automated Retention
0925-VYDLG,1,0.66940993,0.66940993,High,Month-to-month,Fiber optic,3,75.25,225.75,151.11929185688496,0.016238557900367087,Automated Retention
4547-FZJWE,0,0.058011733,0.058011733,Low,One year,DSL,55,59.45,3269.75,189.68386396206915,0.022106297283120024,Loyal / High Value
7422-WNBTY,0,0.48773313,0.48773313,Medium,Month-to-month,Fiber optic,33,93.35,3080.5499999999997,1502.4862803339956,0.17504183439270987,Loyal / High Value
0842-IWYCP,0,0.1136137,0.1136137,Low,Month-to-month,DSL,46,44.95,2067.7000000000003,234.9190523631871,0.027286092784002125,Loyal / High Value
3521-HTQTV,0,0.02201217,0.02201217,Low,Two year,No,34,26.1,887.4000000000001,19.53360001668334,0.0022411584786529984,Low Priority
3744-ZBHON,0,0.17534454,0.17534454,Low,Month-to-month,No,3,20.2,60.599999999999994,10.625879225134849,0.0008591290605963616,Low Priority
3373-DIUUN,0,0.014803165,0.014803165,Low,Two year,No,30,21.25,637.5,9.437017457094043,0.001073555650071357,Low Priority
8383-SGHJU,0,0.06830691,0.06830691,Low,One year,DSL,33,59.4,1960.2,133.89520108401777,0.015544241280640794,Loyal / High Value
7607-QKKTJ,0,0.16532607,0.16532607,Low,One year,Fiber optic,45,95.0,4275.0,706.7689653486013,0.0824808743391088,Loyal / High Value
7707-PYBBH,0,0.08131786,0.08131786,Low,Month-to-month,DSL,40,61.9,2476.0,201.3430137038231,0.02342158641151955,Loyal / High Value
8984-HPEMB,0,0.048607074,0.048607074,Low,Two year,Fiber optic,71,118.65,8424.15,409.47328011430795,0.0478900350628624,Loyal / High Value
4349-GFQHK,1,0.6151876,0.6151876,High,Month-to-month,DSL,1,54.35,54.35,33.43544526398182,0.0025635219733835114,Automated Retention
4139-DETXS,0,0.013493483,0.013493483,Low,Two year,DSL,72,64.45,4640.400000000001,62.61515830345453,0.0073098134874231375,Loyal / High Value
9779-DPNEJ,0,0.4295257,0.4295257,Medium,Month-to-month,Fiber optic,22,80.15,1763.3000000000002,757.3826724380256,0.08783144097172971,Loyal / High Value
9805-FILKB,0,0.024554465,0.024554465,Low,One year,No,46,20.2,929.1999999999999,22.81600884646177,0.0026203095584560044,Low Priority
5793-YOLJN,0,0.014488361,0.014488361,Low,Two year,No,55,21.0,1155.0,16.734056775458157,0.0019295850046395077,Low Priority
0673-IGUQO,0,0.30868435,0.30868435,Medium,Month-to-month,No,1,20.45,20.45,6.312594938278198,5.970193829110749e-05,Low Priority
4123-FCVCB,0,0.23783234,0.23783234,Low,One year,DSL,12,75.85,910.1999999999999,216.47499369978902,0.02485040155576859,Low Priority
8819-IMISP,0,0.4726546,0.4726546,Medium,Month-to-month,Fiber optic,31,80.45,2493.9500000000003,1178.7769667848945,0.13713089132835893,Loyal / High Value
7802-EFKNY,1,0.5541042,0.5541042,Medium,Month-to-month,DSL,5,24.95,124.75,69.12450006604195,0.0068814868878766,Low Priority
8311-UEUAB,0,0.047950365,0.047950365,Low,Two year,DSL,67,75.5,5058.5,242.55691957846284,0.02832607988595462,Loyal / High Value
5858-EAFCZ,0,0.5025931,0.5025931,Medium,Month-to-month,DSL,1,44.45,44.45,22.34026329815388,0.0015111019571478754,Low Priority
8035-BUYVG,1,0.14466679,0.14466679,Low,One year,DSL,40,42.35,1694.0,245.0655438899994,0.028407001151058427,Loyal / High Value
1163-ONYEY,0,0.12672761,0.12672761,Low,Month-to-month,DSL,41,74.55,3056.5499999999997,387.34927887171506,0.04512457799467565,Loyal / High Value
9787-XVQIU,1,0.846669,0.846669,Critical,Month-to-month,Fiber optic,1,75.3,75.3,63.75417707562446,0.005607276764367857,Automated Retention
8945-MUQUF,1,0.19600657,0.19600657,Low,One year,Fiber optic,51,94.8,4834.8,947.6525466799736,0.11064886806472654,Loyal / High Value
5656-MJEFC,0,0.01978989,0.01978989,Low,Two year,DSL,42,48.15,2022.3,40.021093444526194,0.004647534171368057,Loyal / High Value
6082-OQFBA,0,0.027702598,0.027702598,Low,One year,No,23,19.65,451.95,12.52018912145868,0.001406529008922033,Low Priority
8051-HJRLT,1,0.82306856,0.82306856,Critical,Month-to-month,Fiber optic,1,70.55,70.55,58.06748684942722,0.004992708872964596,Automated Retention
8974-OVACP,0,0.3608145,0.3608145,Medium,Month-to-month,No,1,20.15,20.15,7.270412412285804,5.70962573726509e-05,Low Priority
4010-YLMVT,0,0.2995977,0.2995977,Low,Month-to-month,Fiber optic,56,106.6,5969.599999999999,1788.4784918308255,0.20897951693499744,Loyal / High Value
1379-FRVEB,0,0.60382915,0.60382915,High,Month-to-month,Fiber optic,15,91.0,1365.0,824.2267835140228,0.0952825857534591,Automated Retention
8612-GXIDD,0,0.028272005,0.028272005,Low,Two year,No,12,25.4,304.79999999999995,8.61730706244707,0.0009477908585244326,Low Priority
6288-CHQJB,0,0.0153998565,0.0153998565,Low,Two year,DSL,54,69.95,3777.3,58.16987793054432,0.006784550898874511,Loyal / High Value
8160-HOWOX,0,0.41900596,0.41900596,Medium,Month-to-month,DSL,7,66.85,467.94999999999993,196.07383908778425,0.022059795460841893,Low Priority
3023-GFLBR,1,0.3152198,0.3152198,Medium,Month-to-month,Fiber optic,33,86.15,2842.9500000000003,896.1541012510659,0.1043496775604709,Loyal / High Value
6648-INWPS,0,0.10966575,0.10966575,Low,Month-to-month,No,16,20.15,322.4,35.35623826980591,0.0039026774829344375,Low Priority
4223-BKEOR,0,0.06858029,0.06858029,Low,One year,DSL,21,64.85,1361.85,93.39607088528572,0.010796460215746727,Low Priority
4079-VTGLK,0,0.065434456,0.065434456,Low,Two year,DSL,30,74.85,2245.5,146.93307065963745,0.017078828639494056,Loyal / High Value
1763-WQFUK,0,0.36569062,0.36569062,Medium,Month-to-month,DSL,3,50.5,151.5,55.402128741145134,0.005688196866628444,Low Priority
1391-UBDAR,0,0.44747394,0.44747394,Medium,Month-to-month,Fiber optic,11,72.9,801.9000000000001,358.8293550789357,0.04107474270280219,Low Priority
8894-JVDCV,0,0.15566126,0.15566126,Low,One year,Fiber optic,62,115.05,7133.099999999999,1110.3472989052534,0.12980833497151328,Loyal / High Value
2023-VQFDL,0,0.10314084,0.10314084,Low,Month-to-month,No,18,19.0,342.0,35.274166747927666,0.003907436115104098,Low Priority
1345-GKDZZ,0,0.10900125,0.10900125,Low,Month-to-month,No,6,19.55,117.30000000000001,12.785846516489984,0.0012585126399429374,Low Priority
2014-MKGMH,0,0.37108833,0.37108833,Medium,One year,Fiber optic,46,101.1,4650.599999999999,1725.7833687901496,0.20147305282513311,Loyal / High Value
5628-FCGYG,0,0.5704782,0.5704782,Medium,Month-to-month,Fiber optic,21,84.1,1766.1,1007.521550631523,0.11684130725506008,Loyal / High Value
2560-WBWXF,0,0.014725708,0.014725708,Low,Two year,No,68,24.15,1642.1999999999998,24.182558338902886,0.002802151516894722,Loyal / High Value
0248-IPDFW,0,0.6585027,0.6585027,High,Month-to-month,DSL,1,50.1,50.1,32.99098516702652,0.0024159713106793024,Automated Retention
7978-DKUQH,0,0.4065493,0.4065493,Medium,Month-to-month,Fiber optic,25,74.6,1864.9999999999998,758.2144533097743,0.08797957220332052,Loyal / High Value
4335-UPJSI,0,0.017709289,0.017709289,Low,Two year,No,24,19.75,474.0,8.39420286566019,0.0009449161005759051,Low Priority
0524-IAVZO,1,0.5256671,0.5256671,Medium,Month-to-month,Fiber optic,30,85.0,2550.0,1340.451031923294,0.1559649862835305,Loyal / High Value
2737-YNGYW,1,0.6560195,0.6560195,High,Month-to-month,Fiber optic,2,80.55,161.1,105.68474287390708,0.010942373418480445,Automated Retention
1784-EZDKJ,0,0.3298092,0.3298092,Medium,One year,Fiber optic,51,106.8,5446.8,1796.4046897888184,0.20984202422151327,Loyal / High Value
9297-FVVDH,0,0.033806134,0.033806134,Low,Two year,DSL,57,84.5,4816.5,162.82724448479712,0.019011591471927634,Loyal / High Value
8007-YYPWD,0,0.032027755,0.032027755,Low,Two year,No,15,25.05,375.75,12.034428915940225,0.001340058505627175,Low Priority
7101-HRBLJ,0,0.011705691,0.011705691,Low,Two year,DSL,72,83.7,6026.400000000001,70.54317621141672,0.008243050124333432,Loyal / High Value
5159-YFPKQ,1,0.6867093,0.6867093,High,Month-to-month,Fiber optic,2,75.8,151.6,104.1051275730133,0.010689585640836458,Automated Retention
6635-CPNUN,0,0.33585104,0.33585104,Medium,Month-to-month,Fiber optic,28,96.6,2704.7999999999997,908.409902358055,0.10574079880215621,Loyal / High Value
4021-RQSNY,1,0.6401698,0.6401698,High,Month-to-month,Fiber optic,29,98.5,2856.5,1828.6450317800045,0.21293719987254323,Priority Retention
5453-YBTWV,0,0.052214973,0.052214973,Low,Two year,Fiber optic,70,101.1,7077.0,369.52536161988974,0.043199517082427155,Loyal / High Value
5039-LZRQT,0,0.038367294,0.038367294,Low,One year,No,13,20.2,262.59999999999997,10.075251345336437,0.0010964396828541004,Low Priority
2931-VUVJN,0,0.10970498,0.10970498,Low,One year,Fiber optic,59,94.05,5548.95,608.7474419128149,0.0711136754866901,Loyal / High Value
9061-TIHDA,1,0.7428118,0.7428118,High,Month-to-month,Fiber optic,13,95.25,1238.25,919.7867101728916,0.10617754223916487,Automated Retention
8699-ASUFO,1,0.648002,0.648002,High,Month-to-month,Fiber optic,7,74.4,520.8000000000001,337.4794564247132,0.03813027690003353,Automated Retention
6418-PIQSP,0,0.016540071,0.016540071,Low,Two year,DSL,62,81.0,5022.0,83.06423654034734,0.009700075394508203,Loyal / High Value
8220-OCUFY,0,0.11393897,0.11393897,Low,One year,DSL,21,60.25,1265.25,144.16128477081656,0.016647040520742985,Low Priority
3995-WFCSM,0,0.47979262,0.47979262,Medium,Month-to-month,DSL,2,60.85,121.7,58.390762427449225,0.005787071113426459,Low Priority
1895-QTKDO,0,0.48185357,0.48185357,Medium,Month-to-month,DSL,1,43.95,43.95,21.1774645999074,0.0014205056028503474,Low Priority
2038-OEQZH,0,0.6701682,0.6701682,High,Month-to-month,Fiber optic,4,86.05,344.2,230.67190166711808,0.025561789562122225,Automated Retention
1178-PZGAB,0,0.030733533,0.030733533,Low,One year,No,19,20.25,384.75,11.824726900085807,0.001318329950752308,Low Priority
7927-AUXBZ,1,0.33182624,0.33182624,Medium,Month-to-month,Fiber optic,30,85.15,2554.5,847.6501296311617,0.09862760178198433,Loyal / High Value
2626-VEEWG,0,0.01566857,0.01566857,Low,Two year,No,67,19.4,1299.8,20.36600615866482,0.0023527097077750293,Low Priority
2878-RMWXY,0,0.050679788,0.050679788,Low,Two year,Fiber optic,72,102.65,7390.8,374.56417710185053,0.043793533979695,Loyal / High Value
1657-DYMBM,0,0.017909225,0.017909225,Low,Two year,No,53,19.9,1054.6999999999998,18.888859688118096,0.002174625639614718,Low Priority
7311-MQJCH,0,0.07478829,0.07478829,Low,One year,No,5,19.55,97.75,7.3105550818145275,0.0006921107559209858,Low Priority
7375-WMVMT,0,0.05370858,0.05370858,Low,Two year,Fiber optic,71,95.5,6780.5,364.1710225623101,0.04256860714433547,Loyal / High Value
1136-XGEQU,0,0.09171675,0.09171675,Low,One year,DSL,50,84.15,4207.5,385.8982317522168,0.0450316434762799,Loyal / High Value
2530-FMFXO,0,0.14274977,0.14274977,Low,Two year,Fiber optic,56,103.2,5779.2,824.9794793128967,0.09638688386266313,Loyal / High Value
6844-DZKRF,0,0.41083583,0.41083583,Medium,Month-to-month,DSL,2,50.2,100.4,41.247917568683626,0.0039296000469294335,Low Priority
4695-WJZUE,1,0.8268562,0.8268562,Critical,Month-to-month,Fiber optic,2,88.55,177.1,146.4362322986126,0.01534266408186319,Automated Retention
7619-ODSGN,1,0.1477673,0.1477673,Low,Month-to-month,DSL,24,54.75,1314.0,194.1662392616272,0.0224339147975189,Low Priority
5970-GHJAW,0,0.014780894,0.014780894,Low,Two year,No,46,19.95,917.6999999999999,13.564426352083682,0.0015574064078151797,Low Priority
8879-XUAHX,0,0.05477309,0.05477309,Low,Two year,Fiber optic,71,116.25,8253.75,452.08337957505137,0.05287106684996398,Loyal / High Value
3689-MOZGR,0,0.2487709,0.2487709,Low,Month-to-month,DSL,29,31.2,904.8,225.0879036426544,0.02583587430389591,Low Priority
4195-PNGZS,0,0.012638259,0.012638259,Low,Two year,No,69,24.45,1687.05,21.32137442040257,0.0024713727442733434,Loyal / High Value
5003-XZWWO,0,0.018121103,0.018121103,Low,Two year,DSL,71,84.2,5978.2,108.3315769072622,0.012658348201209188,Loyal / High Value
3988-RQIXO,1,0.8651868,0.8651868,Critical,Month-to-month,Fiber optic,1,91.3,91.3,78.99155579805374,0.007352546389813452,Automated Retention
7622-FWGEW,0,0.032131366,0.032131366,Low,Two year,DSL,56,85.65,4796.400000000001,154.11488595306875,0.017994047292778568,Loyal / High Value
6922-NCEDI,0,0.026519978,0.026519978,Low,One year,No,56,21.2,1187.2,31.484518378973007,0.003632073188378753,Low Priority
2514-GINMM,1,0.848022,0.848022,Critical,Month-to-month,Fiber optic,1,79.5,79.5,67.41774773597717,0.006033727310916488,Automated Retention
9891-NQDBD,0,0.03583325,0.03583325,Low,One year,No,28,25.55,715.4,25.635107573121786,0.0029259005133363027,Low Priority
6131-IUNXN,0,0.06807918,0.06807918,Low,Month-to-month,No,19,20.2,383.8,26.128789673745633,0.0029127087714101636,Low Priority
8548-AWOFC,0,0.111371554,0.111371554,Low,Month-to-month,DSL,66,63.85,4214.1,469.3308675415814,0.05476803759356439,Loyal / High Value
9798-DRYDS,0,0.084567085,0.084567085,Low,One year,DSL,17,61.95,1053.15,89.06182547137142,0.01025318410951471,Low Priority
8532-UEFWH,0,0.01504631,0.01504631,Low,Two year,No,52,25.75,1339.0,20.147008661180735,0.002328410779163716,Low Priority
6296-DDOOR,0,0.13016953,0.13016953,Low,One year,DSL,19,58.2,1105.8,143.94146156609057,0.016585506667541612,Low Priority
7951-VRDVK,0,0.091925554,0.091925554,Low,One year,DSL,36,85.85,3090.6,284.105117122829,0.033099319756664025,Loyal / High Value
5931-FLJJF,1,0.54467726,0.54467726,Medium,Month-to-month,Fiber optic,7,70.1,490.69999999999993,267.27313027381894,0.030128610023455956,Low Priority
4815-YOSUK,0,0.09178027,0.09178027,Low,One year,Fiber optic,72,104.9,7552.8,693.1980055510998,0.0810522009235711,Loyal / High Value
2659-VXMWZ,1,0.18239835,0.18239835,Low,One year,Fiber optic,67,111.3,7457.099999999999,1360.1627286761998,0.15903198139934846,Loyal / High Value
0380-NEAVX,0,0.33311477,0.33311477,Medium,One year,Fiber optic,34,99.85,3394.8999999999996,1130.8913429766892,0.1318253921187676,Loyal / High Value
3207-OYBWH,1,0.33522913,0.33522913,Medium,Month-to-month,Fiber optic,57,95.25,5429.25,1820.0427464470267,0.21260085788978833,Loyal / High Value
4285-GYRQC,1,0.716025,0.716025,High,Month-to-month,Fiber optic,7,86.25,603.75,432.3000906407833,0.04909494804219809,Automated Retention
7216-EWTRS,1,0.90375334,0.90375334,Critical,Month-to-month,Fiber optic,1,100.8,100.8,91.09833669662476,0.008686676423015759,Automated Retention
4365-MSDYN,0,0.12725039,0.12725039,Low,Month-to-month,No,8,19.55,156.4,19.90196072459221,0.002052425617171872,Low Priority
7036-TYDEC,0,0.12542485,0.12542485,Low,Two year,Fiber optic,69,104.0,7176.0,900.048702120781,0.10522443677291039,Loyal / High Value
5802-ADBRC,0,0.235183,0.235183,Low,One year,Fiber optic,50,104.4,5220.0,1227.6552629470825,0.14338355946835946,Loyal / High Value
8076-FEZKJ,0,0.04763661,0.04763661,Low,One year,No,10,19.5,195.0,9.289138857275248,0.000983867521358644,Low Priority
5197-YPYBZ,0,0.030619448,0.030619448,Low,Two year,No,12,25.25,303.0,9.277692759409547,0.0010200261552950865,Low Priority
8337-MSSXB,1,0.5798886,0.5798886,Medium,Month-to-month,Fiber optic,14,86.3,1208.2,700.62138504982,0.08084671320610269,Low Priority
4312-GVYNH,0,0.016950965,0.016950965,Low,Two year,DSL,70,49.85,3489.5,59.15039211511612,0.006896065497758329,Loyal / High Value
8495-LJDFO,0,0.22633137,0.22633137,Low,Month-to-month,Fiber optic,64,108.95,6972.8,1578.1633634090424,0.1844885049804218,Loyal / High Value
0839-JTCUD,0,0.020714492,0.020714492,Low,Two year,DSL,66,89.9,5933.400000000001,122.90736449360848,0.014361160452388902,Loyal / High Value
5494-WOZRZ,0,0.01420643,0.01420643,Low,Two year,DSL,71,82.0,5822.0,82.70983513072133,0.009663676182457873,Loyal / High Value
1302-UHBDD,0,0.4815734,0.4815734,Medium,Month-to-month,Fiber optic,20,89.95,1799.0,866.3505517840385,0.10048961128679013,Loyal / High Value
2234-EOFPT,0,0.012658863,0.012658863,Low,Two year,DSL,72,79.35,5713.2,72.3226179677993,0.008449530117360445,Loyal / High Value
8619-IJNDK,0,0.014338924,0.014338924,Low,Two year,DSL,71,64.05,4547.55,65.20697209993378,0.007611754540499773,Loyal / High Value
8378-LKJAF,0,0.4272354,0.4272354,Medium,Month-to-month,Fiber optic,38,101.15,3843.7000000000003,1642.1646866708995,0.19154780819230982,Loyal / High Value
8182-BJDSI,1,0.5201607,0.5201607,Medium,Month-to-month,Fiber optic,28,89.95,2518.6,1310.0766761779785,0.15241673568631145,Loyal / High Value
2528-HFYZX,1,0.50790894,0.50790894,Medium,Month-to-month,Fiber optic,17,76.45,1299.65,660.1038542807103,0.0762559975387734,Low Priority
1153-GNOLC,0,0.1952701,0.1952701,Low,One year,DSL,33,39.1,1290.3,251.95701802521944,0.029103284418221007,Low Priority
3298-QEICA,0,0.02167132,0.02167132,Low,Two year,DSL,23,34.6,795.8000000000001,17.246035962924363,0.001973768656059264,Low Priority
0788-DXBFY,0,0.05768026,0.05768026,Low,One year,No,58,19.55,1133.9,65.40364725627006,0.007539297913650746,Low Priority
3597-YASZG,0,0.11804581,0.11804581,Low,Two year,Fiber optic,70,104.45,7311.5,863.0919170379639,0.10090874154497963,Loyal / High Value
3496-LFSZU,0,0.583909,0.583909,Medium,Month-to-month,Fiber optic,4,70.5,282.0,164.66233098506927,0.018014446063007703,Low Priority
5242-UOWHD,0,0.013010377,0.013010377,Low,Two year,No,45,20.35,915.7500000000001,11.914252796676012,0.001367879982636239,Low Priority
2482-CZGBB,1,0.5305754,0.5305754,Medium,Month-to-month,Fiber optic,10,70.0,700.0,371.4027762413025,0.04236543028205298,Low Priority
6479-SZPLM,0,0.01715564,0.01715564,Low,Two year,No,36,19.45,700.1999999999999,12.012379007041453,0.001370247207695181,Low Priority
8097-VBQTZ,0,0.06973837,0.06973837,Low,Month-to-month,DSL,54,69.9,3774.6000000000004,263.23446333110337,0.03070182177368817,Loyal / High Value
4500-HKANN,0,0.019734012,0.019734012,Low,Two year,DSL,23,59.7,1373.1000000000001,27.096771826408805,0.0031327096307089534,Low Priority
9917-KWRBE,0,0.06482481,0.06482481,Low,One year,DSL,41,78.35,3212.35,208.2399851951748,0.024266372694043872,Loyal / High Value
3420-ZDBMA,0,0.5836428,0.5836428,Medium,Month-to-month,Fiber optic,5,71.45,357.25,208.50638343393803,0.023154292380352014,Low Priority
2212-LYASK,0,0.1100274,0.1100274,Low,One year,DSL,27,45.85,1237.95,136.20842309743168,0.015723451323121147,Low Priority
1393-IMKZG,0,0.785402,0.785402,High,Month-to-month,Fiber optic,1,95.85,95.85,75.28078169524669,0.007093401174064493,Automated Retention
8069-RHUXK,0,0.017158542,0.017158542,Low,Two year,DSL,67,35.7,2391.9,41.041516199335454,0.004772943503019698,Loyal / High Value
3398-GCPMU,0,0.026344294,0.026344294,Low,Two year,DSL,72,89.55,6447.599999999999,169.85746824368832,0.019852095311514564,Loyal / High Value
2908-WGAXL,0,0.017691247,0.017691247,Low,Two year,No,56,24.95,1397.2,24.718210539221765,0.0028584038696216176,Loyal / High Value
3378-AJRAO,0,0.045955516,0.045955516,Low,One year,No,44,24.85,1093.4,50.247761629521854,0.005788610971638262,Low Priority
1013-QCWAM,0,0.4384858,0.4384858,Medium,Month-to-month,Fiber optic,66,100.8,6652.8,2917.1583383560182,0.34097369716957554,Loyal / High Value
0866-QLSIR,1,0.03845366,0.03845366,Low,One year,DSL,34,64.4,2189.6000000000004,84.19813591837884,0.00978469700550427,Loyal / High Value
6050-FFXES,0,0.10587846,0.10587846,Low,Two year,Fiber optic,69,105.35,7269.15,769.6463888056576,0.0899821682537075,Loyal / High Value
7181-BQYBV,1,0.79878503,0.79878503,High,Month-to-month,Fiber optic,1,102.45,102.45,81.83552640974521,0.007832235538953356,Automated Retention
0362-RAOQO,0,0.018734729,0.018734729,Low,Two year,No,40,19.65,786.0,14.725496929138899,0.001684790419341978,Low Priority
9554-DFKIC,0,0.10076467,0.10076467,Low,Month-to-month,DSL,30,54.45,1633.5,164.59908759221435,0.019071726346355622,Loyal / High Value
5527-ACHSO,0,0.21801943,0.21801943,Low,Month-to-month,DSL,11,70.5,775.5,169.07406476140022,0.019337877385955462,Low Priority
0829-DDVLK,0,0.04120243,0.04120243,Low,One year,No,15,20.1,301.5,12.422532549127936,0.001365332763398587,Low Priority
1399-UBQIU,0,0.3844687,0.3844687,Medium,Month-to-month,DSL,11,69.35,762.8499999999999,293.2919511988759,0.03353150079179826,Low Priority
1813-JLKWR,0,0.021838827,0.021838827,Low,One year,No,64,19.8,1267.2,27.674161648750307,0.0031957510901218177,Low Priority
0336-PIKEI,0,0.019695895,0.019695895,Low,Two year,DSL,72,74.4,5356.8,105.50696922540665,0.012323786384483346,Loyal / High Value
7322-OCWHC,0,0.028212324,0.028212324,Low,Two year,Fiber optic,72,93.05,6699.599999999999,189.0112844288349,0.02209312790014067,Loyal / High Value
9537-VHDTA,0,0.42553073,0.42553073,Medium,Month-to-month,DSL,1,51.2,51.2,21.787173461914065,0.0016160910195948395,Low Priority
4957-TIALW,0,0.06297172,0.06297172,Low,One year,DSL,15,65.6,983.9999999999999,61.9641711115837,0.007124472852790726,Low Priority
2054-PJOCK,0,0.0741326,0.0741326,Low,One year,DSL,60,80.55,4833.0,358.2828506603837,0.04183340653136445,Loyal / High Value
9150-HEPMB,0,0.036397498,0.036397498,Low,One year,DSL,56,52.7,2951.2000000000003,107.41629639565946,0.01251078669253572,Loyal / High Value
9030-QGZNL,0,0.026923181,0.026923181,Low,Two year,No,8,20.85,166.8,4.490786672383547,0.0004670656953755953,Low Priority
6204-IEUXJ,1,0.5782802,0.5782802,Medium,Month-to-month,Fiber optic,3,80.1,240.29999999999998,138.96073458194732,0.015014191042835873,Low Priority
3126-WQMGH,0,0.14963846,0.14963846,Low,Month-to-month,DSL,49,52.15,2555.35,382.37863642647864,0.044491447087825146,Loyal / High Value
4529-CKBCL,1,0.7266091,0.7266091,High,Month-to-month,Fiber optic,2,80.2,160.4,116.54810137748719,0.012060184979116836,Automated Retention
2506-CLAKW,1,0.5976345,0.5976345,Medium,Month-to-month,Fiber optic,6,98.15,588.9000000000001,351.94695369601254,0.039937104417090794,Low Priority
7176-WRTNX,0,0.14329413,0.14329413,Low,Two year,Fiber optic,70,114.95,8046.5,1153.0161832123995,0.13483709837390362,Loyal / High Value
1583-IHQZE,1,0.61182547,0.61182547,High,Month-to-month,Fiber optic,12,112.95,1355.4,829.2682368278504,0.09585590750001377,Automated Retention
5732-IKGQH,0,0.26477495,0.26477495,Low,One year,Fiber optic,52,104.45,5431.400000000001,1438.0986545145513,0.16798585023037915,Loyal / High Value
9239-GZHZE,0,0.022210496,0.022210496,Low,Two year,Fiber optic,72,113.65,8182.8,181.74404295757412,0.02125451116388089,Loyal / High Value
7205-BAIAD,0,0.016179522,0.016179522,Low,Two year,No,40,20.6,824.0,13.33192653954029,0.0015270713986954684,Low Priority
0151-ONTOV,1,0.7304557,0.7304557,High,Month-to-month,Fiber optic,1,70.9,70.9,51.78930888772011,0.004460889651158521,Automated Retention
4140-MUHUG,1,0.7608523,0.7608523,High,Month-to-month,Fiber optic,3,86.85,260.54999999999995,198.2400608450174,0.02156039455553428,Automated Retention
0093-EXYQL,0,0.45322797,0.45322797,Medium,Month-to-month,Fiber optic,40,91.55,3662.0,1659.7208152413368,0.19354840227181266,Loyal / High Value
8064-RAVOH,0,0.60540384,0.60540384,High,Month-to-month,DSL,1,49.85,49.85,30.179381451010705,0.0022034167817920245,Automated Retention
0219-QAERP,0,0.027321743,0.027321743,Low,One year,No,30,19.8,594.0,16.22911525145173,0.0018421167580079671,Low Priority
0320-JDNQG,1,0.43161976,0.43161976,Medium,Month-to-month,Fiber optic,23,99.85,2296.5499999999997,991.2363675773142,0.11523840913656656,Loyal / High Value
7180-PISOG,1,0.8262369,0.8262369,Critical,Month-to-month,Fiber optic,1,74.5,74.5,61.55464932322502,0.005394480909400431,Automated Retention
9168-INPSZ,0,0.46882993,0.46882993,Medium,Month-to-month,Fiber optic,44,104.15,4582.6,2148.4600364327434,0.2508024701978578,Loyal / High Value
3571-RFHAR,1,0.40545383,0.40545383,Medium,Month-to-month,Fiber optic,65,109.15,7094.75,2876.593567185104,0.33629161608719804,Loyal / High Value
0015-UOCOJ,0,0.3843938,0.3843938,Medium,Month-to-month,DSL,7,48.2,337.40000000000003,129.69447190761568,0.014355292134350257,Low Priority
5334-AFQJB,0,0.018336967,0.018336967,Low,Two year,No,72,25.1,1807.2,33.13856610059738,0.003843988082319252,Loyal / High Value
2754-SDJRD,0,0.7834057,0.7834057,High,Month-to-month,Fiber optic,8,100.15,801.2,627.6646638154984,0.07184647367980726,Automated Retention
9578-VRMNM,1,0.2737312,0.2737312,Low,Month-to-month,DSL,16,65.2,1043.2,285.5563898086548,0.03286879257468782,Low Priority
1587-FKLZB,1,0.38528618,0.38528618,Medium,Month-to-month,Fiber optic,66,99.5,6567.0,2530.174358278513,0.29572990646729747,Loyal / High Value
6140-QNRQQ,1,0.754648,0.754648,High,Month-to-month,Fiber optic,1,71.55,71.55,53.9950622677803,0.004666129082430151,Automated Retention
8963-JLGJT,0,0.31092453,0.31092453,Medium,Month-to-month,DSL,3,55.9,167.7,52.14204368591308,0.005426746825928626,Low Priority
4307-KTUMW,1,0.29999888,0.29999888,Low,Month-to-month,Fiber optic,53,93.9,4976.700000000001,1493.00442327261,0.17434410684772078,Loyal / High Value
1465-LNTLJ,0,0.22847882,0.22847882,Low,Month-to-month,DSL,8,64.4,515.2,117.71228761672975,0.013294364897910133,Low Priority
5440-FLBQG,1,0.22523424,0.22523424,Low,Two year,Fiber optic,69,108.4,7479.6,1684.6620236992837,0.19697435530543952,Loyal / High Value
2135-DQWAQ,0,0.68725204,0.68725204,High,Month-to-month,Fiber optic,5,85.3,426.5,293.1129970550537,0.032843288003459335,Automated Retention
4056-QHXHZ,0,0.047462087,0.047462087,Low,Two year,Fiber optic,72,107.45,7736.400000000001,367.18569083064796,0.042935742169062464,Loyal / High Value
7470-MCQTK,1,0.35500672,0.35500672,Medium,Month-to-month,DSL,13,48.75,633.75,224.98551171272993,0.025589762904436035,Low Priority
7488-MXJIV,1,0.803364,0.803364,Critical,Month-to-month,Fiber optic,4,85.65,342.6,275.23249915838244,0.03049152010921822,Automated Retention
7401-JIXNM,0,0.026403949,0.026403949,Low,Two year,DSL,54,91.3,4930.2,130.17674770653247,0.015200716601607834,Loyal / High Value
9339-FIIJL,0,0.015281105,0.015281105,Low,Two year,DSL,72,85.95,6188.400000000001,94.56559274420142,0.01105100196483702,Loyal / High Value
2027-FECZV,1,0.7095206,0.7095206,High,Month-to-month,Fiber optic,12,106.7,1280.4,908.4701485633851,0.10492441411404707,Automated Retention
2672-DZUOY,1,0.7109876,0.7109876,High,Month-to-month,DSL,1,25.15,25.15,17.88133883178234,0.0005292070792695898,Automated Retention
4706-DGAHW,0,0.68012154,0.68012154,High,Month-to-month,DSL,1,45.2,45.2,30.7414936542511,0.0021046521805858395,Automated Retention
3870-MQAMG,1,0.32378435,0.32378435,Medium,One year,Fiber optic,54,110.35,5958.9,1929.3985712528226,0.22544441877431823,Loyal / High Value
6670-MFRPK,0,0.040896222,0.040896222,Low,Two year,Fiber optic,69,79.2,5464.8,223.4896739602089,0.026106623333961954,Loyal / High Value
6177-PEVRA,0,0.02717808,0.02717808,Low,Two year,DSL,48,55.5,2664.0,72.40240712463856,0.00842688709753513,Loyal / High Value
4800-CZMPC,1,0.19970706,0.19970706,Low,One year,Fiber optic,48,103.25,4956.0,989.7481945753098,0.11557503069058585,Loyal / High Value
4813-HQMGZ,0,0.71009666,0.71009666,High,Month-to-month,Fiber optic,8,90.25,722.0,512.6897865533829,0.05853103542251866,Automated Retention
7579-KKLOE,0,0.018045878,0.018045878,Low,Two year,DSL,71,91.25,6478.75,116.91473233746365,0.013664604021749906,Loyal / High Value
7377-DMMRI,1,0.5280199,0.5280199,Medium,Month-to-month,DSL,2,47.8,95.6,50.47870292663574,0.0047533674876849095,Low Priority
8402-EIVQS,0,0.1631175,0.1631175,Low,One year,Fiber optic,67,100.9,6760.3,1102.7232228070498,0.12889823399306694,Loyal / High Value
4947-DSMXK,0,0.39302066,0.39302066,Medium,Month-to-month,Fiber optic,34,97.7,3321.8,1305.536027342081,0.15216467073096404,Loyal / High Value
7245-NIIWQ,0,0.63740593,0.63740593,High,Month-to-month,Fiber optic,3,69.85,209.54999999999998,133.56841304004192,0.014251826415907389,Automated Retention
0002-ORFBO,0,0.10456076,0.10456076,Low,One year,DSL,9,65.6,590.4,61.732674264907835,0.007005688757408586,Low Priority
3324-OIRTO,0,0.10265606,0.10265606,Low,One year,Fiber optic,71,104.65,7430.150000000001,762.7499165344984,0.08918088693570853,Loyal / High Value
5414-OFQCB,0,0.04781225,0.04781225,Low,Two year,Fiber optic,57,90.45,5155.650000000001,246.5032241938636,0.028788957462379,Loyal / High Value
4967-WPNCF,0,0.014643041,0.014643041,Low,Two year,DSL,72,63.7,4586.400000000001,67.15884515494109,0.00783987668514411,Loyal / High Value
8552-OBVRU,0,0.32695326,0.32695326,Medium,Month-to-month,Fiber optic,48,104.5,5016.0,1639.9975626468658,0.1915147741606762,Loyal / High Value
8499-BRXTD,0,0.03245117,0.03245117,Low,One year,No,18,20.1,361.8,11.740833822637796,0.0013047111543267127,Low Priority
9154-QDGTH,0,0.27456728,0.27456728,Low,One year,Fiber optic,43,104.3,4484.9,1231.4067772060632,0.1437365098008208,Loyal / High Value
8197-BFWVU,0,0.029456805,0.029456805,Low,Two year,DSL,72,93.25,6714.0,197.77299170941114,0.02311740479266462,Loyal / High Value
2577-GVSIL,0,0.10689646,0.10689646,Low,One year,DSL,35,73.45,2570.75,274.8040746897459,0.03197609026170847,Loyal / High Value
9367-OIUXP,0,0.120654926,0.120654926,Low,Month-to-month,No,4,20.7,82.8,9.990227848291397,0.0009051382273368519,Low Priority
6770-UAYGJ,0,0.01629601,0.01629601,Low,Two year,No,49,25.25,1237.25,20.16223894711584,0.002327442089082961,Low Priority
6463-HHXJR,0,0.037690364,0.037690364,Low,Two year,Fiber optic,71,100.5,7135.5,268.93959106877446,0.03144118204108171,Loyal / High Value
7928-VJYAB,0,0.5513453,0.5513453,Medium,Month-to-month,Fiber optic,11,90.6,996.5999999999999,549.4707147717476,0.06319221485174202,Low Priority
1187-WILMM,0,0.01679815,0.01679815,Low,Two year,DSL,63,89.4,5632.200000000001,94.61053927168251,0.011052927378979383,Loyal / High Value
9776-OJUZI,0,0.2754863,0.2754863,Low,Month-to-month,Fiber optic,65,95.45,6204.25,1709.185817554593,0.1997382168152243,Loyal / High Value
1306-RPWXZ,0,0.014447418,0.014447418,Low,Two year,No,49,20.45,1002.05,14.4770352485124,0.0016651143789070339,Low Priority
8949-JTMAY,1,0.5027905,0.5027905,Medium,Month-to-month,Fiber optic,29,98.6,2859.3999999999996,1437.6791861653326,0.1674121723280463,Loyal / High Value
2774-LVQUS,1,0.5713821,0.5713821,Medium,Month-to-month,Fiber optic,15,83.05,1245.75,711.7992577403784,0.08217569323891,Low Priority
3097-PYWXL,0,0.16883528,0.16883528,Low,Month-to-month,No,4,19.95,79.8,13.47305552959442,0.0012072102660669567,Low Priority
2266-SJNAT,0,0.16034743,0.16034743,Low,One year,Fiber optic,72,109.15,7858.8,1260.1383978009223,0.14735604206691177,Loyal / High Value
0869-PAPRP,0,0.3726434,0.3726434,Medium,Month-to-month,Fiber optic,26,85.7,2228.2000000000003,830.3240487456322,0.09650674613370139,Loyal / High Value
4238-JSSWH,0,0.40951562,0.40951562,Medium,Month-to-month,Fiber optic,35,102.05,3571.75,1462.6874131560326,0.17054910440660245,Loyal / High Value
2972-YDYUW,0,0.15331563,0.15331563,Low,One year,Fiber optic,57,94.7,5397.900000000001,827.5824582606555,0.09666871300053805,Loyal / High Value
1104-FEJAM,0,0.13135947,0.13135947,Low,Month-to-month,DSL,28,64.4,1803.2000000000003,236.86740148067477,0.027475366113876503,Loyal / High Value
2809-ILCYT,0,0.045854624,0.045854624,Low,One year,No,25,26.8,670.0,30.72259832173586,0.0035001560605486715,Low Priority
5499-ECUTN,0,0.061590686,0.061590686,Low,One year,DSL,47,66.05,3104.35,191.19904745146633,0.022276015396003553,Loyal / High Value
4981-FLTMF,0,0.056853965,0.056853965,Low,Month-to-month,DSL,57,65.2,3716.4,211.2920752465725,0.024641694100007737,Loyal / High Value
9121-PHQSR,0,0.60480106,0.60480106,High,Month-to-month,Fiber optic,16,85.05,1360.8,823.0132807731628,0.09513820105826863,Automated Retention
3113-IWHLC,0,0.29030833,0.29030833,Low,Month-to-month,DSL,5,55.8,279.0,80.99602308869362,0.008854349511301748,Low Priority
3211-ILJTT,1,0.34878162,0.34878162,Medium,Month-to-month,Fiber optic,17,70.4,1196.8000000000002,417.421837425232,0.04816025213966537,Low Priority
4612-THJBS,1,0.3005975,0.3005975,Medium,One year,Fiber optic,56,104.75,5866.0,1763.3048697710037,0.20602654221915517,Loyal / High Value
4277-BWBML,0,0.01007891,0.01007891,Low,Two year,No,72,19.95,1436.3999999999999,14.477346046641468,0.001674777586068972,Loyal / High Value
4094-NSEDU,1,0.6668219,0.6668219,High,Month-to-month,Fiber optic,21,94.25,1979.25,1319.8072396963835,0.15323412744188644,Priority Retention
0234-TEVTT,0,0.08217036,0.08217036,Low,One year,DSL,48,45.0,2160.0,177.48797714710236,0.020623496622168537,Loyal / High Value
4304-TSPVK,0,0.07526823,0.07526823,Low,Two year,Fiber optic,68,114.9,7813.200000000001,588.0857450455428,0.06876766484158095,Loyal / High Value
1552-AAGRX,0,0.302132,0.302132,Medium,Month-to-month,Fiber optic,30,106.4,3192.0,964.4053773880005,0.1123787152559258,Loyal / High Value
2637-FKFSY,0,0.46743983,0.46743983,Medium,Month-to-month,DSL,3,46.1,138.3,64.64692853093148,0.006547620466198362,Low Priority
9796-MVYXX,0,0.0530744,0.0530744,Low,Two year,DSL,14,39.7,555.8000000000001,29.49875200465322,0.0033407906587888886,Low Priority
7874-ECPQJ,0,0.1455389,0.1455389,Low,Month-to-month,No,4,20.05,80.2,11.67221948504448,0.0010474597048699096,Low Priority
0020-INWCK,0,0.07858436,0.07858436,Low,Two year,Fiber optic,71,95.75,6798.25,534.2361124269664,0.06244827532993708,Loyal / High Value
7089-RKVSZ,0,0.057577945,0.057577945,Low,One year,No,8,24.4,195.2,11.239214920997618,0.0011905417232637955,Low Priority
2683-JXWQQ,0,0.08507828,0.08507828,Low,Month-to-month,DSL,61,33.6,2049.6,174.37643591165542,0.02025236359595503,Loyal / High Value
9548-ZMVTX,0,0.019795194,0.019795194,Low,Two year,Fiber optic,72,90.45,6512.400000000001,128.91422315239907,0.015067291061064844,Loyal / High Value
8739-XNIKG,0,0.7731453,0.7731453,High,Month-to-month,Fiber optic,5,84.0,420.0,324.72103357315063,0.03635900009308913,Automated Retention
9755-JHNMN,0,0.02034978,0.02034978,Low,Two year,DSL,49,67.4,3302.6000000000004,67.20718375034632,0.007832966978210726,Loyal / High Value
3981-QSVQI,0,0.13303895,0.13303895,Low,Month-to-month,No,8,19.7,157.6,20.966938984394073,0.0021645028447342465,Low Priority
2789-HQBOU,0,0.6878839,0.6878839,High,Month-to-month,Fiber optic,3,80.35,241.04999999999998,165.81441735327243,0.017920362877338808,Automated Retention
9424-CMPOG,0,0.025532484,0.025532484,Low,Two year,No,9,19.6,176.4,4.503930187225342,0.00047167098262841233,Low Priority
5067-WJEUN,0,0.013904308,0.013904308,Low,Two year,DSL,67,54.2,3631.4,50.49210395831615,0.005887882474739843,Loyal / High Value
3450-WXOAT,0,0.12855767,0.12855767,Low,Month-to-month,DSL,46,45.2,2079.2000000000003,267.2971015095711,0.031048412575887408,Loyal / High Value
9251-WNSOD,0,0.05802405,0.05802405,Low,One year,DSL,67,75.1,5031.7,291.95960637331007,0.034094705815802186,Loyal / High Value
6974-DAFLI,0,0.05707529,0.05707529,Low,One year,No,55,19.7,1083.5,61.84107470698655,0.007123037707453575,Low Priority
2616-UUTFK,0,0.1278055,0.1278055,Low,Month-to-month,DSL,33,72.75,2400.75,306.8290570601821,0.03568387959925884,Loyal / High Value
7064-JHXCE,0,0.011902655,0.011902655,Low,Two year,No,62,20.05,1243.1000000000001,14.796189863048495,0.0017081324969090324,Low Priority
5103-MHMHY,1,0.51314014,0.51314014,Medium,Month-to-month,DSL,1,45.95,45.95,23.578789523243906,0.0016330357809360323,Low Priority
7989-AWGEH,0,0.18656296,0.18656296,Low,Month-to-month,DSL,49,39.2,1920.8000000000002,358.3501246929169,0.04159353210940812,Loyal / High Value
4373-VVHQL,0,0.64052963,0.64052963,High,Month-to-month,DSL,1,44.75,44.75,28.663701057434082,0.0019483477078428503,Automated Retention
4559-UWIHT,0,0.6091893,0.6091893,High,Month-to-month,Fiber optic,14,82.65,1157.1000000000001,704.8929065465928,0.08128283808073512,Automated Retention
7268-IGMFD,0,0.37254873,0.37254873,Medium,Month-to-month,Fiber optic,18,93.9,1690.2,629.6818620622158,0.07298831887115617,Loyal / High Value
1846-XWOQN,1,0.8272783,0.8272783,Critical,Month-to-month,Fiber optic,1,70.15,70.15,58.03357386887074,0.004979456761965091,Automated Retention
0235-KGSLC,1,0.80575716,0.80575716,Critical,Month-to-month,Fiber optic,1,85.55,85.55,68.93252546191215,0.006304422679195839,Automated Retention
6650-BWFRT,0,0.025115427,0.025115427,Low,Two year,Fiber optic,72,117.15,8434.800000000001,211.84360053688292,0.024776283584518357,Loyal / High Value
9570-KYEUA,0,0.054087974,0.054087974,Low,Two year,Fiber optic,64,99.25,6352.0,343.56681168079376,0.040152611328667584,Loyal / High Value
6993-YGFJV,0,0.093076594,0.093076594,Low,Two year,Fiber optic,69,112.55,7765.95,722.8281765248627,0.08452249818951531,Loyal / High Value
2712-SYWAY,0,0.38124573,0.38124573,Medium,Month-to-month,No,1,25.7,25.7,9.798015320301056,0.00030835000385892895,Low Priority
0730-BGQGF,0,0.015778428,0.015778428,Low,Two year,DSL,71,90.3,6411.3,101.16023507472129,0.01182290892598718,Loyal / High Value
5498-IBWPI,0,0.034918237,0.034918237,Low,One year,DSL,66,49.4,3260.4,113.84742147177458,0.01326788243238897,Loyal / High Value
9101-NTIXF,0,0.15471822,0.15471822,Low,Month-to-month,No,2,19.4,38.8,6.003066945075989,0.0003627115065498809,Low Priority
0013-SMEOE,0,0.0473341,0.0473341,Low,Two year,Fiber optic,71,109.7,7788.7,368.6711128566414,0.04311014063166739,Loyal / High Value
9314-QDMDW,0,0.1978707,0.1978707,Low,One year,DSL,11,61.25,673.75,133.31538517028093,0.015190760500411888,Low Priority
9308-ANMVE,0,0.12901324,0.12901324,Low,Month-to-month,DSL,47,55.3,2599.1,335.3183129608631,0.03902063766439896,Loyal / High Value
2884-GBPFB,1,0.4099008,0.4099008,Medium,Month-to-month,Fiber optic,35,70.3,2460.5,1008.5609535723925,0.11731700326608799,Loyal / High Value
3757-NJYBX,1,0.4030743,0.4030743,Medium,Month-to-month,Fiber optic,32,106.35,3403.2,1371.7424384593962,0.15990301970719437,Loyal / High Value
3413-DHLPB,0,0.24045035,0.24045035,Low,Month-to-month,Fiber optic,60,103.75,6225.0,1496.803443878889,0.1749206415572485,Loyal / High Value
7649-PHJVR,0,0.04774824,0.04774824,Low,One year,No,11,19.5,214.5,10.241997817531228,0.0010953126026758333,Low Priority
6114-TCFID,0,0.06291494,0.06291494,Low,One year,DSL,29,39.5,1145.5,72.06906117498875,0.008309060899472313,Low Priority
3787-TRIAL,0,0.30074224,0.30074224,Medium,Month-to-month,DSL,21,26.05,547.0500000000001,164.52104171365502,0.018621892304126867,Low Priority
2573-GYRUU,0,0.41426238,0.41426238,Medium,Month-to-month,Fiber optic,48,91.05,4370.4,1810.4923238039016,0.21130722418667805,Loyal / High Value
5156-UMKOW,0,0.36922982,0.36922982,Medium,Month-to-month,DSL,3,29.65,88.94999999999999,32.84299278706312,0.003036087784610146,Low Priority
1247-QBVSH,0,0.08706796,0.08706796,Low,Month-to-month,DSL,43,50.2,2158.6,187.94490211009978,0.021838431220728028,Loyal / High Value
6734-GMPVK,0,0.70740634,0.70740634,High,Month-to-month,Fiber optic,5,105.3,526.5,372.4494390785694,0.04209843865439955,Automated Retention
9822-OAOVB,0,0.66558325,0.66558325,High,Month-to-month,DSL,1,55.45,55.45,36.906591373682026,0.0028593429082701374,Automated Retention
6161-ERDGD,0,0.06926895,0.06926895,Low,One year,DSL,71,85.45,6066.95,420.251252136752,0.049107862421388634,Loyal / High Value
1226-JZNKR,0,0.08410031,0.08410031,Low,One year,No,8,19.8,158.4,13.321489655971527,0.0013761726090655187,Low Priority
7318-EIVKO,0,0.43659854,0.43659854,Medium,Month-to-month,DSL,8,59.25,474.0,206.94770765304565,0.02329562724039059,Low Priority
3771-PZOBW,0,0.46633658,0.46633658,Medium,Month-to-month,Fiber optic,20,90.7,1814.0,845.9345527291298,0.09813009014678734,Loyal / High Value
5136-KCKGI,1,0.2108677,0.2108677,Low,One year,Fiber optic,33,103.7,3422.1,721.6103663027286,0.08412017693724942,Loyal / High Value
8231-BSWXX,0,0.06365676,0.06365676,Low,One year,Fiber optic,71,79.05,5612.55,357.2767609231174,0.04173856125667688,Loyal / High Value
6486-LHTMA,0,0.292216,0.292216,Low,One year,Fiber optic,31,90.7,2811.7000000000003,821.6237354695797,0.09566415915865135,Loyal / High Value
4083-BFNYK,0,0.14844306,0.14844306,Low,One year,Fiber optic,38,95.0,3610.0,535.8794398605824,0.06248695498495868,Loyal / High Value
3722-WPXTK,1,0.84530115,0.84530115,Critical,Month-to-month,Fiber optic,1,88.35,88.35,74.68235671520233,0.006891257393006891,Automated Retention
7389-KBFIT,0,0.47607008,0.47607008,Medium,Month-to-month,DSL,2,30.25,60.5,28.80223961174488,0.002327002318392928,Low Priority
7176-WIONM,0,0.3387658,0.3387658,Medium,Month-to-month,DSL,12,49.85,598.2,202.64970155954362,0.023007420353474067,Low Priority
5141-ZUVBH,0,0.42091733,0.42091733,Medium,Month-to-month,Fiber optic,9,93.0,837.0,352.3078070282936,0.04036882984614739,Low Priority
1089-HDMKP,0,0.21225317,0.21225317,Low,Month-to-month,DSL,11,54.55,600.05,127.3625135935843,0.014461289622907547,Low Priority
7623-HKYRK,0,0.11345627,0.11345627,Low,Month-to-month,No,6,19.7,118.19999999999999,13.410531301796436,0.0013219187682772587,Low Priority
0310-SUCIN,0,0.05033404,0.05033404,Low,One year,DSL,71,84.8,6020.8,303.0511884868145,0.03541177191173508,Loyal / High Value
5197-PYEPU,0,0.099032365,0.099032365,Low,One year,Fiber optic,42,94.45,3966.9,392.8514878682792,0.04583056069606955,Loyal / High Value
2929-ERCFZ,1,0.69910526,0.69910526,High,Month-to-month,Fiber optic,8,94.2,753.6,526.8457260131836,0.06021457087787934,Automated Retention
7548-SEPYI,1,0.77388597,0.77388597,High,Month-to-month,Fiber optic,5,96.25,481.25,372.43262082338333,0.0419499677272663,Automated Retention
8835-VSDSE,1,0.65201825,0.65201825,High,Month-to-month,Fiber optic,2,70.7,141.4,92.19538041353226,0.009370010940040847,Automated Retention
6619-RPLQZ,0,0.013830876,0.013830876,Low,Two year,No,45,20.85,938.2500000000001,12.976819386240097,0.0014906225288184628,Low Priority
3275-RHRNE,0,0.09224326,0.09224326,Low,One year,DSL,28,60.0,1680.0,154.96867954730988,0.017961659113438458,Loyal / High Value
3503-TYDAY,0,0.32280484,0.32280484,Medium,Month-to-month,Fiber optic,43,80.45,3459.35,1116.6949177846311,0.130184052281315,Loyal / High Value
6901-GOGZG,0,0.031231258,0.031231258,Low,Two year,DSL,60,84.95,5097.0,159.1857223547995,0.01859041807754908,Loyal / High Value
1623-NLDOT,1,0.059036016,0.059036016,Low,One year,DSL,42,33.55,1409.1,83.18765079975128,0.009620894327905064,Loyal / High Value
7021-XSNYE,0,0.04386382,0.04386382,Low,Two year,DSL,7,49.65,347.55,15.244871257804334,0.001690293441536897,Low Priority
9621-OUPYD,0,0.030258154,0.030258154,Low,One year,No,25,20.2,505.0,15.280368020758033,0.0017244367399923668,Low Priority
9898-KZQDZ,1,0.43497208,0.43497208,Medium,Month-to-month,Fiber optic,40,94.55,3782.0,1645.0643975138664,0.191870653888648,Loyal / High Value
8982-NHAVY,0,0.3096082,0.3096082,Medium,One year,Fiber optic,27,100.5,2713.5,840.1218269616365,0.09779411958061039,Loyal / High Value
4307-KWMXE,0,0.22802313,0.22802313,Low,Month-to-month,DSL,10,35.75,357.5,81.51826780289412,0.009052821762534241,Low Priority
0141-YEAYS,0,0.40592295,0.40592295,Medium,Month-to-month,Fiber optic,27,86.45,2334.15,947.4850521415473,0.11016664721193287,Loyal / High Value
2450-ZKEED,0,0.09001229,0.09001229,Low,One year,DSL,11,53.8,591.8,53.2692729756236,0.006045696025348176,Low Priority
3694-DELSO,0,0.33984524,0.33984524,Medium,Month-to-month,DSL,4,38.55,154.2,52.40413602590561,0.005393736580049999,Low Priority
3893-JRNFS,0,0.1639586,0.1639586,Low,Month-to-month,DSL,68,39.9,2713.2,444.8524577915668,0.051782871837555144,Loyal / High Value
9603-OAIHC,0,0.8261142,0.8261142,Critical,Month-to-month,Fiber optic,1,70.05,70.05,57.86929814815521,0.004962766270550765,Automated Retention
1133-KXCGE,0,0.03314621,0.03314621,Low,One year,No,18,20.1,361.8,11.992298783361912,0.0013326554335947223,Low Priority
5236-PERKL,1,0.12373413,0.12373413,Low,Two year,Fiber optic,57,112.95,6438.150000000001,796.6188984297216,0.09310445151424883,Loyal / High Value
0142-GVYSN,0,0.09685161,0.09685161,Low,Month-to-month,No,26,20.3,527.8000000000001,51.11827957183123,0.005778491807771765,Low Priority
1049-FYSYG,0,0.24491754,0.24491754,Low,Month-to-month,DSL,17,35.65,606.05,148.43227617293596,0.01685903816440597,Low Priority
7854-FOKSF,1,0.68552166,0.68552166,High,Month-to-month,DSL,1,35.9,35.9,24.610227674245834,0.0013740646596285334,Automated Retention
2519-FAKOD,1,0.45092723,0.45092723,Medium,Month-to-month,Fiber optic,38,99.25,3771.5,1700.6720394045115,0.19835364398010635,Loyal / High Value
8406-LNMHF,0,0.06955051,0.06955051,Low,One year,Fiber optic,59,82.95,4894.05,340.38365766070785,0.03974541777632928,Loyal / High Value
1821-BUCWY,0,0.021766795,0.021766795,Low,Two year,DSL,30,55.65,1669.5,36.33966399449855,0.0042116523175407755,Loyal / High Value
8263-JQAIK,1,0.6290833,0.6290833,High,Month-to-month,DSL,2,24.45,48.9,30.762172186374663,0.0022195478480669757,Automated Retention
0023-UYUPN,0,0.06291741,0.06291741,Low,One year,No,50,25.2,1260.0,79.2759382724762,0.009153822550112737,Low Priority
8314-DPQHL,0,0.12972537,0.12972537,Low,One year,DSL,9,50.8,457.2,59.31043771505356,0.006666307297758115,Low Priority
1465-WCZVT,0,0.15683372,0.15683372,Low,Month-to-month,No,3,19.65,58.949999999999996,9.245347981899975,0.0007380994450928333,Low Priority
9481-SFCQY,0,0.2172284,0.2172284,Low,Month-to-month,DSL,14,59.8,837.1999999999999,181.86361457705496,0.02083877071218435,Low Priority
6360-SVNWV,0,0.27492523,0.27492523,Low,Month-to-month,Fiber optic,31,73.55,2280.0499999999997,626.8432750701903,0.0728707193255156,Loyal / High Value
0567-GGCAC,0,0.19792324,0.19792324,Low,Month-to-month,DSL,7,61.4,429.8,85.0674098610878,0.0095351712410712,Low Priority
7089-IVVAZ,1,0.70012015,0.70012015,High,Month-to-month,Fiber optic,8,103.35,826.8,578.8593408823014,0.06630920410290393,Automated Retention
8884-MRNSU,0,0.036023438,0.036023438,Low,One year,No,17,19.9,338.29999999999995,12.18672906756401,0.0013491054521754817,Low Priority
2171-UDMFD,0,0.07266289,0.07266289,Low,Month-to-month,No,32,19.45,622.4,45.22538270950317,0.005141049369174738,Low Priority
9050-IKDZA,0,0.7026249,0.7026249,High,Month-to-month,Fiber optic,2,81.5,163.0,114.52786147594452,0.011876232304455905,Automated Retention
2205-YMZZJ,1,0.78085816,0.78085816,High,Month-to-month,Fiber optic,7,84.8,593.6,463.5174032211304,0.052611270375879565,Automated Retention
9802-CAQUT,0,0.028493572,0.028493572,Low,Two year,Fiber optic,72,109.55,7887.599999999999,224.7458987161517,0.02628120540627973,Loyal / High Value
1254-IZEYF,1,0.5963866,0.5963866,Medium,Month-to-month,Fiber optic,31,99.95,3098.4500000000003,1847.8740962833167,0.21528765331815425,Loyal / High Value
0187-WZNAB,0,0.19290738,0.19290738,Low,Month-to-month,Fiber optic,27,74.4,2008.8000000000002,387.51234108209616,0.044997852866447745,Loyal / High Value
9492-TOKRI,1,0.5024148,0.5024148,Medium,Month-to-month,Fiber optic,18,90.0,1620.0,813.9120125770569,0.09429700556927306,Loyal / High Value
1475-VWVDO,0,0.6067566,0.6067566,High,Month-to-month,Fiber optic,7,74.9,524.3000000000001,318.12249982953074,0.03595220780563216,Automated Retention
9221-OTIVJ,1,0.74139833,0.74139833,High,Month-to-month,Fiber optic,14,104.85,1467.8999999999999,1088.2986152172089,0.12593308403607337,Priority Retention
1357-MVDOZ,0,0.22166821,0.22166821,Low,Month-to-month,DSL,11,59.65,656.15,145.44759835749863,0.01656041775385738,Low Priority
7602-MVRMB,0,0.02473736,0.02473736,Low,Two year,Fiber optic,72,110.45,7952.400000000001,196.7213813133538,0.02300453851113357,Loyal / High Value
3325-FUYCG,1,0.24331129,0.24331129,Low,One year,Fiber optic,28,106.1,2970.7999999999997,722.8291683673858,0.08419154587761404,Loyal / High Value
5908-QMGOE,1,0.59085804,0.59085804,Medium,Month-to-month,Fiber optic,15,74.2,1113.0,657.625001013279,0.07578264134226886,Low Priority
1197-BVMVG,0,0.7314875,0.7314875,High,Month-to-month,Fiber optic,4,74.45,297.8,217.8369812488556,0.02392219336226929,Automated Retention
5406-KGRMX,0,0.0275199,0.0275199,Low,Two year,No,71,24.55,1743.05,47.9685623081401,0.005562076634181235,Loyal / High Value
8481-YYXWG,1,0.63699675,0.63699675,High,Month-to-month,Fiber optic,5,89.35,446.75,284.5782963037491,0.031953624047937015,Automated Retention
5968-HYJRZ,0,0.018405028,0.018405028,Low,Two year,No,47,24.55,1153.8500000000001,21.2366411972791,0.0024487324968062133,Low Priority
5198-EFNBM,0,0.18559012,0.18559012,Low,One year,Fiber optic,57,90.65,5167.05,958.9534200891852,0.11199647480631016,Loyal / High Value
7516-GMHUV,0,0.18230414,0.18230414,Low,Two year,Fiber optic,50,105.05,5252.5,957.5525158643723,0.11183950651244211,Loyal / High Value
7140-ADSMJ,0,0.11178858,0.11178858,Low,Month-to-month,No,8,20.45,163.6,18.288611415028573,0.001897386785258454,Low Priority
2230-XTUWL,0,0.017112598,0.017112598,Low,Two year,No,48,19.55,938.4000000000001,16.0584617972374,0.0018446109525227764,Low Priority
7706-YLMQA,0,0.0238989,0.0238989,Low,One year,No,70,19.7,1379.0,32.956582486629486,0.0038103998470310867,Low Priority
2585-KTFRE,0,0.35929152,0.35929152,Medium,Month-to-month,DSL,1,70.45,70.45,25.31208784431219,0.002175239966106332,Low Priority
7994-UYIVZ,0,0.7161505,0.7161505,High,Month-to-month,Fiber optic,8,85.65,685.2,490.7063378334046,0.05594086506182506,Automated Retention
2609-IAICY,1,0.86126494,0.86126494,Critical,Month-to-month,Fiber optic,1,77.15,77.15,66.44659043550492,0.005890708163783055,Automated Retention
1740-CSDJP,1,0.66425794,0.66425794,High,Month-to-month,DSL,1,35.25,35.25,23.415092512965202,0.0012808330800728024,Automated Retention
7717-BICXI,0,0.012080036,0.012080036,Low,Two year,No,60,20.55,1233.0,14.89468451589346,0.001719286833873713,Low Priority
6559-RAKOZ,0,0.2929282,0.2929282,Low,One year,Fiber optic,49,97.95,4799.55,1405.9234897032381,0.16415233961802567,Loyal / High Value
2636-OHFMN,1,0.6013767,0.6013767,High,Month-to-month,DSL,4,48.55,194.2,116.78735753297805,0.01236420144192142,Automated Retention
4716-MRVEN,0,0.025332024,0.025332024,Low,One year,No,29,20.0,580.0,14.692574106156826,0.001666393010235697,Low Priority
2143-LJULT,0,0.01659706,0.01659706,Low,Two year,No,67,25.25,1691.75,28.078077078331262,0.003254647920712418,Loyal / High Value
1323-OOEPC,1,0.4005171,0.4005171,Medium,Month-to-month,Fiber optic,53,98.4,5215.200000000001,2088.776811504364,0.2439571326320456,Loyal / High Value
3200-MNQTF,0,0.02318434,0.02318434,Low,Two year,DSL,67,70.9,4750.3,110.13257242627442,0.0128582974055077,Loyal / High Value
6164-HXUGH,0,0.119487286,0.119487286,Low,Month-to-month,No,6,19.85,119.10000000000001,14.230935716629029,0.0014047935515619809,Low Priority
5630-IXDXV,0,0.54784817,0.54784817,Medium,Month-to-month,Fiber optic,47,106.35,4998.45,2738.3916605204345,0.31977823928846716,Loyal / High Value
0320-DWVTU,0,0.05151076,0.05151076,Low,Two year,Fiber optic,53,99.5,5273.5,271.64198599383235,0.03172749246651235,Loyal / High Value
9135-MGVPY,0,0.016980184,0.016980184,Low,Two year,DSL,69,84.7,5844.3,99.23729076627642,0.011594859258079095,Loyal / High Value
1212-GLHMD,0,0.5184512,0.5184512,Medium,Month-to-month,Fiber optic,3,86.05,258.15,133.83818085193633,0.014545585384448487,Low Priority
7878-JGDKK,0,0.34183076,0.34183076,Medium,Month-to-month,DSL,4,44.55,178.2,60.91424147486686,0.0063868885013063145,Low Priority
1088-AUUZZ,0,0.017497938,0.017497938,Low,Two year,DSL,56,75.85,4247.599999999999,74.32424198538064,0.00867349033531106,Loyal / High Value
0397-GZBBC,1,0.35917747,0.35917747,Medium,Month-to-month,Fiber optic,59,93.85,5537.15,1988.8195291578768,0.2323315585987881,Loyal / High Value
6614-YWYSC,0,0.019209761,0.019209761,Low,Two year,No,61,25.0,1525.0,29.29488578811288,0.003391520803412094,Loyal / High Value
9588-OZDMQ,0,0.5802154,0.5802154,Medium,Month-to-month,DSL,2,45.0,90.0,52.219385504722595,0.00484238279353204,Low Priority
7641-EUYET,1,0.40681806,0.40681806,Medium,Month-to-month,Fiber optic,46,100.7,4632.2,1884.4626271069048,0.21999419161900371,Loyal / High Value
6476-EPYZR,0,0.08413854,0.08413854,Low,Month-to-month,No,12,20.5,246.0,20.69808143377304,0.002240748878984816,Low Priority
9921-ZVRHG,1,0.64682573,0.64682573,High,Month-to-month,Fiber optic,14,80.45,1126.3,728.5198206007481,0.08396937088120031,Automated Retention
1174-FGIFN,0,0.22652341,0.22652341,Low,One year,Fiber optic,28,90.45,2532.6,573.6931989401579,0.06674729917856562,Loyal / High Value
6620-HVDUJ,0,0.08242828,0.08242828,Low,Month-to-month,DSL,24,60.45,1450.8000000000002,119.58694360256196,0.01383595414521188,Loyal / High Value
4701-MLJPN,1,0.14226112,0.14226112,Low,Month-to-month,DSL,31,55.25,1712.75,243.65772933512926,0.028247282952272846,Loyal / High Value
1032-MAELW,0,0.07100161,0.07100161,Low,One year,DSL,68,78.45,5334.6,378.7651975080371,0.04424118145266988,Loyal / High Value
7641-TQFHN,0,0.06864168,0.06864168,Low,Two year,Fiber optic,39,100.55,3921.45,269.17490622773767,0.031400558267390265,Loyal / High Value
1552-TKMXS,0,0.05952949,0.05952949,Low,Month-to-month,No,42,20.35,854.7,50.87985576018691,0.005832790385142936,Low Priority
9206-GVPEQ,1,0.33823785,0.33823785,Medium,Month-to-month,DSL,13,54.45,707.85,239.42166343778374,0.02731887563564923,Low Priority
8622-ZLFKO,0,0.7703015,0.7703015,High,Month-to-month,Fiber optic,6,90.75,544.5,419.4291780889034,0.04746665293246016,Automated Retention
1596-BBVTG,1,0.2861909,0.2861909,Low,Month-to-month,Fiber optic,35,75.35,2637.25,754.7569437101483,0.08783952490180669,Loyal / High Value
6188-UXBBR,0,0.026997976,0.026997976,Low,One year,No,38,20.25,769.5,20.77494253590703,0.002375677581935903,Low Priority
2333-KWEWW,0,0.019637926,0.019637926,Low,Two year,No,18,20.05,360.90000000000003,7.087327331118287,0.0007874782364464393,Low Priority
5702-SKUOB,0,0.1367174,0.1367174,Low,Month-to-month,No,4,19.6,78.4,10.718643689155579,0.0009551243297615986,Low Priority
1134-YWTYF,0,0.13584866,0.13584866,Low,Month-to-month,DSL,27,53.8,1452.6,197.33375813663005,0.022831466077251915,Loyal / High Value
6061-GWWAV,0,0.050638627,0.050638627,Low,One year,DSL,41,70.2,2878.2000000000003,145.7480969823897,0.01697253502319537,Loyal / High Value
0679-TDGAK,0,0.08319412,0.08319412,Low,One year,DSL,50,75.5,3775.0,314.0578094869852,0.036629519879815164,Loyal / High Value
6585-WCEWR,0,0.021224037,0.021224037,Low,Two year,No,72,20.35,1465.2,31.09745873808861,0.0035983738332249038,Loyal / High Value
9067-YGSCA,0,0.028633552,0.028633552,Low,One year,No,70,26.05,1823.5,52.21328147407621,0.006057174922946445,Loyal / High Value
9067-SQTNS,0,0.022377625,0.022377625,Low,One year,No,44,20.6,906.4000000000001,20.283079397678378,0.0023282047127780843,Low Priority
8433-WXGNA,1,0.4963161,0.4963161,Medium,Month-to-month,Fiber optic,2,75.7,151.4,75.14225831627846,0.007714215531213025,Low Priority
1776-SPBWV,0,0.027133951,0.027133951,Low,One year,No,34,20.1,683.4000000000001,18.54334208853543,0.0021137968644996535,Low Priority
8735-SDUFN,0,0.014124473,0.014124473,Low,Two year,No,72,24.3,1749.6000000000001,24.712177305668593,0.002865556688426972,Loyal / High Value
9668-PUGNU,0,0.02869827,0.02869827,Low,Two year,No,71,24.5,1739.5,49.92063940875232,0.005788296130243046,Loyal / High Value
9405-GPBBG,0,0.10153752,0.10153752,Low,Two year,Fiber optic,64,110.5,7072.0,718.0733287334442,0.08394650499240704,Loyal / High Value
1926-QUZNN,0,0.012261974,0.012261974,Low,Two year,No,72,25.25,1818.0,22.29226817563176,0.002586007017791774,Loyal / High Value
3707-GNWHM,1,0.8091983,0.8091983,Critical,Month-to-month,Fiber optic,1,74.25,74.25,60.08297525346279,0.0052595234948328495,Automated Retention
7016-NVRIC,0,0.14813708,0.14813708,Low,One year,Fiber optic,29,90.1,2612.8999999999996,387.06737029403445,0.04504435404555959,Loyal / High Value
5829-NVSQN,0,0.06361965,0.06361965,Low,One year,DSL,23,68.75,1581.25,100.59857298620045,0.01165164613996549,Loyal / High Value
9565-AXSMR,0,0.019309029,0.019309029,Low,Two year,No,52,19.2,998.4,19.278134536743163,0.002217170479165953,Low Priority
8922-LIEGH,1,0.56282854,0.56282854,Medium,Month-to-month,Fiber optic,25,89.7,2242.5,1262.1430027484894,0.1467040775250154,Loyal / High Value
8869-LIHMK,0,0.0788904,0.0788904,Low,Two year,Fiber optic,64,115.1,7366.4,581.13822889328,0.06794531711929848,Loyal / High Value
8245-UMPYT,1,0.7344826,0.7344826,High,Month-to-month,Fiber optic,16,96.4,1542.4,1132.8659412384034,0.13117236363165646,Priority Retention
5186-SAMNZ,1,0.79079366,0.79079366,High,Month-to-month,Fiber optic,1,69.5,69.5,54.96015918254852,0.004699601278279119,Automated Retention
0447-RXSGD,0,0.5560977,0.5560977,Medium,Month-to-month,Fiber optic,24,99.65,2391.6000000000004,1329.9632265329362,0.15466858003922898,Loyal / High Value
4927-WWOOZ,0,0.81534374,0.81534374,Critical,Month-to-month,Fiber optic,2,91.45,182.9,149.1263696074486,0.015683363107244767,Automated Retention
5788-YPOEG,0,0.020685919,0.020685919,Low,Two year,DSL,34,84.75,2881.5,59.60647452995181,0.006941295393347175,Loyal / High Value
5373-SFODM,1,0.42486364,0.42486364,Medium,Month-to-month,Fiber optic,36,85.25,3069.0,1303.9065003991127,0.15190349118916813,Loyal / High Value
0661-KBKPA,0,0.0881849,0.0881849,Low,One year,DSL,53,78.75,4173.75,368.06172880344093,0.04294868865722318,Loyal / High Value
9081-WWXKP,0,0.014700727,0.014700727,Low,Two year,No,47,20.25,951.75,13.991416547214612,0.001607633496697149,Low Priority
0784-ZQJZX,0,0.0105025275,0.0105025275,Low,Two year,No,72,19.9,1432.8,15.048021356016397,0.0017407368060319479,Loyal / High Value
3133-PZNSR,0,0.030496942,0.030496942,Low,Two year,Fiber optic,72,97.75,7038.0,214.63747694715858,0.025091913733100383,Loyal / High Value
5766-ZJYBB,1,0.26558033,0.26558033,Low,Month-to-month,No,1,19.4,19.4,5.152258330583572,1.867828626585286e-05,Low Priority
8931-GJJIQ,1,0.70160455,0.70160455,High,Month-to-month,Fiber optic,9,83.3,749.6999999999999,525.9929274737834,0.060109100950111904,Automated Retention
4277-PVRAN,1,0.6221834,0.6221834,High,Month-to-month,Fiber optic,8,80.1,640.8,398.6951115131378,0.04536267628492221,Automated Retention
0022-TCJCI,1,0.12360473,0.12360473,Low,One year,DSL,45,62.7,2821.5,348.7507450506091,0.040607063031097936,Loyal / High Value
0722-SVSFK,0,0.70459676,0.70459676,High,Month-to-month,Fiber optic,7,100.4,702.8000000000001,495.1906014442444,0.056491956863739576,Automated Retention
3612-YVGSJ,0,0.01391493,0.01391493,Low,Two year,No,71,24.45,1735.95,24.155622217711063,0.002800780844347449,Loyal / High Value
9825-YCXWZ,0,0.21687038,0.21687038,Low,One year,Fiber optic,41,101.1,4145.099999999999,898.9494222030042,0.10489406636971992,Loyal / High Value
5397-NSKQG,0,0.02352997,0.02352997,Low,Two year,DSL,67,50.9,3410.2999999999997,80.24425381198525,0.009354122560935907,Loyal / High Value
8565-HBFNN,0,0.17151643,0.17151643,Low,One year,Fiber optic,69,107.2,7396.8,1268.672754263878,0.14833179919785536,Loyal / High Value
2000-DHJUY,0,0.067340896,0.067340896,Low,Two year,DSL,70,92.2,6454.0,434.61813977360725,0.05079615188221777,Loyal / High Value
0203-HHYIJ,1,0.04269169,0.04269169,Low,One year,No,25,25.3,632.5,27.00249328278005,0.0030710673211117962,Low Priority
8670-ERCJH,0,0.031875722,0.031875722,Low,Two year,Fiber optic,72,113.4,8164.8,260.25889588594436,0.03043647227942977,Loyal / High Value
7758-UJWYS,0,0.052550588,0.052550588,Low,Two year,DSL,34,40.55,1378.6999999999998,72.45149540416895,0.008376728285993786,Low Priority
2050-ONYDQ,0,0.01402663,0.01402663,Low,Two year,No,65,26.0,1690.0,23.705004258081317,0.0027477146965253813,Loyal / High Value
7055-JCGNI,0,0.08170115,0.08170115,Low,Two year,Fiber optic,70,111.95,7836.5,640.2510778568685,0.0748681423713859,Loyal / High Value
0739-UUAJR,0,0.01835535,0.01835535,Low,Two year,DSL,72,53.8,3873.6,71.10128019154071,0.008293815597906477,Loyal / High Value
4826-DXMUP,0,0.09029983,0.09029983,Low,One year,DSL,35,72.1,2523.5,227.87162060290575,0.026511391574678977,Loyal / High Value
0952-KMEEH,1,0.5303561,0.5303561,Medium,Month-to-month,Fiber optic,13,98.15,1275.95,676.7078774601222,0.07815280178735076,Low Priority
7285-KLOTR,0,0.2197371,0.2197371,Low,One year,DSL,12,78.85,946.1999999999999,207.91524176895618,0.023886930834311943,Low Priority
0654-PQKDW,0,0.030755159,0.030755159,Low,One year,DSL,62,70.75,4386.5,134.9075028207153,0.015745651941187187,Loyal / High Value
7175-NTIXE,0,0.13391978,0.13391978,Low,Month-to-month,DSL,25,76.15,1903.7500000000002,254.94977258145812,0.029589281789469412,Loyal / High Value
7963-SHNDT,0,0.019154781,0.019154781,Low,Two year,DSL,52,39.1,2033.2,38.94550169631839,0.004522856316177785,Loyal / High Value
9796-BPKIW,0,0.51732165,0.51732165,Medium,Month-to-month,Fiber optic,8,69.95,559.6,289.4931932210922,0.032793457693205866,Low Priority
0188-GWFLE,0,0.1760315,0.1760315,Low,Month-to-month,No,2,20.05,40.1,7.058863154053689,0.00043950100245606776,Low Priority
8129-GMVGI,0,0.0157182,0.0157182,Low,Two year,No,56,20.05,1122.8,17.648394188284872,0.002034050548716049,Low Priority
2882-DDZPG,0,0.118723065,0.118723065,Low,Month-to-month,No,12,19.45,233.39999999999998,27.709963291883465,0.002986446182982016,Low Priority
3547-LQRIK,0,0.051576767,0.051576767,Low,One year,No,47,26.9,1264.3,65.20850666575133,0.007529874278408169,Low Priority
9137-NOQKA,0,0.2146305,0.2146305,Low,Month-to-month,No,2,19.2,38.4,8.241811180114746,0.0004931027041741178,Low Priority
5843-TTHGI,0,0.17816342,0.17816342,Low,Month-to-month,DSL,18,50.0,900.0,160.347081720829,0.01840275803487259,Low Priority
1849-RJYIG,0,0.31773606,0.31773606,Medium,Month-to-month,DSL,8,60.0,480.0,152.51330852508545,0.017176935320687935,Low Priority
8868-GAGIO,0,0.21565345,0.21565345,Low,Month-to-month,Fiber optic,45,84.55,3804.75,820.5074612125754,0.09570203211339467,Loyal / High Value
4061-UKJWL,0,0.4130339,0.4130339,Medium,Month-to-month,DSL,3,45.45,136.35000000000002,56.31717262566091,0.005691126131837586,Low Priority
5380-XPJNZ,0,0.025273055,0.025273055,Low,One year,No,38,20.05,761.9,19.255540481209753,0.002201379296025408,Low Priority
8263-QMNTJ,0,0.03473521,0.03473521,Low,Two year,Fiber optic,72,115.55,8319.6,288.98305511176585,0.03379712504211084,Loyal / High Value
8178-EYZUO,1,0.3566235,0.3566235,Medium,Month-to-month,Fiber optic,46,93.7,4310.2,1537.1186122238635,0.17939024878245205,Loyal / High Value
3230-JCNZS,0,0.040294457,0.040294457,Low,Two year,Fiber optic,71,99.0,7029.0,283.22973984852433,0.0331104890346794,Loyal / High Value
0277-ORXQS,0,0.017938703,0.017938703,Low,Two year,DSL,66,50.55,3336.2999999999997,59.848895815014835,0.006975765213920871,Loyal / High Value
5130-IEKQT,1,0.46638697,0.46638697,Medium,Month-to-month,Fiber optic,25,105.95,2648.75,1235.3424970060587,0.14377513384957924,Loyal / High Value
3230-WYKIR,1,0.17938809,0.17938809,Low,One year,DSL,18,82.0,1476.0,264.77682226896286,0.03064097971665908,Loyal / High Value
7996-BPXHY,0,0.027853737,0.027853737,Low,Two year,No,13,25.0,325.0,9.052464412525296,0.0009997203398620974,Low Priority
3227-WLKLI,0,0.020915596,0.020915596,Low,Two year,DSL,65,91.55,5950.75,124.46348179364577,0.014543120380759044,Loyal / High Value
0407-BDJKB,1,0.37617353,0.37617353,Medium,Month-to-month,Fiber optic,60,95.75,5745.0,2161.1169071495533,0.25249025282021736,Loyal / High Value
2266-FUBDZ,0,0.029851569,0.029851569,Low,Two year,No,15,19.35,290.25,8.66441786242649,0.0009498321886494194,Low Priority
8237-ULIXL,0,0.012518862,0.012518862,Low,Two year,No,72,24.85,1789.2,22.398748359829188,0.0025979221855420885,Loyal / High Value
9600-UDOPK,1,0.44549716,0.44549716,Medium,Month-to-month,Fiber optic,30,94.05,2821.5,1256.9702233672142,0.14635630120612,Loyal / High Value
8216-AZUUZ,0,0.09280598,0.09280598,Low,Two year,Fiber optic,42,100.4,4216.8,391.34426336288453,0.045667609586942846,Loyal / High Value
9153-BTBVV,0,0.01233118,0.01233118,Low,Two year,No,71,25.0,1775.0,21.88784498721361,0.002538449315225673,Loyal / High Value
4074-SJFFA,1,0.5865736,0.5865736,Medium,Month-to-month,DSL,1,54.75,54.75,32.1149046421051,0.0024717883706450554,Low Priority
3269-ATYWD,1,0.48129588,0.48129588,Medium,Month-to-month,Fiber optic,39,95.65,3730.3500000000004,1795.402099594474,0.20939067622160418,Loyal / High Value
5186-PEIZU,0,0.058344636,0.058344636,Low,Month-to-month,No,35,19.25,673.75,39.309698580764234,0.004479184572141099,Low Priority
1074-AMIOH,0,0.24472374,0.24472374,Low,Month-to-month,Fiber optic,53,108.25,5737.25,1404.0412614792585,0.16403793783045167,Loyal / High Value
4910-GMJOT,1,0.8966777,0.8966777,Critical,Month-to-month,Fiber optic,1,94.6,94.6,84.82570785284042,0.00796701139382688,Automated Retention
0354-WYROK,1,0.44721773,0.44721773,Medium,Month-to-month,Fiber optic,31,98.9,3065.9,1371.1248465865851,0.15973334972951378,Loyal / High Value
4361-FEBGN,0,0.017114796,0.017114796,Low,Two year,No,48,20.15,967.1999999999999,16.55343044400215,0.001902624751970071,Low Priority
7748-UMTRK,0,0.51907915,0.51907915,Medium,Month-to-month,Fiber optic,30,101.3,3039.0,1577.4815331101418,0.18376346177715647,Loyal / High Value
0380-ZCSBI,0,0.10616296,0.10616296,Low,Month-to-month,No,10,20.0,200.0,21.232591569423676,0.0022548677749786488,Low Priority
7145-FEJWU,0,0.6622345,0.6622345,High,Month-to-month,Fiber optic,12,105.3,1263.6,836.799495434761,0.09662761242427238,Automated Retention
6463-MVYRY,0,0.027581304,0.027581304,Low,Two year,DSL,57,69.85,3981.45,109.81358405202627,0.012811217124316076,Loyal / High Value
3969-JQABI,0,0.08963791,0.08963791,Low,Month-to-month,DSL,58,65.25,3784.5,339.2346810288727,0.039566472274480444,Loyal / High Value
9624-EGDEQ,0,0.017101197,0.017101197,Low,Two year,No,37,19.8,732.6,12.52833660878241,0.0014308460841646357,Low Priority
1051-EQPZR,0,0.060900796,0.060900796,Low,Month-to-month,No,44,19.6,862.4000000000001,52.52084664702416,0.006022120179854395,Low Priority
5849-ASHZJ,0,0.024403324,0.024403324,Low,One year,No,27,20.05,541.35,13.210739637259394,0.0014947436631969663,Low Priority
5780-INQIK,0,0.29872483,0.29872483,Low,Month-to-month,DSL,8,49.4,395.2,118.0560528755188,0.01317986052005432,Low Priority
7576-OYWBN,1,0.7592928,0.7592928,High,Month-to-month,Fiber optic,3,76.05,228.14999999999998,173.23264806568622,0.018632542171822235,Automated Retention
4526-ZJJTM,0,0.31470618,0.31470618,Medium,Month-to-month,Fiber optic,25,88.4,2210.0,695.5006501078606,0.08083085310264627,Loyal / High Value
8384-FZBJK,0,0.41242036,0.41242036,Medium,Month-to-month,Fiber optic,57,100.6,5734.2,2364.9008411228656,0.27629727802804577,Loyal / High Value
3750-RNQKR,0,0.111801885,0.111801885,Low,Month-to-month,No,12,19.45,233.39999999999998,26.09455997496843,0.0028123458054766268,Low Priority
0962-CQPWQ,0,0.011373981,0.011373981,Low,Two year,No,62,20.3,1258.6000000000001,14.31529236342758,0.0016529282542277095,Low Priority
3096-YXENJ,0,0.12510869,0.12510869,Low,Two year,Fiber optic,65,107.65,6997.25,875.4167745932937,0.1023378576564589,Loyal / High Value
1265-BCFEO,0,0.019053547,0.019053547,Low,Two year,DSL,71,80.45,5711.95,108.83290614048019,0.01271505760763999,Loyal / High Value
5837-LXSDN,0,0.07829645,0.07829645,Low,One year,DSL,21,58.85,1235.8500000000001,96.76267114430667,0.011169671070002529,Low Priority
5945-AZYHT,0,0.19668067,0.19668067,Low,One year,Fiber optic,71,109.6,7781.599999999999,1530.490262889862,0.1789657570315498,Loyal / High Value
8325-QRPZR,0,0.6078661,0.6078661,High,Month-to-month,Fiber optic,7,75.15,526.0500000000001,319.7679663330317,0.03614263919434341,Automated Retention
6384-VMJHP,0,0.014329781,0.014329781,Low,Two year,DSL,72,73.0,5256.0,75.31732801347971,0.008796878297775158,Loyal / High Value
2262-SLNVK,0,0.77037513,0.77037513,High,Month-to-month,Fiber optic,1,70.1,70.1,54.003296792507165,0.004632436738133609,Automated Retention
7730-CLDSV,0,0.03471822,0.03471822,Low,Two year,Fiber optic,72,98.65,7102.8,246.59656726866962,0.028828753838602054,Loyal / High Value
1135-HIORI,0,0.18695551,0.18695551,Low,One year,Fiber optic,64,111.45,7132.8,1333.5162729263307,0.1558985265037527,Loyal / High Value
0164-APGRB,0,0.028927755,0.028927755,Low,Two year,Fiber optic,72,114.9,8272.800000000001,239.31352834403518,0.02798781959833934,Loyal / High Value
6481-ESCNL,0,0.3983544,0.3983544,Medium,Month-to-month,Fiber optic,29,100.55,2915.95,1161.5815451204776,0.1352790325149245,Loyal / High Value
1790-NESIO,0,0.02319537,0.02319537,Low,Two year,No,13,20.4,265.2,6.151411903649568,0.000669933768200275,Low Priority
1550-EENBN,0,0.3642487,0.3642487,Medium,Month-to-month,Fiber optic,31,104.35,3234.85,1178.2898845165967,0.13731268861219956,Loyal / High Value
5539-TMZLF,1,0.8297995,0.8297995,Critical,Month-to-month,Fiber optic,1,69.75,69.75,57.878513261675835,0.004955725239580029,Automated Retention
4323-SADQS,1,0.27128345,0.27128345,Low,Month-to-month,DSL,7,34.5,241.5,65.51495262980461,0.0070816325736410245,Low Priority
4446-BZKHU,1,0.44916523,0.44916523,Medium,Month-to-month,Fiber optic,61,105.55,6438.55,2891.9727596104144,0.3379979901279854,Loyal / High Value
5202-IVJNU,1,0.16750494,0.16750494,Low,Month-to-month,DSL,39,30.1,1173.9,196.63404490649702,0.022679687746285565,Low Priority
5976-JCJRH,1,0.5371212,0.5371212,Medium,Month-to-month,Fiber optic,10,70.3,703.0,377.59618723392487,0.04307697734335089,Low Priority
8198-RKSZG,0,0.21252353,0.21252353,Low,Month-to-month,DSL,14,80.45,1126.3,239.36525735110044,0.027589297507395607,Low Priority
0137-OCGAB,1,0.821557,0.821557,Critical,Month-to-month,Fiber optic,1,80.2,80.2,65.88887022733688,0.00591283745571848,Automated Retention
3351-NQLDI,1,0.10664931,0.10664931,Low,One year,Fiber optic,67,94.35,6321.45,674.1782768860459,0.07879000256345967,Loyal / High Value
9297-EONCV,0,0.01598353,0.01598353,Low,Two year,DSL,72,91.35,6577.2,105.12686949670315,0.01228741315924978,Loyal / High Value
7593-JNWRU,1,0.27356875,0.27356875,Low,Month-to-month,DSL,6,44.6,267.6,73.20699734687805,0.007978233408856374,Low Priority
4588-YBNIB,1,0.42756352,0.42756352,Medium,Month-to-month,No,1,19.6,19.6,8.380244958400727,4.00941033651305e-05,Low Priority
1069-QJOEE,0,0.04055067,0.04055067,Low,One year,No,25,19.9,497.49999999999994,20.17395908012986,0.00227536647313324,Low Priority
3336-JORSO,1,0.49008313,0.49008313,Medium,Month-to-month,Fiber optic,33,110.45,3644.85,1786.2794898703694,0.20830198882454382,Loyal / High Value
7799-DSEWS,0,0.19273506,0.19273506,Low,Month-to-month,DSL,18,68.35,1230.3,237.1219456091523,0.027369951057462306,Low Priority
8766-PAFNE,0,0.017155856,0.017155856,Low,Two year,DSL,71,79.1,5616.099999999999,96.34900228679179,0.011255916189514126,Loyal / High Value
5315-CKEQK,0,0.1127346,0.1127346,Low,One year,DSL,28,51.0,1428.0,160.98501008749008,0.01862171788148677,Loyal / High Value
3130-ICDUP,0,0.5104738,0.5104738,Medium,Month-to-month,Fiber optic,2,80.55,161.1,82.23732721209525,0.008514677888426622,Low Priority
0820-FNRNX,0,0.15008299,0.15008299,Low,Month-to-month,DSL,17,66.7,1133.9,170.1791029587388,0.01961711631855171,Low Priority
0880-FVFWF,0,0.2467164,0.2467164,Low,Month-to-month,Fiber optic,56,86.4,4838.400000000001,1193.7126056671143,0.13937949379228354,Loyal / High Value
4611-ANLQC,0,0.11372114,0.11372114,Low,One year,DSL,60,50.05,3003.0,341.504582606256,0.03977947125601912,Loyal / High Value
4213-HKBJO,0,0.024355115,0.024355115,Low,Two year,No,33,25.7,848.1,20.65557334441692,0.0023675095151303952,Low Priority
2792-LSHWX,0,0.55471915,0.55471915,Medium,Month-to-month,Fiber optic,1,83.4,83.4,46.26357711553574,0.0042004474275937585,Low Priority
5028-GZLDO,1,0.5559899,0.5559899,Medium,Month-to-month,Fiber optic,2,70.7,141.4,78.61697484254837,0.007990008946689822,Low Priority
0014-BMAQU,0,0.024800334,0.024800334,Low,Two year,Fiber optic,63,84.65,5332.950000000001,132.25894187595696,0.015448318594616551,Loyal / High Value
6861-XWTWQ,1,0.8532986,0.8532986,Critical,Month-to-month,Fiber optic,7,99.25,694.75,592.829205468297,0.06760915131563151,Automated Retention
9018-PCIOK,0,0.021704461,0.021704461,Low,Two year,DSL,55,64.75,3561.25,77.29501325171441,0.009012444835065898,Loyal / High Value
4837-QUSFT,0,0.08719625,0.08719625,Low,One year,Fiber optic,65,100.15,6509.75,567.6258095297962,0.06634313109162628,Loyal / High Value
6877-TJMBR,1,0.72703964,0.72703964,High,Month-to-month,Fiber optic,1,84.8,84.8,61.65296106338501,0.0056246033291886465,Automated Retention
9953-ZMKSM,0,0.01402721,0.01402721,Low,Two year,No,63,25.25,1590.75,22.313784231897444,0.002584639052512066,Loyal / High Value
0907-HQNTS,0,0.064478904,0.064478904,Low,Two year,Fiber optic,70,113.0,7910.0,510.02813071012497,0.05964177692642984,Loyal / High Value
7665-NKLAV,0,0.020889832,0.020889832,Low,Two year,DSL,36,40.65,1463.3999999999999,30.57017971985042,0.0035373043515286294,Loyal / High Value
6769-DCQLI,1,0.27295643,0.27295643,Low,One year,Fiber optic,52,105.0,5460.0,1490.3421127796173,0.17409163211253648,Loyal / High Value
2433-KMEAS,1,0.29121438,0.29121438,Low,Month-to-month,DSL,22,54.45,1197.9,348.84570183455946,0.04024883621915147,Low Priority
4391-LNRXK,0,0.29284263,0.29284263,Low,Month-to-month,Fiber optic,22,94.95,2088.9,611.7189626455307,0.071058411626264,Loyal / High Value
8250-ZNGGW,0,0.29474968,0.29474968,Low,Month-to-month,DSL,5,59.9,299.5,88.27752831578255,0.009698076986212391,Low Priority
2195-ZRVAX,1,0.3989893,0.3989893,Medium,Month-to-month,Fiber optic,47,85.3,4009.1,1599.5879625350237,0.18661934591652313,Loyal / High Value
3550-SAHFP,1,0.5270722,0.5270722,Medium,Month-to-month,Fiber optic,33,83.35,2750.5499999999997,1449.73841561079,0.16877220770999482,Loyal / High Value
2011-TRQYE,1,0.24042894,0.24042894,Low,Month-to-month,DSL,18,33.5,603.0,144.97865049540997,0.016464106624335364,Low Priority
8562-GHPPI,0,0.29169092,0.29169092,Low,Month-to-month,No,1,19.8,19.8,5.775480133295059,3.41910769672476e-05,Low Priority
5893-PYOLZ,0,0.02440794,0.02440794,Low,Two year,DSL,56,81.8,4580.8,111.80789148509503,0.013051976534762942,Loyal / High Value
4986-MXSFP,0,0.18267062,0.18267062,Low,Month-to-month,No,2,20.0,40.0,7.3068249225616455,0.00045393581312800914,Low Priority
6131-FOYAS,0,0.156794,0.156794,Low,Month-to-month,DSL,35,59.6,2086.0,327.0722770988941,0.03799284390954262,Loyal / High Value
3027-YNWZU,0,0.015515319,0.015515319,Low,Two year,No,64,25.0,1600.0,24.824510514736176,0.002875659053379129,Loyal / High Value
5609-IMCGG,0,0.38809353,0.38809353,Medium,Month-to-month,Fiber optic,15,84.35,1265.25,491.0353402644396,0.05670236096670606,Low Priority
4873-ILOLJ,1,0.5154836,0.5154836,Medium,Month-to-month,Fiber optic,24,90.35,2168.3999999999996,1117.774676799774,0.12988601659619525,Loyal / High Value
4727-MCYZG,0,0.5372776,0.5372776,Medium,Month-to-month,DSL,1,55.55,55.55,29.845769530534742,0.002314440059962571,Low Priority
9481-WHGWY,0,0.019307291,0.019307291,Low,Two year,DSL,70,75.35,5274.5,101.83630709256977,0.011894379456492422,Loyal / High Value
2725-KXXWT,1,0.84569997,0.84569997,Critical,Month-to-month,Fiber optic,1,90.75,90.75,76.74727191030979,0.007132421294821109,Automated Retention
9565-DJPIB,1,0.6925216,0.6925216,High,Month-to-month,Fiber optic,4,89.6,358.4,248.1997314453125,0.027567086211738957,Automated Retention
4328-VUFWD,0,0.08291695,0.08291695,Low,One year,DSL,39,59.3,2312.7,191.76203643903133,0.022295010986595375,Loyal / High Value
3301-LSLWQ,0,0.16270837,0.16270837,Low,Month-to-month,DSL,29,66.1,1916.8999999999999,311.89567805230615,0.036200858104487754,Loyal / High Value
7473-ZBDSN,0,0.023393296,0.023393296,Low,Two year,No,14,18.8,263.2,6.157115429639816,0.0006701661513479731,Low Priority
3166-PNEOF,0,0.020928435,0.020928435,Low,Two year,DSL,61,86.45,5273.45,110.36505569629371,0.012890519635898212,Loyal / High Value
5639-NTUPK,0,0.16478907,0.16478907,Low,Month-to-month,DSL,13,52.1,677.3000000000001,111.6116342112422,0.012719617378063059,Low Priority
8780-YRMTT,0,0.01781368,0.01781368,Low,Two year,DSL,66,47.4,3128.4,55.728318681567906,0.0064930398401784,Loyal / High Value
8348-HFYIV,1,0.7067525,0.7067525,High,Month-to-month,DSL,2,49.25,98.5,69.61511918902397,0.006602608376592733,Automated Retention
5140-FOMCQ,0,0.2157045,0.2157045,Low,One year,Fiber optic,59,109.15,6439.85,1389.104628673196,0.16235106246020514,Loyal / High Value
6242-SGYTS,0,0.070306495,0.070306495,Low,One year,Fiber optic,62,94.95,5886.900000000001,413.8873044267297,0.048359614394679215,Loyal / High Value
8166-ORCHU,0,0.16633247,0.16633247,Low,One year,Fiber optic,33,93.55,3087.15,513.4932797916234,0.0598234983807533,Loyal / High Value
8414-OOEEL,0,0.022230495,0.022230495,Low,Two year,DSL,66,79.5,5247.0,116.6434060446918,0.013623578481698257,Loyal / High Value
8454-AATJP,0,0.025220418,0.025220418,Low,Two year,Fiber optic,72,115.05,8283.6,208.91585743501784,0.024432871526872933,Loyal / High Value
6849-WLEYG,1,0.32788232,0.32788232,Medium,Month-to-month,No,1,19.75,19.75,6.475675813853741,3.651165178455046e-05,Low Priority
4659-NZRUF,1,0.5340399,0.5340399,Medium,Month-to-month,Fiber optic,19,95.15,1807.8500000000001,965.464059624076,0.11199176074051077,Loyal / High Value
4531-AUZNK,0,0.08735156,0.08735156,Low,One year,Fiber optic,51,95.15,4852.650000000001,423.8865505099297,0.0494941322640177,Loyal / High Value
4191-XOVOM,0,0.30835092,0.30835092,Medium,Month-to-month,Fiber optic,63,105.4,6640.200000000001,2047.5117834806445,0.23932328232510236,Loyal / High Value
2150-OEGBV,0,0.025920767,0.025920767,Low,One year,No,27,20.1,542.7,14.067200433835389,0.0015917913081276037,Low Priority
8429-XIBUM,1,0.5187323,0.5187323,Medium,Month-to-month,Fiber optic,22,101.35,2229.7,1156.617430138588,0.13443188094558428,Loyal / High Value
1855-CFULU,0,0.18563798,0.18563798,Low,Month-to-month,No,4,20.05,80.2,14.888166052103044,0.0013360572973264847,Low Priority
4878-BUNFV,0,0.012901628,0.012901628,Low,Two year,No,42,20.7,869.4,11.2166757222265,0.0012863518741203293,Low Priority
1872-EBWSC,0,0.024741322,0.024741322,Low,One year,No,29,20.35,590.1500000000001,14.6010910615325,0.0016569713770222573,Low Priority
2608-BHKFN,1,0.5871583,0.5871583,Medium,Month-to-month,Fiber optic,4,70.05,280.2,164.52176191806794,0.017990808498005353,Low Priority
7026-YMSBE,0,0.027220864,0.027220864,Low,One year,No,30,19.7,591.0,16.08753053471446,0.0018257429546083407,Low Priority
7341-LXCAF,1,0.71980214,0.71980214,High,Month-to-month,Fiber optic,4,74.65,298.6,214.93291935920718,0.023607539279918786,Automated Retention
6997-UVGOX,0,0.012579754,0.012579754,Low,Two year,DSL,71,85.45,6066.95,76.32073849961161,0.00891835136024319,Loyal / High Value
9674-EHPPG,0,0.023377493,0.023377493,Low,Two year,DSL,46,40.4,1858.3999999999999,43.44473303556442,0.0050409363473738296,Loyal / High Value
9462-MJUAW,1,0.40831652,0.40831652,Medium,Month-to-month,DSL,4,50.4,201.6,82.31661100387574,0.008749092785838573,Low Priority
8128-YVJRG,1,0.4892394,0.4892394,Medium,Month-to-month,Fiber optic,7,79.65,557.5500000000001,272.77542449533945,0.030895738451289605,Low Priority
5440-VHLUL,0,0.2711206,0.2711206,Low,One year,Fiber optic,69,105.2,7258.8,1968.0102682828904,0.23008641232830726,Loyal / High Value
5781-BKHOP,0,0.029120313,0.029120313,Low,Two year,Fiber optic,72,100.65,7246.8,211.02908427491784,0.024671983119660658,Loyal / High Value
4283-FUTGF,1,0.57226896,0.57226896,Medium,Month-to-month,Fiber optic,19,79.85,1517.1499999999999,868.2178570032119,0.10050862721556661,Loyal / High Value
5213-TWWJU,0,0.27363425,0.27363425,Low,Month-to-month,Fiber optic,28,91.0,2548.0,697.2200815677643,0.0811229085679664,Loyal / High Value
1569-TTNYJ,1,0.7268919,0.7268919,High,Month-to-month,Fiber optic,5,78.75,393.75,286.2136758863926,0.031947218284810154,Automated Retention
8628-MFKAX,0,0.02825051,0.02825051,Low,Two year,Fiber optic,72,116.75,8406.0,237.47378599271178,0.02777366330728371,Loyal / High Value
2397-BRLOM,1,0.612997,0.612997,High,Month-to-month,Fiber optic,8,80.45,643.6,394.524866271019,0.04489409728485753,Automated Retention
7629-WIXZF,0,0.19656704,0.19656704,Low,One year,DSL,7,59.1,413.7,81.31978596299886,0.009098875368313006,Low Priority
5445-GLVOT,0,0.27280954,0.27280954,Low,Month-to-month,DSL,22,49.8,1095.6,298.8901268362999,0.034433761671666174,Low Priority
3976-HXHCE,0,0.015364513,0.015364513,Low,Two year,No,72,19.3,1389.6000000000001,21.35052698850632,0.002468782134734189,Low Priority
2466-NEJOJ,0,0.11567706,0.11567706,Low,Month-to-month,No,8,19.65,157.2,18.1844336271286,0.0018766064473496994,Low Priority
0254-KCJGT,0,0.074788816,0.074788816,Low,One year,DSL,52,81.4,4232.8,316.5661015212536,0.0369420564252763,Loyal / High Value
5472-CVMDX,0,0.016905123,0.016905123,Low,Two year,DSL,68,38.9,2645.2,44.717432332783936,0.0052043810968524125,Loyal / High Value
6461-SZMCV,0,0.014727389,0.014727389,Low,Two year,DSL,71,87.95,6244.45,91.96444698823616,0.01074732418261971,Loyal / High Value
8150-QUDFX,0,0.16505073,0.16505073,Low,Month-to-month,No,2,19.85,39.7,6.552513985335827,0.0004043464294920514,Low Priority
9508-ILZDG,0,0.46708664,0.46708664,Medium,Month-to-month,Fiber optic,34,96.35,3275.8999999999996,1530.1291337400673,0.17832753948471872,Loyal / High Value
2346-DJQTB,0,0.24743713,0.24743713,Low,Month-to-month,DSL,35,24.15,845.25,209.14623783901334,0.023970182355656094,Low Priority
1697-LYYYX,0,0.024048768,0.024048768,Low,One year,No,61,19.1,1165.1000000000001,28.01921957805753,0.0032313276842601225,Low Priority
1942-OQFRW,0,0.5684543,0.5684543,Medium,Month-to-month,DSL,1,44.0,44.0,25.011990308761597,0.0016791364632194772,Low Priority
4749-VFKVB,1,0.598807,0.598807,Medium,Month-to-month,DSL,1,50.1,50.1,30.00022956132889,0.002196954518545416,Low Priority
9640-ZSLDC,0,0.06731628,0.06731628,Low,One year,DSL,53,60.6,3211.8,216.2064242988825,0.025194682841470764,Loyal / High Value
4231-LZUYM,0,0.011669146,0.011669146,Low,Two year,No,72,25.65,1846.8,21.550578642636538,0.002500374941364914,Loyal / High Value
7598-UAASY,1,0.6427954,0.6427954,High,Month-to-month,Fiber optic,2,76.4,152.8,98.21913466453553,0.010096420368371113,Automated Retention
7938-OUHIO,1,0.7422592,0.7422592,High,Month-to-month,Fiber optic,3,98.7,296.1,219.78295041918756,0.024126556331664883,Automated Retention
8510-AWCXC,1,0.7007312,0.7007312,High,Month-to-month,Fiber optic,13,100.8,1310.3999999999999,918.2381878852843,0.10608876136879855,Automated Retention
6128-AQBMT,0,0.39582884,0.39582884,Medium,Month-to-month,DSL,41,53.95,2211.9500000000003,875.553609532118,0.10175731752643505,Loyal / High Value
3594-BDSOA,0,0.026115173,0.026115173,Low,One year,No,24,20.4,489.59999999999997,12.785988932847976,0.001441183382353905,Low Priority
0431-APWVY,1,0.1940643,0.1940643,Low,One year,Fiber optic,28,90.1,2522.7999999999997,489.58542671799654,0.056959984269320106,Loyal / High Value
5133-VRSAB,0,0.25971702,0.25971702,Low,Month-to-month,DSL,8,29.35,234.8,60.9815556883812,0.006575730935979944,Low Priority
5996-DAOQL,0,0.39607328,0.39607328,Medium,Month-to-month,No,1,20.45,20.45,8.099698612093926,7.66036331245573e-05,Low Priority
6838-YAUVY,0,0.134912,0.134912,Low,Two year,Fiber optic,54,95.1,5135.4,692.8270802110433,0.08091367388267098,Loyal / High Value
0484-JPBRU,0,0.09549389,0.09549389,Low,Month-to-month,No,41,25.25,1035.25,98.86004997976124,0.011377621535220534,Low Priority
7883-ROJOC,0,0.14199711,0.14199711,Low,Month-to-month,DSL,19,44.9,853.1,121.13773780316114,0.01388646287313297,Low Priority
0244-LGNFY,0,0.030252194,0.030252194,Low,Two year,DSL,72,92.65,6670.8,201.80633594915273,0.02358842773599842,Loyal / High Value
7274-CGTOD,0,0.017028013,0.017028013,Low,Two year,DSL,62,43.7,2709.4,46.1356990840286,0.005370354983476685,Loyal / High Value
4295-YURET,0,0.030133486,0.030133486,Low,Two year,DSL,56,72.6,4065.5999999999995,122.51069984436033,0.014293908279190717,Loyal / High Value
3426-NIYYL,1,0.30578905,0.30578905,Medium,Month-to-month,DSL,15,51.55,773.25,236.45138557255268,0.0270422157923714,Low Priority
8225-BTJAU,1,0.6222585,0.6222585,High,Month-to-month,Fiber optic,10,79.25,792.5,493.13984885811806,0.05643302106996474,Automated Retention
4635-EJYPD,0,0.017630484,0.017630484,Low,Two year,No,32,18.95,606.4,10.691125470399856,0.0012143276880208097,Low Priority
1866-ZSLJM,0,0.06904614,0.06904614,Low,Month-to-month,No,21,20.5,430.5,29.724363148212433,0.003332039539751842,Low Priority
4636-TVXVG,0,0.020542065,0.020542065,Low,One year,No,62,19.95,1236.8999999999999,25.408479804731904,0.0029330327490525243,Low Priority
4236-UJPWO,0,0.55161697,0.55161697,Medium,Month-to-month,DSL,2,24.5,49.0,27.029231369495392,0.0019526950950718247,Low Priority
9392-XBGTD,0,0.013612272,0.013612272,Low,Two year,No,27,20.6,556.2,7.5711458075791604,0.0008574684792154924,Low Priority
3387-VATUS,1,0.81500876,0.81500876,Critical,Month-to-month,Fiber optic,5,94.85,474.25,386.51790419220924,0.04351037831883388,Automated Retention
6402-SSEJG,0,0.16488707,0.16488707,Low,One year,DSL,25,61.05,1526.25,251.65889158844948,0.029135293353821267,Loyal / High Value
1143-NMNQJ,1,0.8096275,0.8096275,Critical,Month-to-month,Fiber optic,2,85.7,171.4,138.7701489329338,0.01448203681004691,Automated Retention
1169-SAOCL,0,0.29945645,0.29945645,Low,One year,Fiber optic,49,106.65,5225.85,1564.91447545141,0.18277436869854033,Loyal / High Value
1110-KYLGQ,0,0.20280628,0.20280628,Low,Month-to-month,Fiber optic,63,108.25,6819.75,1383.0881216414273,0.16167425023385204,Loyal / High Value
9929-PLVPA,0,0.115899354,0.115899354,Low,Month-to-month,No,4,20.4,81.6,9.45738730430603,0.0008531600999836624,Low Priority
3518-PZXZQ,0,0.59524804,0.59524804,Medium,Month-to-month,DSL,1,55.3,55.3,32.917216807603836,0.0025467171780178175,Low Priority
2371-JUNGC,0,0.1036628,0.1036628,Low,Month-to-month,No,11,20.25,222.75,23.09088787995279,0.002478200875511581,Low Priority
7693-QPEFS,0,0.28249,0.28249,Low,Month-to-month,Fiber optic,52,72.95,3793.4,1071.5975099623204,0.12498671912978732,Loyal / High Value
0924-BJCRC,0,0.2572993,0.2572993,Low,Month-to-month,Fiber optic,60,89.45,5367.0,1380.925364613533,0.16130065379995467,Loyal / High Value
5074-FBGHB,0,0.26470035,0.26470035,Low,One year,Fiber optic,64,104.65,6697.6,1772.8570852279663,0.20722532804163882,Loyal / High Value
2351-BKRZW,0,0.025083344,0.025083344,Low,Two year,DSL,43,75.2,3233.6,81.10950254797935,0.009452121116923808,Loyal / High Value
4455-BFSPD,0,0.14657469,0.14657469,Low,One year,Fiber optic,61,101.15,6170.150000000001,904.3878292910756,0.1056864479910729,Loyal / High Value
0415-MOSGF,1,0.5057679,0.5057679,Medium,Month-to-month,DSL,1,44.4,44.4,22.45609395503998,0.0015176830663774035,Low Priority
1724-BQUHA,1,0.74562716,0.74562716,High,Month-to-month,Fiber optic,5,89.5,447.5,333.66815626621246,0.037468394313485476,Automated Retention
3948-KXDUF,0,0.016760767,0.016760767,Low,Two year,DSL,66,68.75,4537.5,76.05197802186012,0.00887763451935761,Loyal / High Value
2323-ARSVR,0,0.09393525,0.09393525,Low,Two year,Fiber optic,67,111.05,7440.349999999999,698.9111465334892,0.08171712816605554,Loyal / High Value
0815-MFZGM,0,0.0699353,0.0699353,Low,Two year,Fiber optic,42,99.0,4158.0,290.79097513854504,0.033931474060949214,Loyal / High Value
4826-XTSOH,1,0.878945,0.878945,Critical,Month-to-month,Fiber optic,1,86.05,86.05,75.6332166492939,0.006928574031851878,Automated Retention
5480-XTFFL,0,0.015350005,0.015350005,Low,Two year,No,31,21.0,651.0,9.992853032425046,0.0011375038616903495,Low Priority
8295-FHIVV,0,0.12889595,0.12889595,Low,Month-to-month,No,7,19.4,135.79999999999998,17.504070457816123,0.0017677262912393283,Low Priority
2495-INZWQ,1,0.63539666,0.63539666,High,Month-to-month,DSL,4,44.55,178.2,113.22768470048904,0.011871979030412295,Automated Retention
9086-YJYXS,0,0.11485651,0.11485651,Low,One year,DSL,34,77.2,2624.8,301.47537100315094,0.03508487300610551,Loyal / High Value
1179-INLAT,0,0.06488255,0.06488255,Low,One year,No,3,19.45,58.349999999999994,3.7858965978026387,0.00030079059458609504,Low Priority
7909-FIOIY,0,0.1829065,0.1829065,Low,Month-to-month,DSL,19,24.85,472.15000000000003,86.35930092707277,0.009719694632459055,Low Priority
4139-SUGLD,1,0.10539783,0.10539783,Low,Month-to-month,DSL,31,35.4,1097.3999999999999,115.66357636302708,0.013325452128430828,Low Priority
6857-VWJDT,1,0.8548425,0.8548425,Critical,Month-to-month,Fiber optic,1,95.65,95.65,81.76568359434606,0.00770051632773771,Automated Retention
6351-SCJKT,0,0.3584041,0.3584041,Medium,Month-to-month,DSL,3,41.35,124.05000000000001,44.46002859771252,0.004421655982607013,Low Priority
5468-BPMMO,0,0.0871934,0.0871934,Low,Month-to-month,No,46,19.6,901.6,78.61356914043427,0.009022685346338235,Low Priority
5624-BQSSA,1,0.3524209,0.3524209,Medium,Month-to-month,No,1,20.95,20.95,7.383217777311802,8.88157500735213e-05,Low Priority
0197-PNKNK,0,0.05956498,0.05956498,Low,One year,Fiber optic,69,84.45,5827.05,347.0881260881201,0.0405532990005931,Loyal / High Value
2439-QKJUL,0,0.1269594,0.1269594,Low,Month-to-month,No,5,20.25,101.25,12.85463908687234,0.00122700234400339,Low Priority
1194-SPVSP,0,0.3205487,0.3205487,Medium,Month-to-month,No,1,19.65,19.65,6.298782214522361,3.193764138997532e-05,Low Priority
9534-NSXEM,0,0.026239024,0.026239024,Low,One year,No,26,20.65,536.9,14.087732240743934,0.0015934966453265494,Low Priority
2408-WITXK,1,0.55381626,0.55381626,Medium,Month-to-month,DSL,10,34.7,347.0,192.1742418408394,0.021305618925049438,Low Priority
8929-KSWIH,0,0.07585078,0.07585078,Low,Two year,Fiber optic,25,99.3,2482.5,188.29955471679568,0.02190472150494995,Loyal / High Value
2250-IVBWA,0,0.13498907,0.13498907,Low,Month-to-month,Fiber optic,64,81.05,5187.2,700.2152930736542,0.08177952674851212,Loyal / High Value
1810-MVMAI,0,0.08683385,0.08683385,Low,Month-to-month,DSL,30,67.6,2027.9999999999998,176.09904688596723,0.0204504138356199,Loyal / High Value
9506-UXUSK,0,0.53576,0.53576,Medium,Month-to-month,Fiber optic,13,70.15,911.95,488.5863187283278,0.056089885479408,Low Priority
1229-RCALF,0,0.17113163,0.17113163,Low,One year,Fiber optic,64,115.0,7360.0,1259.5287656784058,0.14726081806942765,Loyal / High Value
3572-UOLYZ,0,0.24982756,0.24982756,Low,Month-to-month,Fiber optic,46,84.8,3900.7999999999997,974.5273607254028,0.11368044384455464,Loyal / High Value
1429-UYJSV,0,0.052494787,0.052494787,Low,One year,No,12,19.7,236.39999999999998,12.40976757109165,0.0013389517982830606,Low Priority
5577-OTWWW,1,0.10878291,0.10878291,Low,Month-to-month,No,15,19.75,296.25,32.22693703137338,0.00353781628926003,Low Priority
6100-QQHEB,1,0.62260026,0.62260026,High,Month-to-month,Fiber optic,17,92.55,1573.35,979.5681149750948,0.11344983474025187,Priority Retention
6366-XIVKZ,0,0.15861908,0.15861908,Low,Month-to-month,DSL,13,63.15,820.9499999999999,130.21833045333622,0.014914231506034461,Low Priority
3470-OBUET,0,0.021570383,0.021570383,Low,Two year,DSL,67,74.0,4958.0,106.94595712795854,0.012488329183975399,Loyal / High Value
2770-NSVDG,0,0.27624804,0.27624804,Low,Month-to-month,DSL,24,29.1,698.4000000000001,192.93162961006166,0.02200606790359362,Low Priority
9375-MHRRS,0,0.22289258,0.22289258,Low,Month-to-month,DSL,6,50.05,300.29999999999995,66.93464249968528,0.00735468186776238,Low Priority
2634-HCZGT,1,0.09567252,0.09567252,Low,One year,DSL,53,60.05,3182.6499999999996,304.4921394601464,0.03548076426780126,Loyal / High Value
7503-QQRVF,1,0.44398728,0.44398728,Medium,Month-to-month,Fiber optic,16,74.3,1188.8,527.8120786190033,0.0608900409968764,Low Priority
4860-YZGZM,0,0.1362026,0.1362026,Low,Month-to-month,No,10,20.0,200.0,27.2405207157135,0.0028929003854600093,Low Priority
6599-GZWCM,0,0.18215337,0.18215337,Low,One year,Fiber optic,13,74.65,970.45,176.7707417562604,0.02031909442116875,Low Priority
2691-NZETQ,1,0.73845416,0.73845416,High,Month-to-month,Fiber optic,9,85.35,768.15,567.2435653656721,0.06486316427933604,Automated Retention
4404-HIBDJ,1,0.06118564,0.06118564,Low,One year,DSL,25,74.3,1857.5,113.65232509560883,0.013187129017699575,Loyal / High Value
5533-NHFRF,0,0.43004966,0.43004966,Medium,Month-to-month,DSL,7,44.4,310.8,133.65943365097047,0.01471944158898201,Low Priority
7037-MTYVW,0,0.023329547,0.023329547,Low,Two year,DSL,38,85.4,3245.2000000000003,75.70904486998916,0.008822961528565446,Loyal / High Value
4760-THGOT,0,0.3602446,0.3602446,Medium,Month-to-month,Fiber optic,43,94.1,4046.2999999999997,1457.6577329307793,0.17006811871880134,Loyal / High Value
7295-JOMMD,1,0.7145731,0.7145731,High,Month-to-month,Fiber optic,4,98.1,392.4,280.3984786748886,0.031292726072662314,Automated Retention
4016-BJKTZ,0,0.19002093,0.19002093,Low,Two year,Fiber optic,25,108.9,2722.5,517.3319921270013,0.060221258272289024,Loyal / High Value
6584-VQMYT,0,0.038503822,0.038503822,Low,One year,DSL,27,56.2,1517.4,58.425699410587555,0.006763623822924093,Loyal / High Value
9838-BFCQT,0,0.010290351,0.010290351,Low,Two year,No,72,26.1,1879.2,19.33762715756893,0.0022440182580630067,Loyal / High Value
2790-XUYMV,0,0.046248574,0.046248574,Low,One year,Fiber optic,71,85.45,6066.95,280.58778487574307,0.032787686572594434,Loyal / High Value
0581-MDMPW,0,0.4301585,0.4301585,Medium,Month-to-month,Fiber optic,24,88.95,2134.8,918.3023570537567,0.10669253766536713,Loyal / High Value
5013-SBUIH,1,0.20519869,0.20519869,Low,Two year,Fiber optic,50,109.65,5482.5,1125.0018195435405,0.13141692659485069,Loyal / High Value
1023-BQXZE,0,0.023137335,0.023137335,Low,Two year,DSL,57,74.35,4237.95,98.05486773680896,0.01144269104508228,Loyal / High Value
9163-GHAYE,0,0.22391465,0.22391465,Low,Month-to-month,DSL,15,48.85,732.75,164.07346203178167,0.018738731544706566,Low Priority
3904-UKFRE,0,0.52557963,0.52557963,Medium,Month-to-month,Fiber optic,4,80.1,320.4,168.3957138776779,0.018580600244830804,Low Priority
5353-WILCI,0,0.12539947,0.12539947,Low,Month-to-month,DSL,28,56.05,1569.3999999999999,196.80192873477935,0.022792153353876216,Loyal / High Value
0709-TVGUR,1,0.65138346,0.65138346,High,Month-to-month,Fiber optic,9,74.55,670.9499999999999,437.0457321971654,0.04979366597398802,Automated Retention
0058-EVZWM,0,0.21560335,0.21560335,Low,Month-to-month,Fiber optic,55,89.8,4939.0,1064.8649535179138,0.12434494684311292,Loyal / High Value
6023-YEBUP,1,0.85376453,0.85376453,Critical,Month-to-month,Fiber optic,3,100.95,302.85,258.5625891208649,0.028426460038649792,Automated Retention
7209-JCUDS,1,0.72639835,0.72639835,High,Month-to-month,Fiber optic,10,94.9,949.0,689.3520330190659,0.0792028957311363,Automated Retention
7009-PCARS,0,0.025918901,0.025918901,Low,One year,No,55,19.1,1050.5,27.227805465459824,0.0031344394841624755,Low Priority
0519-DRGTI,0,0.060960516,0.060960516,Low,Month-to-month,No,20,20.35,407.0,24.810930147767067,0.0027739207193238653,Low Priority
1017-FBQMM,0,0.14504325,0.14504325,Low,One year,Fiber optic,62,106.05,6575.099999999999,953.6738987088203,0.11146697833077716,Loyal / High Value
3001-CBHLQ,1,0.544533,0.544533,Medium,Month-to-month,Fiber optic,32,104.9,3356.8,1827.888422393799,0.21305926501840372,Loyal / High Value
1985-MBRYP,0,0.018876301,0.018876301,Low,Two year,No,43,19.65,844.9499999999999,15.949530635308474,0.001827955759349712,Low Priority
6158-DWPZT,1,0.1456388,0.1456388,Low,One year,DSL,9,24.1,216.9,31.589054355025294,0.003381827296668192,Low Priority
9372-TXXPS,0,0.013891571,0.013891571,Low,Two year,DSL,60,59.85,3591.0,49.88463218417019,0.005816704642440004,Loyal / High Value
3259-QMXUN,0,0.046962712,0.046962712,Low,Two year,DSL,58,86.1,4993.799999999999,234.52239098623392,0.02738647458755913,Loyal / High Value
1015-JPFYW,0,0.053146113,0.053146113,Low,One year,No,7,19.45,136.15,7.235843245498836,0.0007310456121701954,Low Priority
6645-MXQJT,0,0.59183043,0.59183043,Medium,Month-to-month,Fiber optic,2,97.1,194.2,114.93346997499465,0.012167931574173911,Low Priority
4360-QRAVE,0,0.2975187,0.2975187,Low,Month-to-month,DSL,37,36.65,1356.05,403.4502336248755,0.046635512244242776,Low Priority
8433-WPJTV,0,0.17831577,0.17831577,Low,One year,Fiber optic,65,103.9,6753.5,1204.2555770501494,0.1407660400068397,Loyal / High Value
5804-JMYIO,0,0.016517848,0.016517848,Low,Two year,No,39,19.75,770.25,12.722872249782085,0.0014549344419994281,Low Priority
3763-GCZHZ,1,0.3366172,0.3366172,Medium,One year,Fiber optic,66,104.05,6867.3,2311.6513083189725,0.27022258356731976,Loyal / High Value
6484-LATFU,0,0.014504922,0.014504922,Low,Two year,No,68,24.55,1669.4,24.214516156725587,0.002806384052679715,Loyal / High Value
7599-NTMDP,0,0.015046346,0.015046346,Low,Two year,DSL,62,48.7,3019.4,45.43093711640686,0.005292111990292328,Loyal / High Value
0772-GYEQQ,1,0.67359775,0.67359775,High,Month-to-month,Fiber optic,3,88.35,265.04999999999995,178.5370844453573,0.019443155322587204,Automated Retention
0536-ACXIP,0,0.040434178,0.040434178,Low,Two year,Fiber optic,72,109.55,7887.599999999999,318.92862211614846,0.03729469002841427,Loyal / High Value
0936-NQLJU,0,0.015872205,0.015872205,Low,Two year,No,41,20.65,846.65,13.438202089164406,0.0015402059078735138,Low Priority
4831-EOBFE,1,0.29769036,0.29769036,Low,Month-to-month,Fiber optic,29,94.65,2744.8500000000004,817.1153894171119,0.09512364152949569,Loyal / High Value
1575-KRZZE,0,0.27494147,0.27494147,Low,Month-to-month,DSL,4,55.2,220.8,60.707077503204346,0.006510007711489308,Low Priority
3251-YMVWZ,0,0.03149888,0.03149888,Low,One year,No,53,24.05,1274.65,40.15004636496306,0.0046368468018697226,Low Priority
4102-OQUPX,1,0.8540666,0.8540666,Critical,Month-to-month,Fiber optic,1,74.4,74.4,63.542555809021,0.0055661693002975535,Automated Retention
9170-GYZJC,1,0.10287809,0.10287809,Low,Month-to-month,DSL,41,79.9,3275.9,337.01834721565245,0.039277503640018537,Loyal / High Value
4884-LEVMQ,0,0.015254078,0.015254078,Low,Two year,No,39,20.45,797.55,12.165890254173426,0.0013924317305460633,Low Priority
8857-CUPFQ,0,0.01624656,0.01624656,Low,Two year,No,63,19.25,1212.75,19.703014546539634,0.0022737222472208377,Low Priority
7610-TVOPG,0,0.20466486,0.20466486,Low,Month-to-month,No,15,26.35,395.25,80.89378441125154,0.009031095873356277,Low Priority
3638-DIMPH,0,0.15026547,0.15026547,Low,One year,DSL,13,43.8,569.4,85.56115870177746,0.009698069188743828,Low Priority
1845-ZLLIG,0,0.54048187,0.54048187,Medium,Month-to-month,DSL,1,50.15,50.15,27.105165550112723,0.0019861340116840817,Low Priority
8559-WNQZS,0,0.059847448,0.059847448,Low,Two year,No,1,20.45,20.45,1.2238803120329975,1.1574958884440189e-05,Low Priority
3999-QGRJH,1,0.57458305,0.57458305,Medium,Month-to-month,Fiber optic,8,69.7,557.6,320.3875106811524,0.0362886052693269,Low Priority
1699-UOTXU,0,0.027627613,0.027627613,Low,Two year,DSL,60,61.4,3684.0,101.78012774884701,0.01186945899955604,Loyal / High Value
2454-RPBRZ,1,0.7849875,0.7849875,High,Month-to-month,Fiber optic,12,98.1,1177.1999999999998,924.0872958898543,0.10658870155616351,Automated Retention
0635-WKOLD,0,0.057857156,0.057857156,Low,One year,DSL,40,70.75,2830.0,163.73575091362,0.019065083034576904,Loyal / High Value
5993-JSUWV,0,0.016847355,0.016847355,Low,Two year,DSL,66,61.15,4035.9,67.99424121994525,0.007932941548723484,Loyal / High Value
4518-FZBSX,0,0.022494806,0.022494806,Low,One year,No,42,20.25,850.5,19.13183248322457,0.0021930009999603455,Low Priority
5387-ASZNZ,0,0.050747544,0.050747544,Low,One year,DSL,66,63.85,4214.1,213.85522337257865,0.024955594705715383,Loyal / High Value
6988-CJEYV,0,0.4264384,0.4264384,Medium,Month-to-month,Fiber optic,49,98.7,4836.3,2062.383991402388,0.2408063284939592,Loyal / High Value
2002-MZHWP,1,0.3288153,0.3288153,Medium,Month-to-month,No,1,20.5,20.5,6.740713879466057,6.552255591580226e-05,Low Priority
3097-FQTVJ,0,0.01581212,0.01581212,Low,Two year,No,41,20.0,820.0,12.965937964618206,0.0014849810247796475,Low Priority
5465-BUBFA,0,0.019657705,0.019657705,Low,Two year,No,41,19.3,791.3000000000001,15.555141950026156,0.001780004817190729,Low Priority
7299-GNVPL,0,0.17344256,0.17344256,Low,Month-to-month,Fiber optic,23,84.4,1941.2,336.6866925299168,0.03908312692819058,Loyal / High Value
9743-DQKQW,0,0.5522312,0.5522312,Medium,Month-to-month,DSL,3,25.1,75.30000000000001,41.58300880193711,0.003657288820009794,Low Priority
1215-VFYVK,0,0.31578285,0.31578285,Medium,Month-to-month,DSL,4,48.25,193.0,60.94608908891678,0.006448022740357188,Low Priority
9371-BITHB,0,0.016141957,0.016141957,Low,Two year,No,52,19.85,1032.2,16.66172767691314,0.0019174628295524875,Low Priority
2265-CYWIV,1,0.7835257,0.7835257,High,Month-to-month,Fiber optic,4,99.6,398.4,312.1566410064697,0.034863367140158974,Automated Retention
9093-FPDLG,0,0.5421979,0.5421979,Medium,Month-to-month,Fiber optic,11,94.2,1036.2,561.8254464983941,0.06466055493899646,Low Priority
0541-FITGH,0,0.39540735,0.39540735,Medium,Month-to-month,DSL,2,62.15,124.3,49.149133464694025,0.0048897547010871715,Low Priority
6985-HAYWX,0,0.25978282,0.25978282,Low,Month-to-month,Fiber optic,26,79.3,2061.7999999999997,535.6202202141284,0.062211213332292764,Loyal / High Value
7508-KBIMB,0,0.051179297,0.051179297,Low,One year,DSL,24,56.25,1350.0,69.09205131232738,0.007985966865585338,Low Priority
6838-HVLXG,0,0.099709876,0.099709876,Low,Month-to-month,No,12,20.3,243.60000000000002,24.289325764775278,0.002627388889980289,Low Priority
2277-DJJDL,0,0.3310149,0.3310149,Medium,Month-to-month,Fiber optic,60,99.0,5940.0,1966.2285143136978,0.22974557320979286,Loyal / High Value
1897-OKVMW,0,0.016120004,0.016120004,Low,Two year,DSL,64,90.6,5798.4,93.47022850513457,0.010920758209706876,Loyal / High Value
5485-ITNPC,0,0.017650522,0.017650522,Low,Two year,DSL,66,85.9,5669.400000000001,100.06787108033896,0.011690740020308486,Loyal / High Value
0233-FTHAV,0,0.06889034,0.06889034,Low,One year,Fiber optic,60,79.2,4752.0,327.3668986558914,0.038221089676964325,Loyal / High Value
4644-PIZRT,0,0.08433625,0.08433625,Low,One year,DSL,17,70.35,1195.9499999999998,100.86193940788506,0.011636864437441503,Low Priority
8922-NPKBJ,0,0.021086622,0.021086622,Low,Two year,No,42,19.35,812.7,17.137097723409536,0.001962287747240028,Low Priority
2740-TVLFN,0,0.65776217,0.65776217,High,Month-to-month,DSL,1,50.15,50.15,32.98677281737327,0.002417109436470811,Automated Retention
7771-CFQRQ,0,0.020079264,0.020079264,Low,Two year,DSL,47,63.8,2998.6,60.209682281687854,0.007013338347552839,Loyal / High Value
9512-PHSMG,0,0.10148335,0.10148335,Low,Month-to-month,No,10,20.55,205.5,20.85482893511653,0.002220899979891332,Low Priority
6963-EZQEE,0,0.03443842,0.03443842,Low,Two year,DSL,70,88.55,6198.5,213.46654690988362,0.024945975315576487,Loyal / High Value
2452-KDRRH,0,0.39840168,0.39840168,Medium,Month-to-month,Fiber optic,67,101.4,6793.8,2706.6613173365595,0.3163882414897693,Loyal / High Value
2004-OCQXK,1,0.83416414,0.83416414,Critical,Month-to-month,Fiber optic,1,81.95,81.95,68.35975148677826,0.00617468417171509,Automated Retention
5027-QPKTE,1,0.59779793,0.59779793,Medium,Month-to-month,Fiber optic,7,69.35,485.44999999999993,290.2010052353143,0.03269908150632858,Low Priority
4146-SVFUD,0,0.5055813,0.5055813,Medium,Month-to-month,DSL,1,44.6,44.6,22.548926842212676,0.0015289757641092424,Low Priority
1564-HJUVY,0,0.29856545,0.29856545,Low,Month-to-month,DSL,4,63.75,255.0,76.13418906927109,0.008266264846616906,Low Priority
3617-XLSGQ,0,0.09803507,0.09803507,Low,Two year,Fiber optic,66,109.25,7210.5,706.8818529099226,0.08264239422874965,Loyal / High Value
7517-LDMPS,0,0.59446895,0.59446895,Medium,Month-to-month,Fiber optic,12,84.6,1015.1999999999999,603.504879283905,0.06943089635700367,Low Priority
7244-KXYZN,0,0.026328307,0.026328307,Low,One year,No,24,20.45,490.79999999999995,12.92193290144205,0.0014566486234659994,Low Priority
5226-NOZFC,0,0.4576096,0.4576096,Medium,Month-to-month,Fiber optic,26,85.75,2229.5,1020.2405895292759,0.11858091817851564,Loyal / High Value
2672-HUYVI,1,0.7473493,0.7473493,High,Month-to-month,Fiber optic,6,91.1,546.5999999999999,408.50113931894293,0.046236282359845005,Automated Retention
1400-WIVLL,0,0.21275893,0.21275893,Low,Two year,Fiber optic,57,107.95,6153.150000000001,1309.137601129711,0.1529840741364882,Loyal / High Value
7508-MYBOG,1,0.6765178,0.6765178,High,Month-to-month,Fiber optic,14,86.1,1205.3999999999999,815.4745375514029,0.0940964932484302,Automated Retention
8148-NLEGT,0,0.02391396,0.02391396,Low,Two year,No,42,22.95,963.9,23.050666915252805,0.0026492268907375048,Low Priority
0148-DCDOS,1,0.50512344,0.50512344,Medium,Month-to-month,Fiber optic,25,94.7,2367.5,1195.8797357976437,0.13906407248597683,Loyal / High Value
8347-GDTMP,0,0.015214512,0.015214512,Low,Two year,No,64,19.45,1244.8,18.939024692773817,0.002186444095183591,Low Priority
9992-RRAMN,1,0.5724246,0.5724246,Medium,Month-to-month,Fiber optic,22,85.1,1872.1999999999998,1071.6933184981344,0.12435902759225985,Loyal / High Value
6746-WAUWT,0,0.037237465,0.037237465,Low,One year,No,19,19.7,374.3,13.937983292341233,0.0015517065527905491,Low Priority
0310-MVLET,1,0.35923934,0.35923934,Medium,Month-to-month,Fiber optic,61,99.15,6048.150000000001,2172.733413183689,0.2538892199919019,Loyal / High Value
0428-IKYCP,0,0.37684163,0.37684163,Medium,Month-to-month,Fiber optic,22,87.0,1914.0,721.2748884558678,0.08371510054002287,Loyal / High Value
4550-VBOFE,1,0.48037946,0.48037946,Medium,Month-to-month,Fiber optic,70,102.95,7206.5,3461.8545946478844,0.4047289315404319,Loyal / High Value
2187-PKZAY,0,0.5071686,0.5071686,Medium,Month-to-month,Fiber optic,12,79.95,959.4000000000001,486.57754622697837,0.055917429753816056,Low Priority
4003-OCTMP,0,0.076793686,0.076793686,Low,One year,DSL,31,64.0,1984.0,152.3586721420288,0.017689768245215936,Loyal / High Value
6652-YFFJO,0,0.3769933,0.3769933,Medium,Month-to-month,DSL,11,64.9,713.9000000000001,269.1355158209801,0.03071643400794791,Low Priority
7225-IILWY,0,0.012556337,0.012556337,Low,Two year,No,68,25.75,1751.0,21.98614577203989,0.0025494756470158396,Loyal / High Value
5248-RPYWW,0,0.022357902,0.022357902,Low,Two year,DSL,72,90.15,6490.8,145.12066743448378,0.016961311290930713,Loyal / High Value
7923-IYJWY,0,0.12440471,0.12440471,Low,Two year,Fiber optic,67,116.1,7778.7,967.7069449916481,0.11315736782370973,Loyal / High Value
3170-GWYKC,0,0.20927368,0.20927368,Low,Month-to-month,Fiber optic,60,104.95,6297.0,1317.7963695377111,0.15400670765356256,Loyal / High Value
5696-QURRL,1,0.5653332,0.5653332,Medium,Month-to-month,DSL,1,45.05,45.05,25.468260100483892,0.0017394969258694966,Low Priority
7409-KIUTL,1,0.8066726,0.8066726,Critical,Month-to-month,Fiber optic,1,71.0,71.0,57.27375268936157,0.004935801331029293,Automated Retention
9830-ECLEN,0,0.049346775,0.049346775,Low,One year,DSL,58,50.0,2900.0,143.10564696788788,0.016665642301357066,Loyal / High Value
1732-VHUBQ,1,0.2868043,0.2868043,Low,Month-to-month,Fiber optic,47,70.55,3315.85,951.0000004395843,0.11084115714242083,Loyal / High Value
0495-RVCBF,1,0.84535515,0.84535515,Critical,Month-to-month,Fiber optic,1,79.7,79.7,67.37480570077896,0.006034570614075804,Automated Retention
2668-TZSPS,0,0.30868435,0.30868435,Medium,Month-to-month,No,1,20.45,20.45,6.312594938278198,5.970193829110749e-05,Low Priority
7854-EDSSA,1,0.17278491,0.17278491,Low,Month-to-month,DSL,22,59.0,1298.0,224.27481266856194,0.025908014859336262,Low Priority
8869-TORSS,1,0.047429632,0.047429632,Low,One year,DSL,48,60.35,2896.8,137.3941591233015,0.016000384709567935,Loyal / High Value
7446-SFAOA,0,0.029612523,0.029612523,Low,One year,No,37,19.85,734.45,21.748917203210297,0.002484082166500779,Low Priority
9522-ZSINC,0,0.07125579,0.07125579,Low,One year,No,13,19.95,259.34999999999997,18.480188671499487,0.0020091639925458164,Low Priority
8234-GSZYK,0,0.022920609,0.022920609,Low,Two year,No,43,26.45,1137.35,26.06875410079956,0.003005186452153743,Low Priority
6505-OZNPG,0,0.0499868,0.0499868,Low,Two year,DSL,6,63.4,380.4,19.014978079497812,0.0021187202587153614,Low Priority
6164-HAQTX,0,0.014719345,0.014719345,Low,Two year,DSL,71,53.95,3830.4500000000003,56.38171381242574,0.006576447643066106,Loyal / High Value
0679-IDSTG,1,0.8247201,0.8247201,Critical,Month-to-month,Fiber optic,1,69.25,69.25,57.111865863204,0.004877054607963772,Automated Retention
7765-LWVVH,0,0.05958424,0.05958424,Low,Two year,Fiber optic,72,95.1,6847.2,407.9852174431085,0.04769141899211512,Loyal / High Value
1658-TJVOA,0,0.46942395,0.46942395,Medium,Month-to-month,Fiber optic,6,74.1,444.59999999999997,208.70588804483413,0.023429378960770676,Low Priority
0953-LGOVU,0,0.1307033,0.1307033,Low,Month-to-month,DSL,12,35.5,426.0,55.6796059012413,0.006238557747652543,Low Priority
2115-BFTIW,1,0.22630562,0.22630562,Low,Month-to-month,Fiber optic,25,70.95,1773.75,401.40959149226546,0.04655324524771198,Loyal / High Value
4692-NNQRU,0,0.15640719,0.15640719,Low,One year,Fiber optic,21,79.2,1663.2,260.13644231557845,0.030147691661127286,Loyal / High Value
7742-MYPGI,0,0.23891403,0.23891403,Low,Month-to-month,DSL,6,48.8,292.79999999999995,69.95402734279631,0.007673298436323904,Low Priority
0611-DFXKO,1,0.41044968,0.41044968,Medium,Month-to-month,Fiber optic,20,89.0,1780.0,730.6004369258881,0.08473415028049547,Loyal / High Value
7780-OTDSO,1,0.6404162,0.6404162,High,Month-to-month,Fiber optic,18,99.4,1789.2,1145.8326738595963,0.13289957441003897,Priority Retention
9619-GSATL,0,0.07350323,0.07350323,Low,One year,DSL,43,55.45,2384.35,175.25743477754295,0.020381139111483294,Loyal / High Value
5622-UEJFI,0,0.021073673,0.021073673,Low,Two year,No,35,25.4,889.0,18.734495226293802,0.002149558113206706,Low Priority
9747-DDZOS,1,0.73576367,0.73576367,High,Month-to-month,Fiber optic,1,73.5,73.5,54.07862967252731,0.004717539466319456,Automated Retention
0674-DGMAQ,0,0.5364297,0.5364297,Medium,Month-to-month,Fiber optic,32,93.5,2992.0,1604.9976720809937,0.18695058065221348,Loyal / High Value
6203-HBZPA,0,0.022002196,0.022002196,Low,Two year,DSL,52,63.9,3322.7999999999997,73.10889666751027,0.00852110551667399,Loyal / High Value
0484-FFVBJ,0,0.10990934,0.10990934,Low,One year,DSL,32,64.85,2075.2,228.08386390209196,0.02649305704897248,Loyal / High Value
0301-FIDRB,0,0.013008724,0.013008724,Low,Two year,DSL,72,63.8,4593.599999999999,59.75687441378831,0.006975842836085532,Loyal / High Value
4139-JPIAM,0,0.10141861,0.10141861,Low,Month-to-month,DSL,51,44.45,2266.9500000000003,229.91091099567714,0.02672592849602199,Loyal / High Value
2181-TIDSV,0,0.0121587,0.0121587,Low,Two year,No,68,19.95,1356.6,16.49449277948588,0.0019066378955485816,Low Priority
2761-XECQW,0,0.3935491,0.3935491,Medium,Month-to-month,DSL,8,43.35,346.8,136.48283289670945,0.015130826793974357,Low Priority
1936-CZAKF,0,0.037087727,0.037087727,Low,Two year,DSL,49,49.65,2432.85,90.22887745443731,0.010494611330232733,Loyal / High Value
9453-PATOS,0,0.012015262,0.012015262,Low,Two year,DSL,72,85.1,6127.2,73.61991141065955,0.008603012998281317,Loyal / High Value
0564-JJHGS,1,0.7920077,0.7920077,High,Month-to-month,Fiber optic,9,95.5,859.5,680.730605006218,0.0780477377782392,Automated Retention
3348-CFRNX,1,0.34721118,0.34721118,Medium,Month-to-month,Fiber optic,28,92.35,2585.7999999999997,897.8186747193336,0.1044742948817898,Loyal / High Value
4402-FTBXC,0,0.1829386,0.1829386,Low,Month-to-month,Fiber optic,54,89.8,4849.2,887.1058860182762,0.10358057954730793,Loyal / High Value
1428-GTBJJ,1,0.5228434,0.5228434,Medium,Month-to-month,Fiber optic,11,74.55,820.05,428.75774698555466,0.049105435422924185,Low Priority
2931-XIQBR,0,0.16575626,0.16575626,Low,One year,Fiber optic,50,103.05,5152.5,854.0591058880091,0.09974480592257944,Loyal / High Value
0106-UGRDO,0,0.06380936,0.06380936,Low,Two year,Fiber optic,69,116.0,8004.0,510.73009809851646,0.05972553476368461,Loyal / High Value
5542-TBBWB,0,0.81593317,0.81593317,Critical,Month-to-month,Fiber optic,1,69.9,69.9,57.0337284386158,0.004887259105571168,Automated Retention
1930-QPBVZ,0,0.045044493,0.045044493,Low,Two year,Fiber optic,68,95.1,6466.799999999999,291.2937268808484,0.03404525628443373,Loyal / High Value
2606-PKWJB,0,0.04006461,0.04006461,Low,One year,DSL,40,40.25,1610.0,64.50402297079563,0.00747266601329559,Loyal / High Value
5322-ZSMZY,0,0.018839052,0.018839052,Low,Two year,No,31,25.75,798.25,15.038273216690868,0.0017212231620507446,Low Priority
8059-UDZFY,0,0.44020593,0.44020593,Medium,Month-to-month,Fiber optic,33,105.35,3476.5499999999997,1530.3979317247865,0.17841828350167765,Loyal / High Value
7740-BTPUX,0,0.20345351,0.20345351,Low,Two year,Fiber optic,55,113.6,6248.0,1271.177536725998,0.14855502282436278,Loyal / High Value
5220-AGAAX,0,0.012138596,0.012138596,Low,Two year,No,68,24.0,1632.0,19.810188353061676,0.0022953374381019928,Loyal / High Value
0208-BPQEJ,0,0.117579065,0.117579065,Low,Month-to-month,No,12,19.4,232.79999999999998,27.372406393289562,0.00294939984601698,Low Priority
9435-JMLSX,0,0.012977403,0.012977403,Low,Two year,DSL,71,86.1,6113.099999999999,79.33216018415987,0.009270464297426291,Loyal / High Value
3352-ALMCK,0,0.46830872,0.46830872,Medium,Month-to-month,Fiber optic,40,102.65,4106.0,1922.8755920529366,0.22436133113431908,Loyal / High Value
5312-IRCFR,0,0.1570822,0.1570822,Low,One year,Fiber optic,64,92.85,5942.4,933.4452655792236,0.10906931266624588,Loyal / High Value
5294-IMHHT,0,0.13606586,0.13606586,Low,One year,Fiber optic,53,97.75,5180.75,704.923181515187,0.08232899749501686,Loyal / High Value
8802-UNOJF,1,0.46620432,0.46620432,Medium,Month-to-month,Fiber optic,12,83.8,1005.5999999999999,468.8150595903396,0.05392563982328032,Low Priority
6313-GIDIT,1,0.4028026,0.4028026,Medium,Month-to-month,DSL,53,54.45,2885.8500000000004,1162.4278444111349,0.13536843067609383,Loyal / High Value
6176-YJWAS,0,0.03598033,0.03598033,Low,Two year,Fiber optic,72,97.95,7052.400000000001,253.74767165780068,0.02966420216079234,Loyal / High Value
5310-NOOVA,0,0.025056614,0.025056614,Low,Two year,No,46,19.95,917.6999999999999,22.994454309158026,0.00264011979244481,Low Priority
4526-EXKKN,0,0.021522513,0.021522513,Low,Two year,No,40,24.6,984.0,21.178152456879616,0.0024350067070145255,Low Priority
5311-IHLEI,0,0.19926172,0.19926172,Low,Month-to-month,DSL,12,50.95,611.4000000000001,121.82861863374711,0.01384125307163214,Low Priority
3987-KQDDU,0,0.3620367,0.3620367,Medium,Month-to-month,Fiber optic,9,75.6,680.4,246.32977409362792,0.02807617733018879,Low Priority
3404-JNXAX,0,0.3267904,0.3267904,Medium,Month-to-month,Fiber optic,51,80.75,4118.25,1345.804533496499,0.15703076637746166,Loyal / High Value
5131-PONJI,0,0.2450166,0.2450166,Low,Month-to-month,Fiber optic,49,90.4,4429.6,1085.3255520105363,0.1266784555329721,Loyal / High Value
2845-AFFTX,1,0.627773,0.627773,High,Month-to-month,Fiber optic,41,99.8,4091.7999999999997,2568.7215077519413,0.29971391780739287,Priority Retention
3489-VSFRD,0,0.040751398,0.040751398,Low,One year,DSL,56,60.25,3374.0,137.49521553516388,0.01602694688438922,Loyal / High Value
3345-JHUEO,0,0.17988375,0.17988375,Low,Month-to-month,No,4,20.2,80.8,14.534606862068175,0.0013072946823613587,Low Priority
5815-HGGHV,0,0.07116332,0.07116332,Low,One year,DSL,20,64.15,1283.0,91.30253834277391,0.010545370867475866,Low Priority
5260-UMPWX,0,0.06469452,0.06469452,Low,Month-to-month,No,26,20.25,526.5,34.06166286394,0.003850033518890392,Low Priority
2249-YPRNG,1,0.52143097,0.52143097,Medium,Month-to-month,Fiber optic,20,105.85,2117.0,1103.8693618774414,0.12824297398440565,Loyal / High Value
7410-YTJIK,1,0.5808982,0.5808982,Medium,Month-to-month,Fiber optic,7,75.45,528.15,306.8013976961374,0.034682167931868554,Low Priority
4626-GYCZP,1,0.81783473,0.81783473,Critical,Month-to-month,Fiber optic,7,93.85,656.9499999999999,537.2765291035175,0.06117559500270581,Automated Retention
5649-RXQTV,0,0.45388287,0.45388287,Medium,Month-to-month,Fiber optic,51,99.0,5049.0,2291.654626071453,0.2676202208432526,Loyal / High Value
2674-MIAHT,0,0.71671414,0.71671414,High,Month-to-month,Fiber optic,4,80.3,321.2,230.20858297348022,0.025404908696422875,Automated Retention
2576-HXMPA,0,0.27180114,0.27180114,Low,Month-to-month,No,1,19.55,19.55,5.31371236294508,2.3894746098262154e-05,Low Priority
7587-AOVVU,0,0.3062557,0.3062557,Medium,Month-to-month,Fiber optic,27,100.75,2720.25,833.0920630395412,0.09697750092757233,Loyal / High Value
5590-BYNII,1,0.61373144,0.61373144,High,Month-to-month,Fiber optic,22,100.75,2216.5,1360.3357453644276,0.15810174350846842,Priority Retention
6898-MDLZW,0,0.163627,0.163627,Low,Month-to-month,DSL,12,53.75,645.0,105.53941413760185,0.012010411965812363,Low Priority
3237-AJGEH,1,0.38755208,0.38755208,Medium,Month-to-month,DSL,3,31.0,93.0,36.04234367609024,0.003370729149986458,Low Priority
4707-YNOQA,0,0.034782883,0.034782883,Low,One year,No,34,25.6,870.4000000000001,30.275021171569826,0.00347209102767593,Low Priority
9357-UJRUN,0,0.08361945,0.08361945,Low,One year,DSL,24,58.35,1400.4,117.10068199932576,0.013541897538761536,Loyal / High Value
1591-NFNLQ,1,0.24387616,0.24387616,Low,Month-to-month,Fiber optic,51,80.0,4080.0,995.0147294998169,0.11609502270571825,Loyal / High Value
8648-PFRMP,0,0.55167186,0.55167186,Medium,Month-to-month,DSL,14,46.35,648.9,357.97987164258956,0.040745550523451274,Low Priority
7663-CUXZB,0,0.107703246,0.107703246,Low,Two year,Fiber optic,59,113.75,6711.25,722.8234109003097,0.08448970717744236,Loyal / High Value
0258-NOKBL,0,0.62307286,0.62307286,High,Month-to-month,Fiber optic,3,90.4,271.20000000000005,168.97736034393313,0.018433935498708368,Automated Retention
1163-VIPRI,0,0.09480282,0.09480282,Low,Two year,Fiber optic,65,109.3,7104.5,673.5266289524734,0.07873972430040979,Loyal / High Value
2815-CPTUL,1,0.59567994,0.59567994,Medium,Month-to-month,Fiber optic,5,70.25,351.25,209.2325785011053,0.02321288865010707,Low Priority
9348-ROUAI,0,0.020832557,0.020832557,Low,Two year,DSL,59,90.3,5327.7,110.98961516059934,0.012963939783928756,Loyal / High Value
9443-JUBUO,0,0.0138938045,0.0138938045,Low,Two year,DSL,72,65.25,4698.0,65.27309360168874,0.007620485989877845,Loyal / High Value
0596-BQCEQ,1,0.3358675,0.3358675,Medium,Month-to-month,Fiber optic,62,100.15,6209.3,2085.502032634616,0.24371574031096857,Loyal / High Value
1481-ZUWZA,1,0.33858177,0.33858177,Medium,Month-to-month,Fiber optic,28,94.5,2646.0,895.8873651623726,0.10426692937382698,Loyal / High Value
3043-TYBNO,0,0.30470684,0.30470684,Medium,Month-to-month,DSL,3,60.65,181.95,55.44140984863043,0.0058271897534384965,Low Priority
4830-FAXFM,0,0.10157552,0.10157552,Low,Month-to-month,No,19,24.1,457.90000000000003,46.511432263255124,0.005228081913364511,Low Priority
5906-BFOZT,0,0.38397425,0.38397425,Medium,Month-to-month,No,1,19.5,19.5,7.487497955560684,3.15057644753284e-05,Low Priority
2960-NKRSO,0,0.33460027,0.33460027,Medium,Month-to-month,Fiber optic,24,85.95,2062.8,690.2134365320206,0.0801672626898777,Loyal / High Value
8996-ZROXE,0,0.09184327,0.09184327,Low,One year,DSL,57,53.5,3049.5,280.0760511495173,0.03262722684709398,Loyal / High Value
5598-IKHQQ,0,0.013106559,0.013106559,Low,Two year,No,72,25.45,1832.3999999999999,24.01645945049822,0.0027862500156739137,Loyal / High Value
0397-ZXWQF,0,0.012583587,0.012583587,Low,Two year,No,67,20.5,1373.5,17.2835571821779,0.0019981931897724956,Low Priority
5266-PFRQK,0,0.027101777,0.027101777,Low,One year,No,52,20.85,1084.2,29.383747158944608,0.003384545402998204,Low Priority
4674-HGNUA,0,0.016994206,0.016994206,Low,Two year,DSL,71,89.9,6382.900000000001,108.47231897618623,0.012677328851623655,Loyal / High Value
6765-MBQNU,0,0.03691573,0.03691573,Low,One year,No,26,26.0,676.0,24.95503394305706,0.002843799020791816,Low Priority
9786-IJYDL,0,0.08896952,0.08896952,Low,Two year,Fiber optic,35,113.2,3962.0,352.49724309146404,0.041122540333416564,Loyal / High Value
1303-SRDOK,0,0.032179277,0.032179277,Low,Two year,Fiber optic,55,69.05,3797.75,122.20885070879012,0.014254018226492589,Loyal / High Value
3769-MHZNV,0,0.014698544,0.014698544,Low,Two year,No,33,20.1,663.3000000000001,9.749543960485608,0.0011104195589215907,Low Priority
6295-OSINB,0,0.058288205,0.058288205,Low,Two year,Fiber optic,72,109.65,7894.8,460.17372411042453,0.05381164500288614,Loyal / High Value
3308-MHOOC,0,0.2691484,0.2691484,Low,Month-to-month,No,1,19.2,19.2,5.167649459838867,1.2619486560699865e-05,Low Priority
2309-OSFEU,1,0.3473111,0.3473111,Medium,Month-to-month,DSL,10,33.9,339.0,117.73846605420113,0.013035565594438983,Low Priority
2207-QPJED,0,0.31276476,0.31276476,Medium,Month-to-month,Fiber optic,37,90.0,3330.0,1041.5066635608673,0.12139285047834113,Loyal / High Value
4177-JPDFU,0,0.16265054,0.16265054,Low,Month-to-month,DSL,12,34.0,408.0,66.3614205121994,0.007420244555436884,Low Priority
2239-CFOUJ,0,0.11716804,0.11716804,Low,One year,No,1,20.4,20.4,2.390227997303009,2.1974500953390972e-05,Low Priority
8046-DNVTL,0,0.017740645,0.017740645,Low,Two year,DSL,62,38.6,2393.2000000000003,42.45691045224667,0.004937568728358604,Loyal / High Value
2209-XADXF,0,0.55749214,0.55749214,Medium,Month-to-month,DSL,1,25.25,25.25,14.076676458120346,0.0004214910309641591,Low Priority
6620-JDYNW,0,0.16792078,0.16792078,Low,Month-to-month,DSL,18,60.6,1090.8,183.16799027323722,0.02110032346560735,Low Priority
1891-FZYSA,1,0.381313,0.381313,Medium,Month-to-month,Fiber optic,69,89.95,6206.55,2366.6381762489677,0.2765694734528982,Loyal / High Value
4770-UEZOX,0,0.641189,0.641189,High,Month-to-month,Fiber optic,2,74.75,149.5,95.85775238275528,0.009823166679336625,Automated Retention
1038-RQOST,0,0.0600802,0.0600802,Low,Month-to-month,No,19,20.6,391.40000000000003,23.515390449762346,0.0026240016271577506,Low Priority
7613-LLQFO,1,0.72651446,0.72651446,High,Month-to-month,Fiber optic,12,84.45,1013.4000000000001,736.2497524023057,0.08469984065308128,Automated Retention
4568-TTZRT,0,0.10321274,0.10321274,Low,Month-to-month,No,9,20.4,183.6,18.949858430027962,0.0019937944231695993,Low Priority
9513-DXHDA,0,0.10056485,0.10056485,Low,One year,DSL,27,81.7,2205.9,221.83600781410934,0.02578129554925443,Loyal / High Value
2640-PMGFL,1,0.3663499,0.3663499,Medium,Month-to-month,Fiber optic,27,79.5,2146.5,786.3700726479292,0.09136847036996183,Loyal / High Value
3801-HMYNL,1,0.77012086,0.77012086,High,Month-to-month,Fiber optic,1,89.15,89.15,68.65627459287644,0.0063505723041224465,Automated Retention
0516-QREYC,0,0.10062354,0.10062354,Low,Month-to-month,No,24,20.3,487.20000000000005,49.02378897070885,0.005524670199713958,Low Priority
9685-WKZGT,1,0.65385175,0.65385175,High,Month-to-month,Fiber optic,14,74.95,1049.3,686.0866386651993,0.07898000583879855,Automated Retention
6022-UGGSO,1,0.42539012,0.42539012,Medium,Month-to-month,Fiber optic,32,74.4,2380.8,1012.7688079833985,0.11777610109318314,Loyal / High Value
8084-OIVBS,0,0.04871229,0.04871229,Low,One year,No,11,20.0,220.0,10.716703981161118,0.0011488316899943825,Low Priority
8896-BQTTI,0,0.3408847,0.3408847,Medium,Month-to-month,No,1,25.0,25.0,8.522117137908936,0.0002477359633113062,Low Priority
3865-QBWSJ,0,0.27865252,0.27865252,Low,Month-to-month,Fiber optic,38,80.45,3057.1,851.8686157971621,0.0992392568970595,Loyal / High Value
3352-RICWQ,0,0.027964532,0.027964532,Low,Two year,No,9,19.75,177.75,4.9706956297159195,0.0005210242897903703,Low Priority
2160-GPFXD,0,0.017542243,0.017542243,Low,Two year,DSL,54,65.65,3545.1000000000004,62.18900567293168,0.0072509390829495705,Loyal / High Value
2065-MMKGR,0,0.11761056,0.11761056,Low,One year,DSL,29,71.0,2059.0,242.16014070808887,0.028126062242284876,Loyal / High Value
5857-TYBCJ,0,0.50857574,0.50857574,Medium,Month-to-month,Fiber optic,44,89.2,3924.8,1996.058054447174,0.23285081003640973,Loyal / High Value
1498-NHTLT,0,0.024159668,0.024159668,Low,Two year,DSL,59,86.75,5118.25,123.65522080985829,0.014441229727495,Loyal / High Value
4484-CGXFK,1,0.52717125,0.52717125,Medium,Month-to-month,DSL,3,55.3,165.89999999999998,87.45771106481551,0.009089798795790126,Low Priority
1402-PTHGN,0,0.056852818,0.056852818,Low,One year,DSL,18,61.5,1107.0,62.93606901168823,0.007251879693597935,Low Priority
4176-RELJR,0,0.022464035,0.022464035,Low,Two year,No,67,25.1,1681.7,37.77776779215783,0.0043786857572996555,Loyal / High Value
6214-EDAKZ,1,0.15945584,0.15945584,Low,Month-to-month,DSL,22,55.15,1213.3,193.4677655994892,0.022326284213954356,Low Priority
5199-FPUSP,0,0.051451907,0.051451907,Low,One year,DSL,33,34.05,1123.6499999999999,57.81393480822443,0.006663381349031979,Low Priority
6377-KSLXC,0,0.12986197,0.12986197,Low,Month-to-month,No,5,19.95,99.75,12.953731086105108,0.0012322212736222218,Low Priority
1796-JANOW,0,0.16194241,0.16194241,Low,Month-to-month,No,2,19.95,39.9,6.461502058804035,0.00040052803802679144,Low Priority
0238-WHBIQ,0,0.013797706,0.013797706,Low,Two year,DSL,72,89.7,6458.400000000001,89.1111043855548,0.010414913202466866,Loyal / High Value
8735-NBLWT,0,0.09380533,0.09380533,Low,Month-to-month,No,9,20.4,183.6,17.22265822291374,0.0018120684143259212,Low Priority
6651-RLGGM,0,0.012725944,0.012725944,Low,Two year,No,67,26.3,1762.1000000000001,22.42438539285213,0.0026004709362460053,Loyal / High Value
6127-ISGTU,1,0.65829414,0.65829414,High,Month-to-month,Fiber optic,16,84.95,1359.2,894.7533968448639,0.10342946677941714,Automated Retention
1614-JBEBI,0,0.11916981,0.11916981,Low,Month-to-month,No,8,20.7,165.6,19.734520357847213,0.002050605770591744,Low Priority
8740-XLHDR,1,0.32259446,0.32259446,Medium,Month-to-month,DSL,5,43.25,216.25,69.76105280220509,0.007466274015647368,Low Priority
1208-DNHLN,1,0.07891457,0.07891457,Low,One year,DSL,23,48.35,1112.05,87.75694515332579,0.010112686524540046,Low Priority
1761-AEZZR,1,0.848022,0.848022,Critical,Month-to-month,Fiber optic,1,79.55,79.55,67.46014883518218,0.006038697432259912,Automated Retention
3923-CSIHK,1,0.35656178,0.35656178,Medium,Month-to-month,Fiber optic,50,71.05,3552.5,1266.6857233643532,0.14769110581170367,Loyal / High Value
5696-EXCYS,0,0.02194742,0.02194742,Low,Two year,No,17,19.45,330.65,7.25691418191418,0.0008022672894342842,Low Priority
5795-KTGUD,0,0.10450114,0.10450114,Low,Two year,Fiber optic,68,110.8,7534.4,787.3534125566482,0.09206076414413072,Loyal / High Value
7120-RFMVS,1,0.83076286,0.83076286,Critical,Month-to-month,Fiber optic,1,84.5,84.5,70.19946193695068,0.00639782446895608,Automated Retention
7924-GJZFI,0,0.41056192,0.41056192,Medium,Month-to-month,Fiber optic,25,69.3,1732.5,711.2985250353813,0.0824713945229498,Loyal / High Value
4702-HDRKD,0,0.043975256,0.043975256,Low,One year,DSL,67,49.35,3306.4500000000003,145.4019864689559,0.01694664896485226,Loyal / High Value
8512-WIWYV,0,0.024683002,0.024683002,Low,One year,No,32,20.35,651.2,16.07357115149498,0.001829699304517965,Low Priority
5897-ZYEKH,0,0.21624656,0.21624656,Low,One year,Fiber optic,67,105.6,7075.2,1529.9876628398895,0.17886372696781572,Loyal / High Value
5456-ITGIC,0,0.025891714,0.025891714,Low,Two year,DSL,72,64.45,4640.400000000001,120.14790870845319,0.014026296944046548,Loyal / High Value
7317-GGVPB,1,0.18913634,0.18913634,Low,Two year,Fiber optic,71,108.6,7710.599999999999,1458.3546725660563,0.17052687890932453,Loyal / High Value
1406-PUQVY,0,0.55343145,0.55343145,Medium,Month-to-month,DSL,1,49.9,49.9,27.616229420900343,0.0020175025947196355,Low Priority
1322-AGOQM,1,0.1628155,0.1628155,Low,Month-to-month,DSL,46,30.3,1393.8,226.93223877847194,0.026241479211312903,Low Priority
3677-IYRBF,1,0.73420984,0.73420984,High,Month-to-month,DSL,2,30.4,60.8,44.63995800018311,0.0036145926824165124,Automated Retention
5692-FPTAH,1,0.5732597,0.5732597,Medium,Month-to-month,DSL,1,45.4,45.4,26.025990891456605,0.001787404857424981,Low Priority
9114-AAFQH,0,0.11440726,0.11440726,Low,One year,DSL,48,65.65,3151.2000000000003,360.5201693594456,0.04200690557037194,Loyal / High Value
8715-KKTFG,0,0.19580342,0.19580342,Low,One year,Fiber optic,61,103.3,6301.3,1233.8160826042295,0.14419249089596134,Loyal / High Value
1550-LOAHA,1,0.26398462,0.26398462,Low,Month-to-month,Fiber optic,32,84.15,2692.8,710.8577862739563,0.08274274139713275,Loyal / High Value
1728-BQDMA,0,0.5026712,0.5026712,Medium,Month-to-month,DSL,2,44.45,88.9,44.687468093633655,0.00413039781849074,Low Priority
0268-QKIWO,1,0.19323385,0.19323385,Low,Month-to-month,No,3,19.75,59.25,11.449105471372604,0.0009162027775872405,Low Priority
0876-WDUUZ,1,0.6199939,0.6199939,High,Month-to-month,Fiber optic,5,85.4,427.0,264.7374060153961,0.029665407002955918,Automated Retention
5117-ZSMHQ,0,0.014918118,0.014918118,Low,Two year,DSL,71,89.9,6382.900000000001,95.22085400326178,0.011128609502640104,Loyal / High Value
5151-HQRDG,0,0.10068272,0.10068272,Low,Month-to-month,DSL,37,55.05,2036.85,205.07559933587908,0.023816434287051096,Loyal / High Value
0960-HUWBM,0,0.10965407,0.10965407,Low,Two year,Fiber optic,65,104.1,6766.5,741.9742575287819,0.08673020923581456,Loyal / High Value
6465-GSRCL,0,0.16624433,0.16624433,Low,One year,Fiber optic,67,106.6,7142.2,1187.350239598751,0.13881105193078785,Loyal / High Value
0617-FHSGK,1,0.24240004,0.24240004,Low,Month-to-month,Fiber optic,49,75.2,3684.8,893.195649933815,0.10416336849105487,Loyal / High Value
0263-FJTQO,0,0.020185573,0.020185573,Low,Two year,DSL,50,70.5,3525.0,71.15414491854608,0.008295979011820982,Loyal / High Value
7319-ZNRTR,0,0.04640831,0.04640831,Low,One year,No,25,19.6,490.00000000000006,22.740072160959247,0.002563249709647755,Low Priority
2858-MOFSQ,1,0.0930638,0.0930638,Low,One year,DSL,17,55.85,949.45,88.35942635983228,0.010152127120583769,Low Priority
7503-EPSZW,0,0.012053933,0.012053933,Low,Two year,No,64,24.05,1539.2,18.55341366529465,0.002148208894996728,Loyal / High Value
7089-XXAYG,0,0.12530015,0.12530015,Low,One year,DSL,25,38.1,952.5,119.34839677065611,0.013713516723762831,Low Priority
8118-LSUEL,1,0.6640385,0.6640385,High,Month-to-month,Fiber optic,23,106.4,2447.2000000000003,1625.0349666118623,0.1890180798950315,Priority Retention
8070-AAWZP,0,0.1789575,0.1789575,Low,Month-to-month,DSL,24,34.25,822.0,147.10307076573372,0.016848587494592244,Low Priority
1666-JXLKU,0,0.6000508,0.6000508,High,Month-to-month,Fiber optic,37,100.05,3701.85,2221.2980798900126,0.25905114458908796,Priority Retention
7855-DIWPO,0,0.4476499,0.4476499,Medium,Month-to-month,Fiber optic,21,68.65,1441.65,645.3544727772475,0.07465991357953441,Loyal / High Value
5133-POWUA,0,0.5709164,0.5709164,Medium,Month-to-month,DSL,1,45.8,45.8,26.14797177314758,0.001806866933730698,Low Priority
5652-MSDEY,0,0.56124973,0.56124973,Medium,Month-to-month,Fiber optic,10,75.75,757.5,425.1466727256775,0.04859752177253131,Low Priority
7005-CCBKV,1,0.67325664,0.67325664,High,Month-to-month,Fiber optic,6,84.4,506.40000000000003,340.9371603012085,0.038479924928578595,Automated Retention
1810-BOHSY,0,0.15317962,0.15317962,Low,One year,Fiber optic,51,96.4,4916.400000000001,753.0922628045083,0.08793751008400592,Loyal / High Value
1784-BXEFA,0,0.108609654,0.108609654,Low,Month-to-month,No,10,20.55,205.5,22.31928389891982,0.0023768546515782287,Low Priority
7351-MHQVU,0,0.22658768,0.22658768,Low,Month-to-month,DSL,6,50.95,305.70000000000005,69.26785468161107,0.0076200307391595095,Low Priority
9224-VTYID,0,0.020269746,0.020269746,Low,Two year,DSL,47,90.5,4253.5,86.21736444439739,0.0100614559757518,Loyal / High Value
9500-IWPXQ,0,0.055952247,0.055952247,Low,One year,DSL,61,79.4,4843.400000000001,270.99911424443127,0.031642349493209154,Loyal / High Value
5762-TJXGK,0,0.03372301,0.03372301,Low,Two year,DSL,52,58.75,3055.0,103.02380047738552,0.012001806059998961,Loyal / High Value
4504-YOULA,0,0.098161295,0.098161295,Low,Month-to-month,DSL,35,59.45,2080.75,204.24911468848586,0.023725112802586573,Loyal / High Value
5569-IDSEY,0,0.21305862,0.21305862,Low,One year,Fiber optic,71,105.7,7504.7,1598.9410307019948,0.18695324557307275,Loyal / High Value
4250-FDVOU,1,0.21301202,0.21301202,Low,Month-to-month,DSL,6,56.25,337.5,71.89155835658312,0.007957489250174709,Low Priority
7284-ZZLOH,0,0.02393363,0.02393363,Low,Two year,DSL,45,53.3,2398.5,57.404812602326274,0.006676066713957834,Loyal / High Value
5277-ZLOOR,1,0.82491326,0.82491326,Critical,Month-to-month,Fiber optic,2,85.55,171.1,141.14265935420988,0.014726449972310639,Automated Retention
2141-RRYGO,1,0.4005656,0.4005656,Medium,Month-to-month,DSL,4,68.65,274.6,109.99531223177911,0.0120105822224782,Low Priority
1777-JYQPJ,0,0.46874732,0.46874732,Medium,Month-to-month,DSL,2,24.3,48.6,22.781119644641876,0.0016373628645643468,Low Priority
6376-GAHQE,1,0.6609754,0.6609754,High,Month-to-month,Fiber optic,4,77.85,311.4,205.82773851156233,0.022669894159656215,Automated Retention
3401-URHDA,0,0.043613415,0.043613415,Low,One year,DSL,51,59.9,3054.9,133.23462212942542,0.015521226782099861,Loyal / High Value
1599-EAHXY,0,0.022958683,0.022958683,Low,One year,No,60,23.95,1437.0,32.99162725545466,0.0038165796157486167,Loyal / High Value
8631-XVRZL,0,0.05047686,0.05047686,Low,One year,No,9,20.15,181.35,9.15397860724479,0.0009617654766563592,Low Priority
5052-PNLOS,1,0.811731,0.811731,Critical,Month-to-month,Fiber optic,3,105.35,316.04999999999995,256.5475765049457,0.028282895028194307,Automated Retention
3853-LYGAM,0,0.40125245,0.40125245,Medium,Month-to-month,Fiber optic,17,95.65,1626.0500000000002,652.4565439790488,0.0755946406069654,Loyal / High Value
6979-ZNSFF,1,0.7664721,0.7664721,High,Month-to-month,Fiber optic,8,87.05,696.4,533.7711712837219,0.060877894760519594,Automated Retention
5751-USDBL,0,0.018156732,0.018156732,Low,Two year,DSL,46,81.0,3726.0,67.6519815735519,0.007889937525943469,Loyal / High Value
5680-LQOGP,0,0.02019305,0.02019305,Low,Two year,DSL,68,82.45,5606.6,113.2143523592502,0.01322612563592318,Loyal / High Value
2386-LAHRK,1,0.5943832,0.5943832,Medium,Month-to-month,DSL,1,53.5,53.5,31.79950013756752,0.002417607880592212,Low Priority
8189-DUKMV,0,0.051854316,0.051854316,Low,One year,No,4,20.5,82.0,4.252053923904896,0.0003841420644663682,Low Priority
6032-IGALN,1,0.6078665,0.6078665,High,Month-to-month,DSL,1,25.1,25.1,15.257449793815614,0.00044888868056019716,Automated Retention
9931-DCEZH,0,0.042491075,0.042491075,Low,One year,DSL,28,54.4,1523.2,64.72240490913391,0.007492916905674008,Loyal / High Value
1898-JSNDC,0,0.06724324,0.06724324,Low,One year,DSL,39,58.6,2285.4,153.6777024641633,0.017865426849401976,Loyal / High Value
0315-LVCRK,0,0.53396946,0.53396946,Medium,Month-to-month,Fiber optic,11,84.8,932.8,498.0867140769958,0.057207437194408725,Low Priority
3911-RSNHI,0,0.01891975,0.01891975,Low,Two year,DSL,71,61.4,4359.4,82.47875459901988,0.00962620303290669,Loyal / High Value
2410-CIYFZ,0,0.13602625,0.13602625,Low,Month-to-month,No,2,20.4,40.8,5.549870932102203,0.0003507803665824787,Low Priority
4248-HCETZ,1,0.33329144,0.33329144,Medium,Month-to-month,Fiber optic,30,79.65,2389.5,796.3998987525702,0.09261698467483699,Loyal / High Value
5505-OVWQW,0,0.03493172,0.03493172,Low,One year,No,17,20.15,342.54999999999995,11.965860447287557,0.0013256217325099274,Low Priority
7271-AJDTL,0,0.3057648,0.3057648,Medium,Month-to-month,Fiber optic,55,94.45,5194.75,1588.3716654479504,0.18551004399312832,Loyal / High Value
1867-TJHTS,0,0.18045944,0.18045944,Low,Month-to-month,Fiber optic,58,79.8,4628.4,835.2384709596633,0.09750631018992391,Loyal / High Value
0516-WJVXC,1,0.32409653,0.32409653,Medium,Month-to-month,DSL,5,54.2,271.0,87.83015981316566,0.009580966925691457,Low Priority
9174-FKWZE,1,0.56100696,0.56100696,Medium,Month-to-month,No,1,19.45,19.45,10.911585435271263,4.274363818858578e-05,Low Priority
6860-YRJZP,0,0.6478899,0.6478899,High,Month-to-month,Fiber optic,9,74.05,666.4499999999999,431.78623193800445,0.049184862808278974,Automated Retention
4429-WYGFR,0,0.089414254,0.089414254,Low,Month-to-month,DSL,26,49.15,1277.8999999999999,114.26247497051953,0.013196442118166075,Low Priority
2817-LVCPP,0,0.019838564,0.019838564,Low,Two year,No,50,19.4,969.9999999999999,19.243407174944874,0.002211932925016962,Low Priority
5038-ETMLM,0,0.022250187,0.022250187,Low,Two year,Fiber optic,72,113.65,8182.8,182.0688273355365,0.021292493884386712,Loyal / High Value
5056-FIMPT,0,0.17487876,0.17487876,Low,One year,Fiber optic,43,106.0,4558.0,797.0973934233189,0.09304783297933229,Loyal / High Value
4521-WFJAI,0,0.020907108,0.020907108,Low,Two year,No,56,25.95,1453.2,30.38220896869898,0.0035152329500158165,Loyal / High Value
6569-KTMDU,0,0.21845788,0.21845788,Low,Month-to-month,No,1,19.1,19.1,4.172545462846756,7.682080280709266e-06,Low Priority
8809-RIHDD,1,0.12622766,0.12622766,Low,Two year,Fiber optic,72,103.4,7444.8,939.7396978139877,0.10987511929962993,Loyal / High Value
8809-XKHMD,0,0.030226767,0.030226767,Low,Two year,Fiber optic,72,100.55,7239.599999999999,218.82970283031463,0.025583908431349344,Loyal / High Value
0396-YCHWO,0,0.5386874,0.5386874,Medium,Month-to-month,Fiber optic,36,95.4,3434.4,1850.0680339336395,0.21567197002341937,Loyal / High Value
0867-LDTTC,0,0.31106362,0.31106362,Medium,Month-to-month,DSL,5,75.15,375.75,116.882154263556,0.0130150691878235,Low Priority
4822-NGOCH,1,0.6806714,0.6806714,High,Month-to-month,Fiber optic,13,84.45,1097.8500000000001,747.2750897616149,0.08609321872149689,Automated Retention
9391-DXGGG,0,0.1462539,0.1462539,Low,One year,Fiber optic,44,89.15,3922.6000000000004,573.6955431967974,0.06692446196320434,Loyal / High Value
9844-FELAJ,0,0.2138033,0.2138033,Low,One year,Fiber optic,70,107.9,7553.0,1614.8563718944788,0.1888171499598539,Loyal / High Value
2122-SZZZD,0,0.026844824,0.026844824,Low,One year,No,44,19.5,858.0,23.0328587628901,0.002640680804190527,Low Priority
5307-DZCVC,1,0.4434764,0.4434764,Medium,Month-to-month,Fiber optic,32,85.95,2750.4,1219.7375145435333,0.14199645513639308,Loyal / High Value
3148-AOIQT,0,0.016407711,0.016407711,Low,Two year,No,69,24.95,1721.55,28.246695614699274,0.0032748301106279598,Loyal / High Value
8679-JOEVF,1,0.28655672,0.28655672,Low,Month-to-month,DSL,16,59.4,950.4,272.3435073852539,0.03129175743570206,Low Priority
8395-ETZKQ,0,0.031131776,0.031131776,Low,One year,No,68,19.5,1326.0,41.28073504194617,0.004770191491491372,Low Priority
6692-YQHXC,0,0.37374285,0.37374285,Medium,Month-to-month,Fiber optic,16,69.95,1119.2,418.2929961919785,0.04820736011787858,Low Priority
3889-VWBID,0,0.01657635,0.01657635,Low,Two year,DSL,68,82.85,5633.799999999999,93.38783913850783,0.010910095152321471,Loyal / High Value
5222-JCXZT,0,0.10820885,0.10820885,Low,Month-to-month,No,4,19.0,76.0,8.223872601985931,0.0007255188275382918,Low Priority
9754-CLVZW,0,0.10510307,0.10510307,Low,Month-to-month,DSL,26,38.85,1010.1,106.16460904106498,0.012212663090966686,Low Priority
1432-FPAXX,1,0.33361584,0.33361584,Medium,Month-to-month,DSL,29,30.6,887.4000000000001,296.0506959557534,0.03396693526977493,Low Priority
2739-CCZMB,0,0.112710066,0.112710066,Low,Month-to-month,No,5,20.35,101.75,11.468249229714274,0.0010958950659095965,Low Priority
7080-TNUWP,0,0.12251529,0.12251529,Low,One year,Fiber optic,70,95.0,6650.0,814.726684987545,0.09522967431512615,Loyal / High Value
0496-AHOOK,0,0.08534748,0.08534748,Low,One year,DSL,24,74.4,1785.6000000000001,152.39646220207214,0.017675348082089214,Loyal / High Value
8336-TAVKX,0,0.019371482,0.019371482,Low,Two year,DSL,72,78.45,5648.400000000001,109.41787673905493,0.012782925366272412,Loyal / High Value
2468-SJFLM,0,0.6249726,0.6249726,High,Month-to-month,Fiber optic,1,74.3,74.3,46.43546283245087,0.004065779526141561,Automated Retention
3181-VTHOE,0,0.07102081,0.07102081,Low,One year,DSL,70,51.05,3573.5,253.79287095367908,0.02959228240949816,Loyal / High Value
7168-HDQHG,0,0.05843642,0.05843642,Low,Month-to-month,No,36,19.2,691.1999999999999,40.39125337600708,0.0046057587072731105,Low Priority
4803-AXVYP,1,0.542625,0.542625,Medium,Month-to-month,Fiber optic,38,99.55,3782.9,2052.696150380373,0.23941471307578271,Loyal / High Value
3884-HCSWG,1,0.5246579,0.5246579,Medium,Month-to-month,Fiber optic,17,70.0,1190.0,624.3429070711136,0.07202730430129409,Low Priority
4567-AKPIA,0,0.22557633,0.22557633,Low,One year,Fiber optic,41,109.1,4473.099999999999,1009.025464953482,0.11777764324127468,Loyal / High Value
5077-DXTCG,1,0.6574358,0.6574358,High,Month-to-month,DSL,1,45.3,45.3,29.78184059858322,0.0020421567929815006,Automated Retention
1142-WACZW,1,0.41656104,0.41656104,Medium,Month-to-month,DSL,2,29.85,59.7,24.86869392693043,0.0019970633000811733,Low Priority
7901-HXJVA,0,0.47076952,0.47076952,Medium,Month-to-month,Fiber optic,14,76.45,1070.3,503.8646221518516,0.05802397729391588,Low Priority
5649-ANRML,1,0.6786879,0.6786879,High,Month-to-month,Fiber optic,2,95.1,190.2,129.08643296957015,0.013635491021676162,Automated Retention
4892-VLANZ,1,0.33537674,0.33537674,Medium,Month-to-month,No,1,19.8,19.8,6.640459442138672,3.931178960778707e-05,Low Priority
5924-IFQTT,0,0.26696005,0.26696005,Low,Month-to-month,DSL,13,72.8,946.4,252.6509957075119,0.029026648851316936,Low Priority
7968-QUXNS,0,0.09417445,0.09417445,Low,Month-to-month,No,6,18.95,113.69999999999999,10.707635206729172,0.001047584807150211,Low Priority
2919-HBCJO,1,0.6250876,0.6250876,High,Month-to-month,Fiber optic,4,76.65,306.6,191.6518639326096,0.021087328476491765,Automated Retention
4236-XPXAV,1,0.6923471,0.6923471,High,Month-to-month,Fiber optic,5,99.15,495.75,343.2310794442892,0.03870674158255754,Automated Retention
8903-WMRNW,0,0.49787387,0.49787387,Medium,Month-to-month,Fiber optic,15,101.75,1526.25,759.8799979314208,0.08797355227026353,Loyal / High Value
2452-SNHFZ,0,0.1957747,0.1957747,Low,Month-to-month,Fiber optic,47,75.45,3546.15,694.2464673623443,0.08094592823085234,Loyal / High Value
3629-WEAAM,0,0.18857004,0.18857004,Low,Month-to-month,DSL,8,64.1,512.8,96.69871522188186,0.010919167118011473,Low Priority
6029-CSMJE,0,0.23843311,0.23843311,Low,Month-to-month,DSL,17,25.65,436.04999999999995,103.96875662729143,0.011661456090807548,Low Priority
7993-NQLJE,0,0.2805336,0.2805336,Low,Month-to-month,Fiber optic,15,75.1,1126.5,316.0211136639118,0.036424779839008846,Low Priority
9909-DFRJA,0,0.14321807,0.14321807,Low,One year,Fiber optic,26,95.85,2492.1,356.9137529164553,0.04152068327965643,Loyal / High Value
9099-FTUHS,0,0.16614276,0.16614276,Low,Month-to-month,DSL,23,54.4,1251.2,207.87782344818115,0.024000649325778764,Low Priority
0581-BXBUB,0,0.5469453,0.5469453,Medium,Month-to-month,Fiber optic,4,72.75,291.0,159.16107469797134,0.0174510624002601,Low Priority
4962-CHQPW,0,0.026120268,0.026120268,Low,One year,No,29,19.85,575.6500000000001,15.036132163926961,0.0017049267546333853,Low Priority
9467-ROOLM,0,0.059610616,0.059610616,Low,Month-to-month,No,25,19.05,476.25,28.389556067995727,0.0031963705550660903,Low Priority
3030-YZADT,1,0.22284688,0.22284688,Low,Month-to-month,DSL,9,44.95,404.55,90.1527055285871,0.01007632972784019,Low Priority
7410-KTVFV,1,0.17559192,0.17559192,Low,Month-to-month,DSL,18,49.55,891.9,156.61042974293233,0.01797042640250257,Low Priority
5150-ITWWB,0,0.8477621,0.8477621,Critical,Month-to-month,Fiber optic,3,94.85,284.54999999999995,241.23070778846736,0.02640809970003093,Automated Retention
2253-KPMNB,0,0.015783288,0.015783288,Low,Two year,DSL,69,46.25,3191.25,50.36841650493443,0.005869243564602931,Loyal / High Value
1345-ZUKID,0,0.03958506,0.03958506,Low,One year,No,14,19.35,270.90000000000003,10.723593125492336,0.0011697526692272362,Low Priority
6429-SHBCB,0,0.17678353,0.17678353,Low,Month-to-month,DSL,19,69.6,1322.3999999999999,233.77854259014129,0.027013200041065957,Low Priority
9281-OFDMF,0,0.38166726,0.38166726,Medium,Month-to-month,Fiber optic,39,90.7,3537.3,1350.071585905552,0.15741000580059927,Loyal / High Value
2603-HVKCG,0,0.51609427,0.51609427,Medium,Month-to-month,Fiber optic,31,101.4,3143.4,1622.2907200455666,0.18902242917983894,Loyal / High Value
1834-WULEG,0,0.023940332,0.023940332,Low,One year,No,24,20.25,486.0,11.635001465678215,0.001311060955045103,Low Priority
9097-ZUBYC,0,0.14968601,0.14968601,Low,Month-to-month,DSL,14,48.8,683.1999999999999,102.26548113822936,0.011657373426343744,Low Priority
5148-ORICT,0,0.015003103,0.015003103,Low,Two year,DSL,64,74.35,4758.4,71.39076451361178,0.008335135289335473,Loyal / High Value
4893-GYUJU,0,0.031561986,0.031561986,Low,One year,No,50,19.35,967.5000000000001,30.536221079528335,0.003509805859670893,Low Priority
4578-PHJYZ,0,0.06415527,0.06415527,Low,One year,DSL,52,68.75,3575.0,229.35510147362947,0.026742894591453403,Loyal / High Value
7272-QDCKA,0,0.3141854,0.3141854,Medium,One year,Fiber optic,28,100.2,2805.6,881.4785883665085,0.10263174027623712,Loyal / High Value
8908-SLFCJ,0,0.02199904,0.02199904,Low,Two year,No,21,20.85,437.85,9.632279934827238,0.0010805863150786183,Low Priority
8393-DLHGA,1,0.50360894,0.50360894,Medium,Month-to-month,Fiber optic,25,95.9,2397.5,1207.4024385213852,0.14041806432989332,Loyal / High Value
9766-HGEDE,0,0.038390454,0.038390454,Low,One year,No,17,19.35,328.95000000000005,12.628539812006059,0.0013956769597002244,Low Priority
6968-MHOMU,0,0.13981904,0.13981904,Low,One year,DSL,58,45.0,2610.0,364.9276967346668,0.04246754252225361,Loyal / High Value
7395-IGJOS,1,0.378532,0.378532,Medium,Month-to-month,Fiber optic,17,81.5,1385.5,524.4560755193233,0.060640903279906316,Low Priority
5044-XDPYX,0,0.01754073,0.01754073,Low,Two year,No,51,25.5,1300.5,22.811720062047243,0.002635262838518701,Low Priority
1814-WFGVS,0,0.012182979,0.012182979,Low,Two year,DSL,72,48.9,3520.7999999999997,42.89383215755224,0.005001030588192084,Loyal / High Value
2834-SPCJV,1,0.29549727,0.29549727,Low,Month-to-month,Fiber optic,52,84.1,4373.2,1292.268654334545,0.1508244216157052,Loyal / High Value
3721-WKIIL,0,0.01826527,0.01826527,Low,Two year,No,27,19.6,529.2,9.665980723500253,0.0010927646348933395,Low Priority
6734-CKRSM,0,0.15790336,0.15790336,Low,Month-to-month,No,3,20.0,60.0,9.474201500415802,0.0007625677939350678,Low Priority
1265-ZFOSD,0,0.01637533,0.01637533,Low,Two year,DSL,64,81.3,5203.2,85.20411365032196,0.00995126798792986,Loyal / High Value
6568-POCUI,0,0.08965369,0.08965369,Low,Two year,Fiber optic,45,95.2,4284.0,384.07642140984535,0.04482264300201867,Loyal / High Value
7890-VYYWG,1,0.6670314,0.6670314,High,Month-to-month,DSL,3,36.45,109.35000000000001,72.93988439440727,0.007079859097912315,Automated Retention
5197-LQXXH,0,0.01919245,0.01919245,Low,Two year,DSL,71,83.3,5914.3,113.50990554764867,0.013262974434121408,Loyal / High Value
9907-SWKKF,1,0.6747885,0.6747885,High,Month-to-month,DSL,1,25.05,25.05,16.90345129966736,0.0004943534284718306,Automated Retention
3457-PQBYH,0,0.014734476,0.014734476,Low,Two year,No,58,20.3,1177.4,17.34837189335376,0.002001050701769228,Low Priority
7682-AZNDK,0,0.39848337,0.39848337,Medium,Month-to-month,Fiber optic,34,89.85,3054.8999999999996,1217.326834103465,0.14181303296451972,Loyal / High Value
0587-DMGBH,1,0.31132296,0.31132296,Medium,Month-to-month,DSL,8,49.85,398.8,124.15559536218643,0.013867067208056688,Low Priority
5384-ZTTWP,0,0.099636726,0.099636726,Low,Month-to-month,No,15,19.8,297.0,29.59210764616728,0.003249125233945693,Low Priority
3745-HRPHI,0,0.017266655,0.017266655,Low,Two year,DSL,66,54.65,3606.9,62.27909914869815,0.007262106858154923,Loyal / High Value
7636-OWBPG,0,0.31454304,0.31454304,Medium,Month-to-month,DSL,12,29.35,352.20000000000005,110.78205819725991,0.012292367905037392,Low Priority
1231-YNDEK,0,0.021954494,0.021954494,Low,Two year,No,58,19.15,1110.6999999999998,24.384856038354332,0.002809934306865144,Low Priority
1407-DIGZV,0,0.031019112,0.031019112,Low,Two year,No,3,19.1,57.300000000000004,1.7773951230570675,0.00013998450577487528,Low Priority
6397-JNZZG,1,0.2890041,0.2890041,Low,Month-to-month,DSL,43,55.55,2388.65,690.3296134829521,0.08028135978982176,Loyal / High Value
0570-BFQHT,0,0.46982664,0.46982664,Medium,Month-to-month,Fiber optic,9,80.55,724.9499999999999,340.600821724534,0.03888879418100628,Low Priority
4393-OBCRR,0,0.059155703,0.059155703,Low,One year,No,3,20.25,60.75,3.5937089323997498,0.00029088307901467943,Low Priority
3523-QRQLL,1,0.11527566,0.11527566,Low,One year,DSL,22,69.5,1529.0,176.25648210197687,0.02040619135866415,Loyal / High Value
8564-LDKFL,0,0.34332484,0.34332484,Medium,One year,Fiber optic,40,106.0,4240.0,1455.6973218917847,0.1698756112737353,Loyal / High Value
3696-DFHHB,0,0.0153641505,0.0153641505,Low,Two year,No,68,25.5,1734.0,26.64143699593842,0.003088966495478323,Loyal / High Value
0895-DQHEW,1,0.55253637,0.55253637,Medium,Month-to-month,Fiber optic,54,104.3,5632.2,3111.9953339338304,0.36356053664296617,Loyal / High Value
4717-GHADL,0,0.024645733,0.024645733,Low,Two year,DSL,50,79.6,3979.9999999999995,98.09001620858906,0.011443487016308774,Loyal / High Value
5501-TVMGM,0,0.6642682,0.6642682,High,Month-to-month,DSL,1,55.25,55.25,36.70081780850887,0.0028381207486263852,Automated Retention
5879-HMFFH,0,0.01385367,0.01385367,Low,Two year,DSL,72,88.05,6339.599999999999,87.82672695256768,0.010264239257634025,Loyal / High Value
6772-WFQRD,0,0.024076108,0.024076108,Low,One year,No,40,20.4,816.0,19.64610403776169,0.0022497975911291153,Low Priority
3810-DVDQQ,0,0.022478832,0.022478832,Low,Two year,Fiber optic,72,117.6,8467.199999999999,190.33276573419568,0.022260662473494355,Loyal / High Value
6972-SNKKW,0,0.11781295,0.11781295,Low,Month-to-month,No,6,20.0,120.0,14.137553572654724,0.0013975372959965167,Low Priority
3694-GLTJM,0,0.15240714,0.15240714,Low,Month-to-month,No,5,19.65,98.25,14.974001459777355,0.0014193486539326992,Low Priority
8550-XSXUQ,0,0.09360048,0.09360048,Low,One year,DSL,48,70.55,3386.3999999999996,316.96867139339446,0.0369477895649523,Loyal / High Value
8149-RSOUN,1,0.89591414,0.89591414,Critical,Month-to-month,Fiber optic,1,93.85,93.85,84.08154179155827,0.007881465211122199,Automated Retention
9055-MOJJJ,0,0.028228173,0.028228173,Low,One year,DSL,64,65.8,4211.2,118.87448227405548,0.01387188116807088,Loyal / High Value
4359-INNWN,0,0.03524876,0.03524876,Low,One year,No,17,20.05,340.85,12.014539891667665,0.0013306291261661674,Low Priority
0585-EGDDA,0,0.39787626,0.39787626,Medium,Month-to-month,Fiber optic,40,80.0,3200.0,1273.2040405273438,0.1483641183877116,Loyal / High Value
4032-RMHCI,0,0.059992813,0.059992813,Low,One year,DSL,41,35.4,1451.3999999999999,87.07356816977261,0.01007428067486205,Loyal / High Value
0549-CYCQN,0,0.10807081,0.10807081,Low,One year,Fiber optic,51,79.6,4059.6,438.7242729395628,0.051187704150989055,Loyal / High Value
3481-JHUZH,0,0.4228031,0.4228031,Medium,Month-to-month,Fiber optic,41,80.25,3290.25,1391.127912685275,0.16213184714125886,Loyal / High Value
7250-EQKIY,1,0.5138979,0.5138979,Medium,Month-to-month,DSL,1,50.45,50.45,25.92614884376526,0.0019065158948894736,Low Priority
3594-IVHJZ,0,0.17101765,0.17101765,Low,Month-to-month,No,2,20.45,40.9,6.994621753692627,0.0004430197386122786,Low Priority
6869-FGJJC,0,0.07306364,0.07306364,Low,One year,Fiber optic,68,79.6,5412.799999999999,395.47888026237484,0.046195761885407347,Loyal / High Value
3896-ZVNET,0,0.019485712,0.019485712,Low,Two year,No,24,24.7,592.8,11.55113010406494,0.0013110463612972124,Low Priority
8205-VSLRB,0,0.023102937,0.023102937,Low,Two year,DSL,70,77.3,5411.0,125.00999354757369,0.014602360550329208,Loyal / High Value
5960-MVTUK,0,0.50363046,0.50363046,Medium,Month-to-month,DSL,3,29.75,89.25,44.949018493294716,0.00415894198451479,Low Priority
6817-WTYHE,0,0.44237077,0.44237077,Medium,Month-to-month,DSL,2,44.9,89.8,39.72489535808563,0.003681583462781863,Low Priority
3082-VQXNH,0,0.4175456,0.4175456,Medium,Month-to-month,DSL,3,29.8,89.4,37.32857546210289,0.0034554011662842094,Low Priority
4013-UBXWQ,1,0.45454353,0.45454353,Medium,Month-to-month,DSL,7,74.65,522.5500000000001,237.52172209322455,0.026839870558835046,Low Priority
4931-TRZWN,0,0.32307017,0.32307017,Medium,Month-to-month,DSL,13,71.95,935.35,302.18368210196496,0.03470906354724489,Low Priority
0750-EKNGL,0,0.10995239,0.10995239,Low,Month-to-month,No,7,20.75,145.25,15.97058467566967,0.001629721462399617,Low Priority
7669-LCRSD,0,0.21539044,0.21539044,Low,Month-to-month,DSL,12,56.3,675.5999999999999,145.51778383255004,0.01658247884108621,Low Priority
3567-PQTSO,0,0.3317249,0.3317249,Medium,One year,Fiber optic,53,105.25,5578.25,1850.4444899633527,0.2161721752648048,Loyal / High Value
5519-NPHVG,1,0.7835626,0.7835626,High,Month-to-month,Fiber optic,12,94.2,1130.4,885.7391637325287,0.1020967960944546,Automated Retention
8043-PNYSD,0,0.014124671,0.014124671,Low,Two year,No,63,19.55,1231.65,17.396651033777744,0.002008053640640147,Low Priority
9938-EKRGF,0,0.16090497,0.16090497,Low,Month-to-month,DSL,15,84.45,1266.75,203.82637549191713,0.023537293931159112,Low Priority
2703-AMTUL,0,0.036449812,0.036449812,Low,One year,DSL,36,53.65,1931.3999999999999,70.39916757792234,0.008171641868165366,Loyal / High Value
0928-JMXNP,0,0.65214115,0.65214115,High,Month-to-month,DSL,4,29.9,119.6,77.99608199596405,0.007705343715337909,Automated Retention
8173-RXAYP,0,0.016884508,0.016884508,Low,Two year,No,24,19.7,472.79999999999995,7.982995198667049,0.0008985332023130207,Low Priority
4825-XJGDM,0,0.044425067,0.044425067,Low,One year,DSL,61,43.7,2665.7000000000003,118.42389993034304,0.013783372641481327,Loyal / High Value
5402-HTOTQ,0,0.24183372,0.24183372,Low,Month-to-month,DSL,16,55.3,884.8,213.97447247505187,0.024548480706394208,Low Priority
6734-JDTTV,0,0.013318529,0.013318529,Low,Two year,No,65,19.85,1290.25,17.18423249712214,0.0019849310935500606,Low Priority
7850-THJMU,0,0.01724184,0.01724184,Low,Two year,No,26,19.65,510.9,8.808855708315969,0.000994550488689748,Low Priority
3890-RTCMS,0,0.17504463,0.17504463,Low,Month-to-month,DSL,16,49.45,791.2,138.4953080892563,0.015848235784004884,Low Priority
8849-GYOKR,1,0.20848686,0.20848686,Low,One year,Fiber optic,54,106.55,5753.7,1199.570817786455,0.1401504202119151,Loyal / High Value
3148-BLQJT,1,0.35794637,0.35794637,Medium,Month-to-month,No,1,20.1,20.1,7.194721958041192,5.4544527838195276e-05,Low Priority
3717-FDJFU,0,0.022960799,0.022960799,Low,Two year,No,5,20.45,102.25,2.3477416788227856,0.00022459661725229764,Low Priority
3665-JATSN,0,0.4328783,0.4328783,Medium,Month-to-month,DSL,19,39.7,754.3000000000001,326.5200908631087,0.037319718104481855,Low Priority
7966-YOTQW,0,0.20734505,0.20734505,Low,Month-to-month,DSL,10,54.5,545.0,113.00305418670177,0.012788935575287702,Low Priority
0461-CVKMU,1,0.28057903,0.28057903,Low,Month-to-month,Fiber optic,23,83.8,1927.3999999999999,540.7880234122276,0.0627711386016702,Loyal / High Value
8806-EAGWC,1,0.4265214,0.4265214,Medium,Month-to-month,DSL,3,55.15,165.45,70.56796408742666,0.007331836311739085,Low Priority
8853-TZDGH,0,0.037959125,0.037959125,Low,Two year,Fiber optic,72,111.6,8035.2,305.0091603398323,0.03566854941764873,Loyal / High Value
7779-LGOVN,1,0.74133533,0.74133533,High,Month-to-month,Fiber optic,10,86.65,866.5,642.3670655190945,0.0736625517242702,Automated Retention
4324-BZCKL,0,0.1859438,0.1859438,Low,Month-to-month,DSL,10,55.55,555.5,103.29177936166525,0.011697772408773408,Low Priority
6924-TDGMT,0,0.04316195,0.04316195,Low,One year,No,11,20.55,226.05,9.75675902478397,0.0010485411601980192,Low Priority
9710-ZUSHQ,1,0.38657323,0.38657323,Medium,Month-to-month,Fiber optic,37,106.75,3949.75,1526.8675964698195,0.17812265798890373,Loyal / High Value
1536-YHDOE,0,0.06474331,0.06474331,Low,One year,DSL,17,62.1,1055.7,68.34951259195805,0.007869038161097146,Low Priority
8123-QBNAZ,0,0.34221122,0.34221122,Medium,Month-to-month,Fiber optic,36,104.5,3762.0,1287.3985971808434,0.15015062667703322,Loyal / High Value
3629-ZNKXA,0,0.6088509,0.6088509,High,Month-to-month,Fiber optic,17,101.8,1730.6,1053.6773612380027,0.12216698288475983,Priority Retention
4827-LTQRJ,0,0.13834919,0.13834919,Low,One year,Fiber optic,66,110.6,7299.599999999999,1009.893749910593,0.11807164116794017,Loyal / High Value
7711-YIJWC,0,0.05717338,0.05717338,Low,One year,DSL,61,84.9,5178.900000000001,296.095211289078,0.03458134280854804,Loyal / High Value
5482-VXSXJ,0,0.40966317,0.40966317,Medium,Month-to-month,Fiber optic,22,93.2,2050.4,839.9733649492264,0.09755622858945937,Loyal / High Value
7365-BVCJH,0,0.71443397,0.71443397,High,Month-to-month,DSL,1,24.4,24.4,17.432188820838928,0.00046896453267724887,Automated Retention
9620-ENEJV,0,0.4924892,0.4924892,Medium,Month-to-month,Fiber optic,6,70.55,423.29999999999995,208.4706736654043,0.023350979570740938,Low Priority
4183-WCSEP,1,0.32773235,0.32773235,Medium,Month-to-month,Fiber optic,31,78.45,2431.9500000000003,797.0286992892624,0.0927029410899398,Loyal / High Value
2378-YIZKA,0,0.017174551,0.017174551,Low,Two year,DSL,68,85.0,5780.0,99.26890630275011,0.011598136808303312,Loyal / High Value
5498-TXHLF,1,0.41831434,0.41831434,Medium,Month-to-month,Fiber optic,34,87.45,2973.3,1243.7740203738213,0.14486938658389084,Loyal / High Value
0689-DSXGL,0,0.14150079,0.14150079,Low,Month-to-month,Fiber optic,52,85.8,4461.599999999999,631.3199065804481,0.07368948000335795,Loyal / High Value
6818-DJXAA,0,0.5529657,0.5529657,Medium,Month-to-month,Fiber optic,10,91.1,911.0,503.75175327062607,0.057829613430566654,Low Priority
9722-UJOJR,1,0.3729319,0.3729319,Medium,Month-to-month,Fiber optic,29,70.75,2051.75,765.1630209833384,0.08886814297023889,Loyal / High Value
0464-WJTKO,0,0.00970678,0.00970678,Low,Two year,No,72,20.1,1447.2,14.047652471065522,0.0016252303311555167,Loyal / High Value
8902-ZEOVF,0,0.023079494,0.023079494,Low,One year,No,47,20.05,942.35,21.74896118445322,0.0024984839995525637,Low Priority
6778-EICRF,0,0.0920825,0.0920825,Low,One year,DSL,24,74.8,1795.1999999999998,165.30650482177734,0.01917378022003603,Loyal / High Value
2662-NNTDK,0,0.027917968,0.027917968,Low,One year,No,65,24.8,1612.0,45.00376459211111,0.0052136753084744475,Loyal / High Value
4132-KALRO,0,0.7958534,0.7958534,High,Month-to-month,Fiber optic,4,100.85,403.4,321.04725203514096,0.03587832996050218,Automated Retention
3902-FOIGH,1,0.75738955,0.75738955,High,Month-to-month,Fiber optic,12,101.35,1216.1999999999998,921.1371651649474,0.1063037136288755,Automated Retention
6772-KSATR,1,0.706864,0.706864,High,Month-to-month,Fiber optic,1,81.7,81.7,57.75078874826431,0.005211663723763272,Automated Retention
7112-OPOTK,1,0.31826916,0.31826916,Medium,Month-to-month,Fiber optic,33,68.25,2252.25,716.8217232003808,0.08332218948436589,Loyal / High Value
2874-YXVVA,0,0.3877663,0.3877663,Medium,Month-to-month,Fiber optic,34,105.1,3573.3999999999996,1385.6441022515296,0.16156626216485948,Loyal / High Value
1245-HARPS,0,0.020698002,0.020698002,Low,Two year,No,14,20.4,285.59999999999997,5.91134925931692,0.0006472977809782648,Low Priority
4210-QFJMF,1,0.69865376,0.69865376,High,Month-to-month,Fiber optic,4,79.15,316.6,221.19377964735034,0.024388021498147203,Automated Retention
4323-ELYYB,0,0.036829237,0.036829237,Low,One year,No,13,20.0,260.0,9.57560159265995,0.001041261714534514,Low Priority
4293-ETKAP,0,0.020954734,0.020954734,Low,Two year,DSL,65,79.4,5161.0,108.1473807003349,0.012630512906332407,Loyal / High Value
6064-PUPMC,0,0.03908283,0.03908283,Low,One year,DSL,23,57.2,1315.6000000000001,51.4173697128892,0.005940853869256027,Low Priority
6504-VBLFL,0,0.03559091,0.03559091,Low,Two year,DSL,55,58.6,3223.0,114.70950106531382,0.013367450296346428,Loyal / High Value
6322-PJJDJ,0,0.16640155,0.16640155,Low,Two year,Fiber optic,49,94.8,4645.2,772.9684808671474,0.09023819998638886,Loyal / High Value
0330-BGYZE,0,0.21677285,0.21677285,Low,One year,Fiber optic,60,102.5,6150.0,1333.1530541181564,0.15579024339562864,Loyal / High Value
1085-LDWAM,0,0.02001746,0.02001746,Low,One year,No,69,20.35,1404.15,28.107516442984345,0.0032505612569390914,Loyal / High Value
7586-ZATGZ,0,0.50518334,0.50518334,Medium,Month-to-month,Fiber optic,40,84.9,3396.0,1715.6026196479797,0.1999841959949999,Loyal / High Value
7197-VOJMM,0,0.01919287,0.01919287,Low,Two year,DSL,67,69.2,4636.400000000001,88.98582574278117,0.010388339245768749,Loyal / High Value
3318-OSATS,1,0.55631435,0.55631435,Medium,Month-to-month,Fiber optic,35,95.45,3340.75,1858.5071620047092,0.21662233358029687,Loyal / High Value
5828-AVIPD,1,0.3944719,0.3944719,Medium,One year,Fiber optic,19,100.95,1918.05,756.6168538346886,0.08781892135449379,Loyal / High Value
1843-TLSGD,0,0.019926405,0.019926405,Low,Two year,No,13,20.85,271.05,5.40105196153745,0.0005891827123293957,Low Priority
9626-VFRGG,0,0.31190315,0.31190315,Medium,Month-to-month,Fiber optic,41,88.5,3628.5,1131.7405757457018,0.13197168001530596,Loyal / High Value
7075-BNDVQ,0,0.35765448,0.35765448,Medium,Month-to-month,DSL,4,35.0,140.0,50.071627497673035,0.005081081586845906,Low Priority
9143-CANJF,0,0.12580103,0.12580103,Low,Month-to-month,DSL,24,55.15,1323.6,166.51023910045623,0.019240573400719576,Low Priority
7284-BUYEC,0,0.46486437,0.46486437,Medium,Month-to-month,DSL,5,50.95,254.75,118.42419907450676,0.012856895730754572,Low Priority
2041-JIJCI,0,0.46519426,0.46519426,Medium,Month-to-month,DSL,5,64.0,320.0,148.86216163635254,0.016424009475831867,Low Priority
1086-LXKFY,1,0.7588142,0.7588142,High,Month-to-month,Fiber optic,1,69.1,69.1,52.43406230211257,0.0044739726003027456,Automated Retention
4900-MSOMT,0,0.012225914,0.012225914,Low,Two year,DSL,72,80.2,5774.400000000001,70.59731673449278,0.00824824990092449,Loyal / High Value
2229-VWQJH,0,0.14888144,0.14888144,Low,Month-to-month,DSL,24,49.3,1183.1999999999998,176.15651435852047,0.020320417218340665,Low Priority
9194-GFVOI,0,0.025667118,0.025667118,Low,Two year,DSL,42,84.35,3542.7,90.93089861478656,0.010602067329110197,Loyal / High Value
1336-EZFZY,0,0.13450126,0.13450126,Low,Month-to-month,No,4,20.05,80.2,10.787001332640648,0.0009680206276789387,Low Priority
4282-MSACW,0,0.30188835,0.30188835,Medium,One year,Fiber optic,68,117.2,7969.6,2405.929367637634,0.2813500875281554,Loyal / High Value
1403-LKLIK,0,0.024056252,0.024056252,Low,One year,No,33,20.1,663.3000000000001,15.95651201270521,0.0018173591608886552,Low Priority
2636-ALXXZ,1,0.8377218,0.8377218,Critical,Month-to-month,Fiber optic,1,69.6,69.6,58.30543899536132,0.004988309814799394,Automated Retention
7774-OJSXI,1,0.4492922,0.4492922,Medium,One year,Fiber optic,31,103.45,3206.9500000000003,1440.857661597431,0.16790263597128263,Loyal / High Value
7786-WBJYI,1,0.64427704,0.64427704,High,Month-to-month,Fiber optic,4,77.95,311.8,200.88557988405228,0.022127387894279777,Automated Retention
0136-IFMYD,0,0.20715462,0.20715462,Low,Two year,Fiber optic,69,109.95,7586.55,1571.5888574279845,0.18376012174533127,Loyal / High Value
5144-TVGLP,0,0.46419638,0.46419638,Medium,Month-to-month,Fiber optic,38,94.75,3600.5,1671.3390804231167,0.19488608735052493,Loyal / High Value
9643-AVVWI,0,0.58105224,0.58105224,Medium,Month-to-month,Fiber optic,3,80.0,240.0,139.4525384902954,0.015065730062424464,Low Priority
0253-ZTEOB,0,0.032822512,0.032822512,Low,Two year,DSL,48,79.65,3823.2000000000003,125.48702822327614,0.014636858237525818,Loyal / High Value
2706-QZIHY,0,0.030512074,0.030512074,Low,Two year,No,15,25.2,378.0,11.53356397524476,0.0012846887874957073,Low Priority
6061-PQHMK,0,0.02765393,0.02765393,Low,One year,No,25,19.9,497.49999999999994,13.757830527611075,0.0015517086260181774,Low Priority
9885-CSMWE,1,0.8327823,0.8327823,Critical,Month-to-month,Fiber optic,1,78.45,78.45,65.33177364170551,0.005822799356817775,Automated Retention
6137-MFAJN,0,0.26064837,0.26064837,Low,Month-to-month,DSL,48,44.8,2150.3999999999996,560.4982543945312,0.06512542960456859,Loyal / High Value
9122-UMROB,0,0.31803015,0.31803015,Medium,Month-to-month,No,1,20.3,20.3,6.456012019515038,5.591771651313704e-05,Low Priority
4232-JGKIY,0,0.24506775,0.24506775,Low,Month-to-month,No,1,19.2,19.2,4.705300712585449,1.1490423173628936e-05,Low Priority
2402-TAIRZ,0,0.15532146,0.15532146,Low,One year,Fiber optic,37,80.05,2961.85,460.0388779781759,0.05358200891504786,Loyal / High Value
9659-ZTWSM,0,0.2576111,0.2576111,Low,One year,Fiber optic,66,107.35,7085.099999999999,1825.2003755986689,0.21337646368572405,Loyal / High Value
9139-TWBAS,0,0.08518457,0.08518457,Low,One year,DSL,26,47.85,1244.1000000000001,105.97811940237881,0.012234697293330177,Low Priority
6685-GBWJZ,0,0.040257346,0.040257346,Low,One year,DSL,63,70.8,4460.4,179.56386558562517,0.02095918833024503,Loyal / High Value
5016-ETTFF,1,0.28167948,0.28167948,Low,Month-to-month,DSL,10,29.5,295.0,83.09544697403908,0.009119452448213852,Low Priority
3866-MDTUB,1,0.48957196,0.48957196,Medium,Month-to-month,DSL,2,70.75,141.5,69.27443216741085,0.0070412696153344684,Low Priority
2195-VVRJF,0,0.21251228,0.21251228,Low,Month-to-month,DSL,18,59.1,1063.8,226.0705682694912,0.02603096133258699,Low Priority
3913-RDSJZ,0,0.0136237955,0.0136237955,Low,Two year,No,64,25.55,1635.2,22.27763035595417,0.0025812902054903135,Loyal / High Value
8058-JMEQO,1,0.74768436,0.74768436,High,Month-to-month,Fiber optic,9,84.45,760.0500000000001,568.2774974763394,0.06496401813540773,Automated Retention
4203-QGNZA,0,0.05657523,0.05657523,Low,Month-to-month,No,28,20.25,567.0,32.07815612107515,0.003635425470449416,Low Priority
5043-TRZWM,0,0.78145814,0.78145814,High,Month-to-month,Fiber optic,1,75.55,75.55,59.039162433147425,0.0051983014595906535,Automated Retention
0697-ZMSWS,1,0.79615164,0.79615164,High,Month-to-month,Fiber optic,4,85.65,342.6,272.7615511894226,0.030217777146760088,Automated Retention
7657-DYEPJ,1,0.08782925,0.08782925,Low,One year,DSL,38,70.15,2665.7000000000003,234.12642403990031,0.02725000400812311,Loyal / High Value
9494-BDNNC,0,0.18843901,0.18843901,Low,One year,Fiber optic,66,95.3,6289.8,1185.243694996834,0.13851521961497168,Loyal / High Value
1640-PLFMP,0,0.81097,0.81097,Critical,Month-to-month,Fiber optic,1,70.25,70.25,56.97064308822155,0.004890801637613027,Automated Retention
5366-OBVMR,0,0.15095103,0.15095103,Low,Month-to-month,DSL,18,50.3,905.4,136.67106063365935,0.015687497809182764,Low Priority
8276-MQBYC,1,0.57811093,0.57811093,Medium,Month-to-month,Fiber optic,51,97.8,4987.8,2883.501713132858,0.3367208865794667,Loyal / High Value
7593-XFKDI,1,0.5257624,0.5257624,Medium,Month-to-month,DSL,1,46.3,46.3,24.342798155546188,0.0016947751110230986,Low Priority
4573-JKNAE,0,0.0337442,0.0337442,Low,Two year,No,12,19.35,232.20000000000002,7.835403487086297,0.0008440796730918314,Low Priority
0337-CNPZE,1,0.5844386,0.5844386,Medium,Month-to-month,Fiber optic,41,106.3,4358.3,2547.1588462531568,0.297281906432811,Loyal / High Value
9817-APLHW,0,0.14749745,0.14749745,Low,Month-to-month,No,12,25.0,300.0,44.24923360347748,0.00486171718292771,Low Priority
8380-MQINP,0,0.015078732,0.015078732,Low,Two year,No,55,20.3,1116.5,16.835404068697244,0.0019401636241820088,Low Priority
0840-DFEZH,0,0.67880166,0.67880166,High,Month-to-month,Fiber optic,7,75.35,527.4499999999999,358.03393333554266,0.04047173459854169,Automated Retention
1513-XNPPH,1,0.5650893,0.5650893,Medium,Month-to-month,Fiber optic,12,89.4,1072.8000000000002,606.2277853488923,0.06981480996622597,Low Priority
8690-ZVLCL,0,0.020548593,0.020548593,Low,Two year,DSL,68,88.0,5984.0,122.96278202533722,0.014368021904560054,Loyal / High Value
6015-VVHHE,1,0.7656163,0.7656163,High,Month-to-month,Fiber optic,5,83.15,415.75,318.30497577786446,0.03562352182350589,Automated Retention
1125-SNVCK,0,0.15207687,0.15207687,Low,Month-to-month,DSL,49,43.8,2146.2,326.3873788297176,0.03792295734127682,Loyal / High Value
0384-LPITE,0,0.13307992,0.13307992,Low,One year,DSL,40,62.05,2482.0,330.30435210466385,0.03842395556069189,Loyal / High Value
4616-EWBNJ,0,0.041300856,0.041300856,Low,One year,No,16,20.1,321.6,13.282355153560639,0.0014659015224954507,Low Priority
6347-DCUIK,1,0.5584693,0.5584693,Medium,Month-to-month,Fiber optic,10,74.15,741.5,414.1049826145172,0.04730937732781849,Low Priority
1335-HQMKX,0,0.19453618,0.19453618,Low,One year,Fiber optic,72,101.35,7297.2,1419.5694076180457,0.16596869460886254,Loyal / High Value
2545-EBUPK,0,0.80097485,0.80097485,Critical,Month-to-month,Fiber optic,2,84.05,168.1,134.64387159347532,0.01401743535385575,Automated Retention
6923-AQONU,0,0.014169555,0.014169555,Low,Two year,No,23,20.9,480.7,6.811305164173246,0.0007671743162994294,Low Priority
2172-EJXVF,0,0.26158142,0.26158142,Low,One year,Fiber optic,71,105.9,7518.900000000001,1966.8045455932618,0.22996610264445458,Loyal / High Value
0897-FEGMU,1,0.82487667,0.82487667,Critical,Month-to-month,Fiber optic,11,99.5,1094.5,902.8275110125542,0.1040087947405355,Automated Retention
7663-RGWBC,1,0.54715127,0.54715127,Medium,Month-to-month,DSL,1,44.15,44.15,24.156728461384773,0.0016258304379042025,Low Priority
1120-BMWUB,1,0.1811725,0.1811725,Low,Month-to-month,DSL,16,53.9,862.4,156.24316833019256,0.017915079383415695,Low Priority
9124-LHCJQ,1,0.85740894,0.85740894,Critical,Month-to-month,Fiber optic,1,85.45,85.45,73.26559399068356,0.006698507349938154,Automated Retention
4536-PLEQY,0,0.5420328,0.5420328,Medium,Month-to-month,Fiber optic,12,85.05,1020.5999999999999,553.1986534953116,0.06364971367028853,Low Priority
7029-IJEJK,0,0.06525496,0.06525496,Low,One year,DSL,54,44.1,2381.4,155.39815337061881,0.018071474140651092,Loyal / High Value
8871-JLMHM,0,0.033030633,0.033030633,Low,Two year,Fiber optic,68,90.2,6133.6,202.59668985307218,0.023674947716014853,Loyal / High Value
2235-ZGKPT,1,0.37388104,0.37388104,Medium,Month-to-month,DSL,4,50.85,203.4,76.04740394353867,0.008090121009221492,Low Priority
3891-PUQOD,1,0.5802489,0.5802489,Medium,Month-to-month,DSL,1,59.2,59.2,34.35073442459107,0.0027478028002173405,Low Priority
5447-VYTKW,0,0.075548016,0.075548016,Low,Month-to-month,DSL,27,53.45,1443.15,109.02711861915887,0.012613327073225709,Loyal / High Value
3623-FQBOX,0,0.07934422,0.07934422,Low,Month-to-month,No,21,19.95,418.95,33.24126116149127,0.003721585453025764,Low Priority
0689-NKYLF,1,0.63697416,0.63697416,High,Month-to-month,Fiber optic,13,83.2,1081.6000000000001,688.9512470245362,0.07935297881816888,Automated Retention
8659-HDIYE,0,0.108355194,0.108355194,Low,Month-to-month,DSL,64,74.65,4777.6,517.6777764320374,0.06044175482682733,Loyal / High Value
3658-KIBGF,1,0.545718,0.545718,Medium,Month-to-month,DSL,1,54.9,54.9,29.95991898179054,0.0023092203106331536,Low Priority
3474-BAFSJ,0,0.023186328,0.023186328,Low,Two year,DSL,57,57.5,3277.5,75.99318965803832,0.00885658368033976,Loyal / High Value
5519-YLDGW,1,0.64782983,0.64782983,High,Month-to-month,Fiber optic,21,103.9,2181.9,1413.499907487631,0.1642583348967878,Priority Retention
3865-ZFZIB,0,0.020146227,0.020146227,Low,Two year,No,19,19.65,373.34999999999997,7.521593667659908,0.0008372614180026588,Low Priority
1855-AGAWH,0,0.3130167,0.3130167,Medium,One year,Fiber optic,31,93.8,2907.7999999999997,910.1899970889091,0.10599977528258586,Loyal / High Value
7109-CQYUZ,0,0.024325933,0.024325933,Low,Two year,DSL,52,89.25,4641.0,112.8966564796865,0.013179778804096397,Loyal / High Value
1370-GGAWX,0,0.26244807,0.26244807,Low,One year,Fiber optic,46,94.15,4330.900000000001,1136.6363569021225,0.13265453079758688,Loyal / High Value
4680-KUTAJ,0,0.31543595,0.31543595,Medium,Month-to-month,DSL,11,55.6,611.6,192.9206245660782,0.021918420477952623,Low Priority
5307-UVGNB,0,0.12049991,0.12049991,Low,Month-to-month,DSL,53,48.7,2581.1000000000004,311.02231492400176,0.0361914990430688,Loyal / High Value
4946-EDSEW,1,0.104032464,0.104032464,Low,Month-to-month,No,11,19.25,211.75,22.02887432090938,0.0023529004116175133,Low Priority
2883-ILGWO,0,0.36233464,0.36233464,Medium,Month-to-month,Fiber optic,57,104.9,5979.3,2166.5075059801343,0.25315261801036837,Loyal / High Value
2516-VQRRV,1,0.7424349,0.7424349,High,Month-to-month,Fiber optic,2,75.45,150.9,112.03342925906182,0.011496114589285107,Automated Retention
7580-UGXNC,1,0.4468264,0.4468264,Medium,Month-to-month,DSL,2,54.85,109.7,49.01685590147972,0.0047609386266965845,Low Priority
3642-BYHDO,0,0.010160888,0.010160888,Low,Two year,No,71,19.9,1412.8999999999999,14.35631810966879,0.0016604104255588438,Loyal / High Value
9629-NHXFW,0,0.33791715,0.33791715,Medium,Month-to-month,No,1,19.4,19.4,6.555592691898346,2.376574097901283e-05,Low Priority
2696-RZVZW,0,0.01608012,0.01608012,Low,Two year,No,68,25.05,1703.4,27.3908773932606,0.0031752357378078727,Loyal / High Value
5766-FTRTS,0,0.011762829,0.011762829,Low,Two year,DSL,72,84.45,6080.400000000001,71.52270281352104,0.008357741189572124,Loyal / High Value
0396-HUJBP,0,0.1474087,0.1474087,Low,Month-to-month,No,2,19.3,38.6,5.689975589513779,0.0003421197653051524,Low Priority
5178-LMXOP,1,0.8976637,0.8976637,Critical,Month-to-month,Fiber optic,1,95.1,95.1,85.36781905889511,0.008028383025115623,Automated Retention
8879-ZKJOF,0,0.09061103,0.09061103,Low,One year,DSL,41,79.85,3273.85,296.6469308506697,0.0345723278586374,Loyal / High Value
6285-FTQBF,0,0.011082686,0.011082686,Low,Two year,No,72,25.55,1839.6000000000001,20.38770834244788,0.0023653593696150803,Loyal / High Value
8185-UPYBR,1,0.7020698,0.7020698,High,Month-to-month,Fiber optic,6,75.5,453.0,318.0376279950142,0.035732220015743575,Automated Retention
4585-HETAI,1,0.6559085,0.6559085,High,Month-to-month,Fiber optic,4,73.75,295.0,193.49301487207413,0.021235223016956652,Automated Retention
7526-BEZQB,1,0.80269104,0.80269104,Critical,Month-to-month,Fiber optic,12,96.05,1152.6,925.1816954970359,0.1066779707309029,Automated Retention
1474-JUWSM,0,0.071476646,0.071476646,Low,One year,DSL,58,68.4,3967.2000000000003,283.56214908957486,0.03308073754561401,Loyal / High Value
3530-CRZSB,0,0.11161967,0.11161967,Low,Month-to-month,No,7,20.65,144.54999999999998,16.13462382890284,0.0016452754552606056,Low Priority
8498-XXGWA,0,0.061877843,0.061877843,Low,Month-to-month,DSL,65,55.15,3584.75,221.81659766752273,0.025864273984816073,Loyal / High Value
9617-INGJY,0,0.7528912,0.7528912,High,Month-to-month,Fiber optic,1,70.6,70.6,53.15411751270294,0.004571427615598369,Automated Retention
0621-TSSMU,0,0.028633984,0.028633984,Low,One year,No,56,19.95,1117.2,31.98988670781255,0.0036866522660662,Low Priority
7234-KMNRQ,0,0.1066435,0.1066435,Low,Month-to-month,No,4,19.0,76.0,8.104905843734741,0.0007150234530183129,Low Priority
7636-PEPNS,0,0.039976083,0.039976083,Low,One year,DSL,58,44.1,2557.8,102.2508244380355,0.01189742053667501,Loyal / High Value
4683-WYDOU,0,0.19382875,0.19382875,Low,Two year,Fiber optic,62,107.6,6671.2,1293.0703348278998,0.15114243651425152,Loyal / High Value
9052-DHNKM,0,0.07110779,0.07110779,Low,One year,DSL,26,61.55,1600.3,113.79379613548517,0.013181846596710019,Loyal / High Value
6794-HKIAJ,0,0.12018614,0.12018614,Low,Month-to-month,Fiber optic,62,90.7,5623.400000000001,675.8547544285656,0.07895668310990776,Loyal / High Value
5578-NKCXI,0,0.12983969,0.12983969,Low,One year,Fiber optic,58,99.25,5756.5,747.4221670776606,0.08732431321890446,Loyal / High Value
1642-HMARX,0,0.040562585,0.040562585,Low,Two year,DSL,68,91.7,6235.6,252.93205500245097,0.029558500375623818,Loyal / High Value
3096-WPXBT,0,0.099877134,0.099877134,Low,One year,Fiber optic,61,100.7,6142.7,613.5152708098292,0.0716942025378936,Loyal / High Value
8434-PNQZX,0,0.03266028,0.03266028,Low,Two year,DSL,42,78.45,3294.9,107.61235467083752,0.012542003635793926,Loyal / High Value
5950-AAAGJ,0,0.3907318,0.3907318,Medium,Month-to-month,Fiber optic,18,84.3,1517.3999999999999,592.896450805664,0.06863638090175161,Loyal / High Value
4299-OPXEJ,0,0.021566316,0.021566316,Low,Two year,No,56,19.55,1094.8,23.61080328822136,0.002720057733764974,Low Priority
4951-UKAAQ,1,0.78927404,0.78927404,High,Month-to-month,Fiber optic,4,88.95,355.8,280.82370232343675,0.031177952741702427,Automated Retention
9618-LFJRU,0,0.12477167,0.12477167,Low,Month-to-month,No,4,20.45,81.8,10.206322565674782,0.0009213961903299277,Low Priority
6693-DJWTY,0,0.04157502,0.04157502,Low,One year,DSL,35,55.6,1946.0,80.90498564392328,0.009391805994417309,Loyal / High Value
0744-GKNGE,0,0.10812175,0.10812175,Low,Month-to-month,Fiber optic,64,86.8,5555.2,600.6379608154297,0.07016659694579161,Loyal / High Value
6447-EGDIV,0,0.02870378,0.02870378,Low,One year,No,31,20.95,649.4499999999999,18.64167046966031,0.0021218632067912984,Low Priority
1167-OYZJF,0,0.016528742,0.016528742,Low,Two year,No,67,20.05,1343.3500000000001,22.203886086773128,0.0025662445763644953,Low Priority
2108-YKQTY,1,0.3135312,0.3135312,Medium,Month-to-month,DSL,4,50.7,202.8,63.58412536382676,0.006762206839468814,Low Priority
4806-DXQCE,0,0.099754065,0.099754065,Low,Two year,Fiber optic,70,113.65,7955.5,793.593466296792,0.09280266432267656,Loyal / High Value
4918-QLLIW,1,0.42239663,0.42239663,Medium,Month-to-month,DSL,3,53.4,160.2,67.66794013381003,0.00700099440745657,Low Priority
7056-IMHCC,1,0.56008923,0.56008923,Medium,Month-to-month,Fiber optic,53,101.9,5400.700000000001,3024.873907363415,0.35333179738246806,Loyal / High Value
4854-SSLTN,0,0.050070547,0.050070547,Low,Two year,DSL,2,59.5,119.0,5.958395041525364,0.0005880847672141658,Low Priority
5294-DMSFH,0,0.3530468,0.3530468,Medium,Month-to-month,Fiber optic,29,87.8,2546.2,898.927774041891,0.10459144013903793,Loyal / High Value
4837-PZTIC,0,0.022388907,0.022388907,Low,Two year,DSL,47,41.9,1969.3,44.09047484938055,0.00511880666201369,Loyal / High Value
1625-JAIIY,1,0.18107519,0.18107519,Low,One year,Fiber optic,68,83.0,5644.0,1021.9883471727371,0.11939517696040826,Loyal / High Value
0603-OLQDC,0,0.18938677,0.18938677,Low,Month-to-month,DSL,12,69.85,838.1999999999999,158.7439907222986,0.018190116213881936,Low Priority
3272-VUHPV,0,0.15335463,0.15335463,Low,Month-to-month,DSL,8,56.3,450.4,69.07092529535294,0.007758329221412862,Low Priority
4176-FXYBO,0,0.3527134,0.3527134,Medium,Month-to-month,Fiber optic,54,109.55,5915.7,2086.5466963827607,0.24380106952695338,Loyal / High Value
1063-DHQJF,0,0.051695596,0.051695596,Low,Two year,Fiber optic,69,92.15,6358.35,328.6986955398694,0.03841509029527463,Loyal / High Value
8663-UPDGF,0,0.12781177,0.12781177,Low,Month-to-month,DSL,26,69.5,1807.0,230.95587672293186,0.026790254051040432,Loyal / High Value
6719-FGEDO,0,0.021854851,0.021854851,Low,Two year,Fiber optic,72,97.0,6984.0,152.6342821419239,0.01784314175446595,Loyal / High Value
1837-YQUCE,0,0.018750237,0.018750237,Low,Two year,DSL,70,58.35,4084.5,76.58534425590187,0.008935769855898727,Loyal / High Value
2947-DOMLJ,1,0.42034075,0.42034075,Medium,Month-to-month,DSL,1,50.6,50.6,21.26924178004265,0.0015668177680969685,Low Priority
4112-LUEIZ,1,0.6854712,0.6854712,High,Month-to-month,Fiber optic,10,89.5,895.0,613.496703505516,0.07040156664666339,Automated Retention
0369-ZGOVK,0,0.09334207,0.09334207,Low,One year,Fiber optic,28,70.4,1971.2000000000003,183.99589481353763,0.021361715097080944,Loyal / High Value
4510-HIMLV,1,0.81593317,0.81593317,Critical,Month-to-month,Fiber optic,1,69.8,69.8,56.95213512182235,0.004877694997732476,Automated Retention
9919-KNPOO,0,0.6499906,0.6499906,High,Month-to-month,Fiber optic,21,94.3,1980.3,1287.176421278715,0.14944633787228193,Priority Retention
8749-JMNKX,1,0.32815164,0.32815164,Medium,Month-to-month,Fiber optic,51,93.8,4783.8,1569.8118311047554,0.18328518616503686,Loyal / High Value
7872-BAAZR,0,0.029503161,0.029503161,Low,One year,No,53,19.55,1036.15,30.569700360950087,0.0035182671760716666,Low Priority
9391-LMANN,0,0.12825356,0.12825356,Low,One year,Fiber optic,53,95.95,5085.35,652.2142629005016,0.07616784226050459,Loyal / High Value
2430-USGXP,1,0.6650368,0.6650368,High,Month-to-month,Fiber optic,24,101.05,2425.2,1612.8472413539885,0.18758727372005654,Priority Retention
8174-TBVCF,0,0.058987588,0.058987588,Low,Two year,DSL,70,94.8,6636.0,391.4416319131851,0.045753547597595465,Loyal / High Value
1698-XFZCI,0,0.22142322,0.22142322,Low,One year,Fiber optic,61,107.75,6572.75,1455.3594930134714,0.17010464370891726,Loyal / High Value
1877-HKBQX,0,0.07868295,0.07868295,Low,One year,DSL,11,54.6,600.6,47.2569807484746,0.005365920533787317,Low Priority
4450-DLLMH,0,0.6029706,0.6029706,High,Month-to-month,Fiber optic,2,71.3,142.6,85.98360757827759,0.008749971902647683,Automated Retention
0428-AXXLJ,0,0.031576745,0.031576745,Low,One year,No,25,19.5,487.5,15.393663290888071,0.0017348111028813063,Low Priority
2746-DIJLO,0,0.062377553,0.062377553,Low,One year,DSL,41,56.3,2308.2999999999997,143.98610658980905,0.016740131351423628,Loyal / High Value
5955-ERIHD,1,0.6527223,0.6527223,High,Month-to-month,Fiber optic,18,94.7,1704.6000000000001,1112.630431044102,0.12898059497152115,Priority Retention
0917-EZOLA,1,0.13123234,0.13123234,Low,Two year,Fiber optic,72,104.15,7498.8,984.0850424230099,0.11506211019588516,Loyal / High Value
3508-VLHCZ,0,0.0155349085,0.0155349085,Low,Two year,DSL,71,90.55,6429.05,99.87470356100239,0.011672759668159272,Loyal / High Value
4086-ATNFV,0,0.04071067,0.04071067,Low,One year,DSL,34,60.8,2067.2,84.15709497928619,0.009774912603371351,Loyal / High Value
0468-YRPXN,0,0.33537713,0.33537713,Medium,Month-to-month,Fiber optic,29,98.8,2865.2,960.9225440859794,0.11189720720410433,Loyal / High Value
5996-NRVXR,0,0.12800974,0.12800974,Low,One year,Fiber optic,40,98.15,3926.0,502.56622564792633,0.05862711489603023,Loyal / High Value
3739-YBWAB,0,0.061516114,0.061516114,Low,One year,DSL,36,35.35,1272.6000000000001,78.28540614098311,0.009040803545303448,Low Priority
7047-FWEYA,0,0.34328416,0.34328416,Medium,One year,Fiber optic,46,103.15,4744.900000000001,1628.8490103036168,0.19017198847729744,Loyal / High Value
2000-MPKCA,0,0.2806353,0.2806353,Low,One year,Fiber optic,58,107.75,6249.5,1753.830290466547,0.20495995251281604,Loyal / High Value
9762-YAQAA,0,0.09856501,0.09856501,Low,One year,Fiber optic,39,81.4,3174.6000000000004,312.9044877827168,0.03646045873418104,Loyal / High Value
5949-EBSQK,1,0.24772762,0.24772762,Low,Month-to-month,DSL,4,61.45,245.8,60.891448411345486,0.006591589600532487,Low Priority
5473-KHBPS,0,0.12485955,0.12485955,Low,One year,Fiber optic,52,95.7,4976.400000000001,621.3510601669551,0.07255763557808724,Loyal / High Value
0100-DUVFC,0,0.35321847,0.35321847,Medium,One year,Fiber optic,70,104.8,7336.0,2591.2106668949127,0.3029550543573349,Loyal / High Value
5397-TUPSH,0,0.06001928,0.06001928,Low,One year,Fiber optic,65,70.95,4611.75,276.7939180517569,0.03231263545262578,Loyal / High Value
8950-MTZNV,0,0.55316126,0.55316126,Medium,Month-to-month,DSL,1,44.95,44.95,24.86459879279137,0.0016955606526201236,Low Priority
0326-VDYXE,0,0.25371993,0.25371993,Low,One year,Fiber optic,70,97.65,6835.5,1734.3025533556938,0.20273028633124782,Loyal / High Value
6773-LQTVT,0,0.2330108,0.2330108,Low,Month-to-month,DSL,29,35.65,1033.85,240.89821422845122,0.02772383852365768,Low Priority
7274-RTAPZ,1,0.85027754,0.85027754,Critical,Month-to-month,Fiber optic,1,90.55,90.55,76.99263152480125,0.007151094068258173,Automated Retention
0436-TWFFZ,0,0.020724947,0.020724947,Low,Two year,DSL,67,85.25,5711.75,118.37571393093094,0.013829951816184226,Loyal / High Value
8566-YPRGL,0,0.39835456,0.39835456,Medium,Month-to-month,No,1,19.5,19.5,7.767913922667503,3.2685693934705105e-05,Low Priority
0311-UNPFF,1,0.37941742,0.37941742,Medium,Month-to-month,Fiber optic,26,88.8,2308.7999999999997,875.9989379882811,0.10184568296405305,Loyal / High Value
6609-MXJHJ,0,0.019900545,0.019900545,Low,Two year,No,30,25.1,753.0,14.985110744833946,0.0017126524392641182,Low Priority
2669-OIDSD,0,0.29947513,0.29947513,Low,Month-to-month,Fiber optic,48,100.05,4802.4,1438.1993807315826,0.16792118907343684,Loyal / High Value
8400-WZICQ,0,0.10046564,0.10046564,Low,Month-to-month,DSL,55,55.7,3063.5,307.776489444077,0.03585518278836203,Loyal / High Value
3834-XUIFC,1,0.7295878,0.7295878,High,Month-to-month,Fiber optic,7,85.2,596.4,435.12615995407106,0.049396322843103774,Automated Retention
9576-SYUHJ,0,0.36702812,0.36702812,Medium,Month-to-month,Fiber optic,37,91.15,3372.55,1237.8206765949726,0.1442845728610267,Loyal / High Value
0410-IPFTY,0,0.32544053,0.32544053,Medium,Month-to-month,Fiber optic,31,83.85,2599.35,845.9338312804699,0.09844049481802185,Loyal / High Value
2831-EBWRN,0,0.49172533,0.49172533,Medium,Month-to-month,DSL,4,45.9,183.6,90.28076977729798,0.009498820055362787,Low Priority
9430-NKQLY,0,0.011506396,0.011506396,Low,Two year,No,72,25.1,1807.2,20.79435947611928,0.0024120919946570645,Loyal / High Value
8414-MYSHR,1,0.7528729,0.7528729,High,Month-to-month,Fiber optic,5,91.4,457.0,344.0629081130028,0.03867086668799939,Automated Retention
0247-SLUJI,0,0.3227097,0.3227097,Medium,Month-to-month,No,1,19.7,19.7,6.357381275296211,3.4044300739088134e-05,Low Priority
9402-ORRAH,0,0.64530194,0.64530194,High,Month-to-month,Fiber optic,15,91.5,1372.5,885.6769099831581,0.10239418060152,Automated Retention
6483-OATDN,0,0.19126998,0.19126998,Low,Month-to-month,DSL,8,51.3,410.4,78.49719933271408,0.008779693798029993,Low Priority
1293-HHSHJ,0,0.028919237,0.028919237,Low,One year,No,35,21.1,738.5,21.356856328435242,0.002439653821013042,Low Priority
4840-ORQXB,0,0.40926698,0.40926698,Medium,Month-to-month,Fiber optic,56,104.75,5866.0,2400.7600958943367,0.28050753430918207,Loyal / High Value
7599-FKVXZ,1,0.43106484,0.43106484,Medium,Month-to-month,Fiber optic,42,106.15,4458.3,1921.8163945913316,0.22431924881864915,Loyal / High Value
3982-DQLUS,0,0.18260454,0.18260454,Low,Month-to-month,Fiber optic,65,85.75,5573.75,1017.7920348383486,0.1188999284454429,Loyal / High Value
8610-ZIKJJ,0,0.068032846,0.068032846,Low,One year,No,2,20.3,40.6,2.7621335417032244,0.00017384612242518646,Low Priority
3756-VNWDH,0,0.19257353,0.19257353,Low,One year,Fiber optic,65,100.75,6548.75,1261.1159207113087,0.14739960829672505,Loyal / High Value
7801-KICAO,0,0.5380057,0.5380057,Medium,Month-to-month,Fiber optic,18,74.15,1334.7,718.0762206673622,0.08298500953277116,Low Priority
7673-LPRNY,0,0.15790814,0.15790814,Low,One year,DSL,23,78.55,1806.6499999999999,285.2847440451383,0.033092187615202294,Loyal / High Value
8229-TNIQA,1,0.4048269,0.4048269,Medium,Month-to-month,DSL,4,45.3,181.2,73.35463596582412,0.00770628868985784,Low Priority
6060-QBMGV,0,0.013776647,0.013776647,Low,Two year,No,70,19.85,1389.5,19.14265090506524,0.0022134810979507753,Low Priority
7339-POGZN,0,0.47380143,0.47380143,Medium,Month-to-month,DSL,4,50.7,202.8,96.08693082332611,0.010218898146025506,Low Priority
2828-SLQPF,0,0.18716161,0.18716161,Low,Month-to-month,DSL,19,45.0,855.0,160.02317614853382,0.018344961774353123,Low Priority
4465-VDKIQ,0,0.35676825,0.35676825,Medium,Month-to-month,Fiber optic,18,77.8,1400.3999999999999,499.6182579517364,0.05777745391539138,Loyal / High Value
2921-XWDJH,0,0.3779736,0.3779736,Medium,Month-to-month,Fiber optic,38,83.45,3171.1,1198.5920395821333,0.13966219713045064,Loyal / High Value
6221-AVQYL,1,0.69180655,0.69180655,High,Month-to-month,Fiber optic,2,73.25,146.5,101.34966027736664,0.01035536583918248,Automated Retention
2558-BUOZZ,0,0.10595111,0.10595111,Low,One year,Fiber optic,47,94.8,4455.599999999999,472.07575697600834,0.05510172966814585,Loyal / High Value
9257-AZMTZ,0,0.015313781,0.015313781,Low,Two year,No,52,20.1,1045.2,16.005963761731984,0.0018424213101838653,Low Priority
0003-MKNFE,0,0.2607297,0.2607297,Low,Month-to-month,DSL,9,59.9,539.1,140.55938144624233,0.015901357731631687,Low Priority
0975-UYDTX,0,0.1074575,0.1074575,Low,One year,DSL,26,90.1,2342.6,251.72994811236856,0.029270178526262656,Loyal / High Value
7743-EXURX,1,0.3417246,0.3417246,Medium,Month-to-month,DSL,8,51.05,408.4,139.5603284239769,0.015605765409538463,Low Priority
4682-BLBUC,0,0.094838366,0.094838366,Low,One year,DSL,44,70.95,3121.8,296.0664107054472,0.0344949654710115,Loyal / High Value
0975-VOOVL,0,0.41577005,0.41577005,Medium,Month-to-month,DSL,3,29.2,87.6,36.42145671844482,0.0033529843053510112,Low Priority
5968-VXZLG,0,0.5009247,0.5009247,Medium,Month-to-month,DSL,2,46.6,93.2,46.68618264198303,0.004368529416794001,Low Priority
5569-KGJHX,1,0.68709147,0.68709147,High,Month-to-month,Fiber optic,9,85.35,768.15,527.7893124997615,0.06035164957663459,Automated Retention
4988-IQIGL,1,0.857686,0.857686,Critical,Month-to-month,Fiber optic,1,75.35,75.35,64.62663883268833,0.005685266123040783,Automated Retention
5201-FRKKS,0,0.21601306,0.21601306,Low,Month-to-month,Fiber optic,25,74.3,1857.5,401.2442571297288,0.04655654674842366,Loyal / High Value
9799-CAYJJ,0,0.6724263,0.6724263,High,Month-to-month,Fiber optic,2,69.3,138.6,93.19828287363052,0.009442595267544002,Automated Retention
7730-IUTDZ,1,0.32890013,0.32890013,Medium,Month-to-month,Fiber optic,43,75.2,3233.6,1063.531455850601,0.1239389691289461,Loyal / High Value
0426-TIRNE,1,0.3524209,0.3524209,Medium,Month-to-month,No,1,20.9,20.9,7.365596732497215,8.675026751367193e-05,Low Priority
5443-SCMKX,0,0.22746508,0.22746508,Low,One year,Fiber optic,58,94.3,5469.4,1244.097498896718,0.1453278736198783,Loyal / High Value
8295-KMENE,0,0.017794369,0.017794369,Low,Two year,DSL,59,76.45,4510.55,80.2623901394196,0.009368887847687768,Loyal / High Value
6738-ISCBM,0,0.20259927,0.20259927,Low,One year,DSL,44,54.0,2376.0,481.3758705854416,0.05597887803232387,Loyal / High Value
9821-BESNZ,0,0.34085804,0.34085804,Medium,One year,Fiber optic,66,104.25,6880.5,2345.2737596333027,0.27415435442132263,Loyal / High Value
3678-MNGZX,0,0.011309247,0.011309247,Low,Two year,No,68,19.95,1356.6,15.342125109583138,0.0017734329586999525,Low Priority
1335-NTIUC,0,0.4633479,0.4633479,Medium,Month-to-month,DSL,9,24.95,224.54999999999998,104.04477360248565,0.011174727220085447,Low Priority
2916-BQZLN,0,0.44815102,0.44815102,Medium,Month-to-month,Fiber optic,19,84.75,1610.25,721.6351834908128,0.08360019039215251,Loyal / High Value
4558-CGYCZ,0,0.14098322,0.14098322,Low,Month-to-month,No,4,19.75,79.0,11.137674689292908,0.0009948412977880048,Low Priority
2368-GAKKQ,0,0.06513997,0.06513997,Low,Two year,Fiber optic,70,113.65,7955.5,518.2210446484387,0.06060066733647987,Loyal / High Value
8710-YGLWG,0,0.55316126,0.55316126,Medium,Month-to-month,DSL,1,44.9,44.9,24.83694072961807,0.001692318662844559,Low Priority
3199-XGZCY,0,0.65396386,0.65396386,High,Month-to-month,Fiber optic,8,75.25,602.0,393.6862460374832,0.044705519199773766,Automated Retention
3785-KTYSH,0,0.01902023,0.01902023,Low,Two year,No,53,24.6,1303.8000000000002,24.798575323820117,0.0028648953263026742,Low Priority
6814-ZPWFQ,0,0.042039447,0.042039447,Low,One year,No,51,25.0,1275.0,53.60029432922602,0.006190213889536144,Low Priority
4063-EIKNQ,0,0.09396761,0.09396761,Low,Month-to-month,No,11,20.95,230.45,21.654835518822072,0.0023312364576614283,Low Priority
6993-YCOBK,0,0.08849045,0.08849045,Low,Two year,Fiber optic,60,110.6,6636.0,587.2226188480854,0.06863735446466072,Loyal / High Value
5206-HPJKM,0,0.15349631,0.15349631,Low,Month-to-month,DSL,17,55.5,943.5,144.82376859337091,0.016637523204615003,Low Priority
7587-RZNME,1,0.53369874,0.53369874,Medium,Month-to-month,DSL,3,43.3,129.89999999999998,69.32746601700782,0.006950244953784606,Low Priority
0748-RDGGM,1,0.24744502,0.24744502,Low,One year,Fiber optic,70,109.5,7665.0,1896.6660560667515,0.22177584510330117,Loyal / High Value
8393-JMVMB,0,0.3137395,0.3137395,Medium,Month-to-month,No,1,19.45,19.45,6.102233438193798,2.390410264133731e-05,Low Priority
5019-GQVCR,0,0.5212736,0.5212736,Medium,Month-to-month,Fiber optic,43,84.85,3648.5499999999997,1901.8928406238554,0.22178508260267077,Loyal / High Value
6036-TTFYU,0,0.09707265,0.09707265,Low,Month-to-month,No,16,19.6,313.6,30.44198412895203,0.0033543954242862034,Low Priority
2550-AEVRU,0,0.05805002,0.05805002,Low,One year,DSL,57,53.45,3046.65,176.85809809193015,0.020602817620871766,Loyal / High Value
0969-RGKCU,0,0.026744956,0.026744956,Low,One year,No,37,19.8,732.6,19.593354875966906,0.0022377332263145474,Low Priority
0378-CJKPV,0,0.021848617,0.021848617,Low,Two year,Fiber optic,72,112.1,8071.2,176.3445585116744,0.020622398315569758,Loyal / High Value
4706-AXVKM,1,0.70391136,0.70391136,High,Month-to-month,Fiber optic,11,84.8,932.8,656.608520412445,0.07541435985181086,Automated Retention
5889-JTMUL,1,0.49289602,0.49289602,Medium,Month-to-month,Fiber optic,50,95.05,4752.5,2342.488337010145,0.27349281365181816,Loyal / High Value
9026-RNUJS,1,0.47265068,0.47265068,Medium,Month-to-month,DSL,5,50.35,251.75,118.98980792611837,0.012906036102677577,Low Priority
3746-EUBYR,1,0.81249565,0.81249565,Critical,Month-to-month,Fiber optic,1,74.6,74.6,60.612175405025475,0.005314288400979928,Automated Retention
2332-EFBJY,1,0.113559164,0.113559164,Low,Month-to-month,No,16,19.7,315.2,35.79384852647781,0.003945392939008476,Low Priority
2880-FPNAE,0,0.68118775,0.68118775,High,Month-to-month,Fiber optic,2,74.2,148.4,101.0882619380951,0.010348125968047395,Automated Retention
1703-MGIAB,0,0.22025293,0.22025293,Low,Month-to-month,DSL,17,69.0,1173.0,258.35668820142746,0.029798379254549045,Low Priority
4311-QTTAI,0,0.042442717,0.042442717,Low,One year,No,16,19.35,309.6,13.140265077352526,0.00144672988608636,Low Priority
9474-PHLYD,1,0.34161943,0.34161943,Medium,Month-to-month,DSL,15,59.45,891.75,304.63912846148014,0.03495600655715457,Low Priority
4318-RAJVY,0,0.052679114,0.052679114,Low,One year,No,10,19.8,198.0,10.430464580655098,0.0011065380294253211,Low Priority
2165-VOEGB,1,0.1621045,0.1621045,Low,One year,Fiber optic,46,105.2,4839.2,784.4561076283454,0.09159421218406835,Loyal / High Value
3612-YUNGG,0,0.1166146,0.1166146,Low,Two year,Fiber optic,64,109.2,6988.8,814.9961339950562,0.0952742614717672,Loyal / High Value
2254-DLXRI,0,0.8175693,0.8175693,Critical,Month-to-month,Fiber optic,1,79.15,79.15,64.71061131656171,0.005783513243906116,Automated Retention
5062-CJJKH,0,0.048585318,0.048585318,Low,One year,DSL,25,53.65,1341.25,65.16505780629814,0.007531373526274652,Low Priority
9028-LIHRP,0,0.035022385,0.035022385,Low,Two year,Fiber optic,71,100.2,7114.2,249.1562543436885,0.02912812189349942,Loyal / High Value
2219-MVUSO,1,0.2614535,0.2614535,Low,Month-to-month,DSL,8,45.15,361.2,94.43700757026672,0.010493445423252135,Low Priority
1053-MXTTK,0,0.039874267,0.039874267,Low,Two year,Fiber optic,72,108.65,7822.8,311.9284145817161,0.03647538193516204,Loyal / High Value
1530-ZTDOZ,0,0.14848354,0.14848354,Low,Month-to-month,DSL,49,40.65,1991.85,295.75694828778506,0.034340474686975916,Loyal / High Value
1301-LOPVR,0,0.06532889,0.06532889,Low,One year,DSL,29,55.35,1605.15,104.86266552843153,0.012147702834635642,Loyal / High Value
0853-TWRVK,0,0.04465755,0.04465755,Low,Two year,Fiber optic,72,105.6,7603.2,339.5402898788452,0.039701416907903284,Loyal / High Value
8914-RBTSB,1,0.41625786,0.41625786,Medium,Month-to-month,Fiber optic,31,93.8,2907.7999999999997,1210.3946002960204,0.1409612894505374,Loyal / High Value
6212-ATMLK,0,0.54680073,0.54680073,Medium,Month-to-month,Fiber optic,50,95.7,4785.0,2616.441505551338,0.3054859400527734,Loyal / High Value
8200-LGKSR,0,0.030161753,0.030161753,Low,Two year,DSL,71,83.2,5907.2,178.17150907516478,0.02081822816405476,Loyal / High Value
1568-BEKZM,0,0.036727935,0.036727935,Low,Two year,DSL,70,90.05,6303.5,231.51453875005245,0.027056457892281057,Loyal / High Value
0670-ANMUU,0,0.08290323,0.08290323,Low,One year,Fiber optic,71,97.65,6933.150000000001,574.7805200625212,0.06719124383005416,Loyal / High Value
6897-RWMUB,0,0.0115054855,0.0115054855,Low,Two year,DSL,61,68.05,4151.05,47.75984563590028,0.005572902113216045,Loyal / High Value
0963-ZBDRN,1,0.42757806,0.42757806,Medium,Month-to-month,Fiber optic,32,96.2,3078.4,1316.2563055038452,0.15334511416232727,Loyal / High Value
7594-RQHXR,1,0.82811385,0.82811385,Critical,Month-to-month,Fiber optic,1,79.6,79.6,65.91786277294159,0.005901786655925398,Automated Retention
6999-CHVCF,0,0.07073084,0.07073084,Low,Two year,Fiber optic,68,102.1,6942.799999999999,491.0700943499803,0.0574057992437361,Loyal / High Value
6134-KWTBV,0,0.013894719,0.013894719,Low,Two year,No,62,23.4,1450.8,20.158458429202437,0.0023322906168715693,Loyal / High Value
1077-HUUJM,0,0.57023674,0.57023674,Medium,Month-to-month,Fiber optic,7,71.05,497.34999999999997,283.60724388062954,0.03198691779839829,Low Priority
6331-EWIEB,1,0.60681957,0.60681957,High,Month-to-month,Fiber optic,20,85.25,1705.0,1034.6273669600487,0.11993847982028732,Priority Retention
0895-LNKRC,0,0.04612596,0.04612596,Low,One year,No,6,19.45,116.69999999999999,5.382899485900998,0.0005293196086514675,Low Priority
2045-BMBTJ,0,0.26045328,0.26045328,Low,Month-to-month,DSL,33,59.45,1961.8500000000001,510.97027479708197,0.05932034802394629,Loyal / High Value
8417-GSODA,0,0.191793,0.191793,Low,One year,Fiber optic,28,92.2,2581.6,495.132795214653,0.05761523430626238,Loyal / High Value
5171-EPLKN,0,0.017830467,0.017830467,Low,Two year,No,27,19.85,535.95,9.556238709110767,0.001080859191239314,Low Priority
4452-QIIEB,0,0.26578653,0.26578653,Low,Month-to-month,DSL,7,43.9,307.3,81.67620023488999,0.008988115798181729,Low Priority
5998-VVEJY,1,0.3912213,0.3912213,Medium,Month-to-month,Fiber optic,26,80.5,2093.0,818.8262116014957,0.09511806672985335,Loyal / High Value
1624-NALOJ,1,0.7879511,0.7879511,High,Month-to-month,Fiber optic,5,89.8,449.0,353.7900491952896,0.03973375003441151,Automated Retention
6741-EGCBI,0,0.3583828,0.3583828,Medium,Month-to-month,Fiber optic,30,90.5,2715.0,973.0092783272266,0.1132632785365656,Loyal / High Value
7820-ZYGNY,0,0.1163951,0.1163951,Low,One year,Fiber optic,63,90.45,5698.35,663.2600235052407,0.07748872322854443,Loyal / High Value
4317-VTEOA,1,0.62014294,0.62014294,High,Month-to-month,DSL,1,50.75,50.75,31.472254037857056,0.0023224829833756147,Automated Retention
9677-AVKED,0,0.11734535,0.11734535,Low,One year,DSL,53,84.6,4483.799999999999,526.1530713647603,0.06141539042835127,Loyal / High Value
1670-SVOWZ,1,0.42970982,0.42970982,Medium,Month-to-month,Fiber optic,14,89.65,1255.1000000000001,539.3287975162268,0.062271456871690355,Low Priority
2227-JRSJX,0,0.42510167,0.42510167,Medium,Month-to-month,Fiber optic,21,99.15,2082.15,885.1254372820258,0.10281478876715408,Loyal / High Value
9847-HNVGP,0,0.03486033,0.03486033,Low,One year,No,17,19.95,339.15,11.8228814503178,0.0013090195068563783,Low Priority
6696-YDAYZ,0,0.0191208,0.0191208,Low,Two year,No,16,20.5,328.0,6.271622195839882,0.0006930034658127511,Low Priority
8980-WQFWL,0,0.19676547,0.19676547,Low,Month-to-month,DSL,35,62.1,2173.5,427.6697436645627,0.0496964732833718,Loyal / High Value
1730-ZMAME,0,0.45858324,0.45858324,Medium,Month-to-month,Fiber optic,32,79.5,2544.0,1166.6357517242432,0.13573874565035618,Loyal / High Value
6506-EYCNH,0,0.07645166,0.07645166,Low,Month-to-month,No,28,19.55,547.4,41.84963824748993,0.004737006171990049,Low Priority
4634-JLRJT,0,0.42872438,0.42872438,Medium,Month-to-month,No,1,20.35,20.35,8.724541099369526,7.789323734509394e-05,Low Priority
9501-UKKNL,0,0.20795532,0.20795532,Low,Month-to-month,DSL,59,51.7,3050.3,634.3260995075107,0.07389541208413579,Loyal / High Value
2560-QTSBS,0,0.01858069,0.01858069,Low,One year,No,72,23.3,1677.6000000000001,31.170965588092805,0.0036128151509282024,Loyal / High Value
7541-YLXCL,1,0.069980234,0.069980234,Low,One year,DSL,36,65.4,2354.4,164.7614627122879,0.019158598358357922,Loyal / High Value
4795-WRNVT,0,0.10056025,0.10056025,Low,Month-to-month,DSL,40,65.1,2604.0,261.8588855266571,0.030472659516383713,Loyal / High Value
6080-TCMYC,0,0.4358944,0.4358944,Medium,Month-to-month,Fiber optic,40,81.2,3248.0,1415.7850108146667,0.1649932244112079,Loyal / High Value
0260-ZDLGK,1,0.2557241,0.2557241,Low,Month-to-month,DSL,9,72.9,656.1,167.78058349192142,0.019103170757860347,Low Priority
7860-UXCRM,0,0.018101254,0.018101254,Low,Two year,DSL,63,74.5,4693.5,84.95823789294809,0.009918643837767237,Loyal / High Value
6357-JJPQT,0,0.7097447,0.7097447,High,Month-to-month,Fiber optic,3,80.5,241.5,171.4033430814743,0.018527304819335812,Automated Retention
2292-XQWSV,0,0.09208035,0.09208035,Low,One year,DSL,40,60.3,2412.0,222.09779754281044,0.02583067880423609,Loyal / High Value
9552-TGUZV,0,0.38597557,0.38597557,Medium,Month-to-month,Fiber optic,8,75.0,600.0,231.58534169197083,0.026295128585148913,Low Priority
5913-INRQV,0,0.09857938,0.09857938,Low,One year,Fiber optic,34,90.15,3065.1000000000004,302.15564824640757,0.035200482459678765,Loyal / High Value
8722-NGNBH,1,0.28846487,0.28846487,Low,Month-to-month,DSL,5,40.0,200.0,57.69297480583191,0.00612690303522174,Low Priority
6210-KBBPI,1,0.8092906,0.8092906,Critical,Month-to-month,Fiber optic,9,99.45,895.0500000000001,724.355540701747,0.08312322740636581,Automated Retention
9643-YBLUR,0,0.29530814,0.29530814,Low,Month-to-month,DSL,9,69.05,621.4499999999999,183.51924540549516,0.020860776012632032,Low Priority
8734-FNWVH,0,0.11079368,0.11079368,Low,Month-to-month,DSL,31,59.7,1850.7,205.04586348831654,0.02379066746825854,Loyal / High Value
9447-YPTBX,0,0.029281415,0.029281415,Low,One year,No,50,19.85,992.5000000000001,29.061804432421926,0.0033420050906755217,Low Priority
0133-BMFZO,1,0.5163927,0.5163927,Medium,Month-to-month,Fiber optic,2,86.25,172.5,89.07774209976196,0.0093034460794094,Low Priority
6128-CZOMY,1,0.6581399,0.6581399,High,Month-to-month,DSL,1,45.65,45.65,30.04408572614193,0.0020713446992299245,Automated Retention
9540-JYROE,1,0.48299983,0.48299983,Medium,Month-to-month,Fiber optic,8,70.1,560.8,270.8663054704666,0.03068570759558221,Low Priority
9026-LHEVG,0,0.35412374,0.35412374,Medium,Month-to-month,DSL,9,40.75,366.75,129.8748821541667,0.01444314467086298,Low Priority
2260-USTRB,1,0.6553761,0.6553761,High,Month-to-month,Fiber optic,2,70.2,140.4,92.01480116844178,0.009341444454064337,Automated Retention
3656-TKRVZ,1,0.32454234,0.32454234,Medium,Month-to-month,DSL,3,55.35,166.05,53.890256157517435,0.005601657457043265,Low Priority
7011-CVEUC,0,0.3251731,0.3251731,Medium,Month-to-month,Fiber optic,25,95.7,2392.5,777.9766651242971,0.09047536227736126,Loyal / High Value
6185-TASNN,0,0.6756163,0.6756163,High,Month-to-month,DSL,1,46.3,46.3,31.281035798788068,0.0021778236248789647,Automated Retention
7925-PNRGI,0,0.084732644,0.084732644,Low,Month-to-month,DSL,45,81.3,3658.5,309.99437902495265,0.03614982714188695,Loyal / High Value
8623-TMRBY,1,0.41812897,0.41812897,Medium,Month-to-month,Fiber optic,51,84.2,4294.2,1795.529411315918,0.2095447987072108,Loyal / High Value
1552-CZCLL,0,0.059578363,0.059578363,Low,Month-to-month,No,55,20.0,1100.0,65.53619913756847,0.007550652418879475,Low Priority
3038-PQIUY,0,0.11415361,0.11415361,Low,Month-to-month,DSL,38,66.15,2513.7000000000003,286.9479261383415,0.033383561315543146,Loyal / High Value
1501-SGHBW,1,0.44920853,0.44920853,Medium,Month-to-month,DSL,2,45.85,91.7,41.19242199957371,0.0038385340487703244,Low Priority
9313-CDOGY,0,0.08103729,0.08103729,Low,Month-to-month,No,38,19.6,744.8000000000001,60.35657388567925,0.006896224778022587,Low Priority
8148-BPLZQ,0,0.18078476,0.18078476,Low,Month-to-month,DSL,34,49.8,1693.1999999999998,306.10475885868067,0.03548223055781767,Loyal / High Value
2623-DRYAM,0,0.28768232,0.28768232,Low,One year,Fiber optic,70,101.75,7122.5,2049.0173573046923,0.23954530776459484,Loyal / High Value
9987-LUTYD,0,0.06653431,0.06653431,Low,One year,DSL,13,55.15,716.9499999999999,47.70177396982908,0.005444829441454689,Low Priority
3208-YPIOE,1,0.38692915,0.38692915,Medium,Month-to-month,Fiber optic,39,75.25,2934.75,1135.5403358638287,0.13225174275145143,Loyal / High Value
4488-KQFDT,0,0.3078673,0.3078673,Medium,One year,Fiber optic,61,103.95,6340.95,1952.1710835814476,0.2281488159410124,Loyal / High Value
2612-RANWT,1,0.7625359,0.7625359,High,Month-to-month,Fiber optic,12,100.15,1201.8000000000002,916.4156802892686,0.10573893529764711,Automated Retention
5693-PIPCS,0,0.07161716,0.07161716,Low,Two year,Fiber optic,41,99.65,4085.65,292.602664943412,0.034140128266307,Loyal / High Value
0491-KAPQG,0,0.5343656,0.5343656,Medium,Month-to-month,Fiber optic,21,73.7,1547.7,827.0376304328441,0.09576513940106521,Loyal / High Value
1925-LFCZZ,0,0.1748352,0.1748352,Low,One year,DSL,55,50.05,2752.75,481.2776107788086,0.056028543337788325,Loyal / High Value
8039-EQPIM,0,0.018141806,0.018141806,Low,Two year,DSL,69,60.25,4157.25,75.4200235158205,0.008800515468006663,Loyal / High Value
6900-PXRMS,1,0.4951249,0.4951249,Medium,Month-to-month,Fiber optic,26,105.75,2749.5,1361.34592987597,0.15848152447926453,Loyal / High Value
8707-RMEZH,0,0.10416355,0.10416355,Low,One year,Fiber optic,69,87.3,6023.7,627.4499751739204,0.07331813817949642,Loyal / High Value
3346-BRMIS,1,0.53726315,0.53726315,Medium,Month-to-month,DSL,18,48.35,870.3000000000001,467.58012378215795,0.053624293940883784,Low Priority
3209-ZPKFI,0,0.13528483,0.13528483,Low,Month-to-month,DSL,47,54.25,2549.75,344.9424855001271,0.040134931869881006,Loyal / High Value
6479-VDGRK,0,0.011974805,0.011974805,Low,Two year,DSL,72,85.3,6141.599999999999,73.54446260109543,0.008594258283294626,Loyal / High Value
9373-WSLOY,0,0.23562346,0.23562346,Low,Month-to-month,DSL,33,50.0,1650.0,388.7787155807018,0.04505216082822131,Loyal / High Value
2933-FILNV,1,0.48715827,0.48715827,Medium,Month-to-month,DSL,2,24.4,48.8,23.77332351207733,0.0017130940618791347,Low Priority
3569-JFODW,0,0.01475559,0.01475559,Low,Two year,DSL,72,90.95,6548.400000000001,96.62550481930376,0.011293616341126541,Loyal / High Value
9819-FBNSV,0,0.3127563,0.3127563,Medium,Month-to-month,Fiber optic,37,72.25,2673.25,836.075778901577,0.09731291734598804,Loyal / High Value
9544-PYPSJ,0,0.24994655,0.24994655,Low,Month-to-month,Fiber optic,62,96.1,5958.2,1489.2315314382315,0.17401215963838346,Loyal / High Value
1591-XWLGB,0,0.011966222,0.011966222,Low,Two year,No,71,19.85,1409.3500000000001,16.864594927569854,0.001950444246367672,Loyal / High Value
0396-UKGAI,0,0.09657023,0.09657023,Low,Month-to-month,DSL,23,55.3,1271.8999999999999,122.82767683491109,0.014184658253437574,Low Priority
3243-ZHOHY,0,0.040014807,0.040014807,Low,One year,No,16,20.1,321.6,12.868761974573136,0.0014202554857977356,Low Priority
5186-EJEGL,0,0.19132562,0.19132562,Low,Month-to-month,DSL,9,69.5,625.5,119.67417519539595,0.013606204700726801,Low Priority
7527-QNRUS,0,0.027772631,0.027772631,Low,Two year,No,17,25.15,427.54999999999995,11.874188596196472,0.001330652560491851,Low Priority
9986-BONCE,1,0.14012146,0.14012146,Low,Month-to-month,No,4,20.95,83.8,11.742178344726563,0.0010675983328794234,Low Priority
2722-JMONI,1,0.6730128,0.6730128,High,Month-to-month,DSL,1,49.55,49.55,33.347783896327016,0.002425818570274007,Automated Retention
2203-GHNWN,0,0.3520924,0.3520924,Medium,Month-to-month,Fiber optic,24,79.65,1911.6000000000001,673.0598037242889,0.07811802171802305,Loyal / High Value
3878-AVSOQ,0,0.8159456,0.8159456,Critical,Month-to-month,Fiber optic,1,71.25,71.25,58.136125802993774,0.005016451149575261,Automated Retention
3258-SYSWS,0,0.042491745,0.042491745,Low,Two year,Fiber optic,72,113.8,8193.6,348.16036350131037,0.040716607123438685,Loyal / High Value
5296-PSYVW,0,0.02561774,0.02561774,Low,Two year,No,72,24.55,1767.6000000000001,45.2819157846272,0.0052513482614328835,Loyal / High Value
6319-QSUSR,0,0.115654044,0.115654044,Low,Month-to-month,No,11,19.7,216.7,25.06223130300641,0.002682850628113828,Low Priority
4083-EUGRJ,1,0.11271617,0.11271617,Low,Month-to-month,No,9,20.25,182.25,20.54252164810896,0.0021595388323568864,Low Priority
7579-OOPEC,1,0.4804888,0.4804888,Medium,Month-to-month,DSL,2,50.15,100.3,48.19302733838558,0.004590191036135807,Low Priority
0512-FLFDW,0,0.19672033,0.19672033,Low,One year,Fiber optic,60,100.5,6030.0,1186.2236014008522,0.1386118317658706,Loyal / High Value
1771-OADNZ,1,0.57384866,0.57384866,Medium,Month-to-month,Fiber optic,29,95.9,2781.1000000000004,1595.930521565676,0.18580529898117223,Loyal / High Value
0487-CRLZF,0,0.022172796,0.022172796,Low,Two year,DSL,49,74.45,3648.05,80.88746702009813,0.009432508728274532,Loyal / High Value
2107-FBPTK,0,0.59243155,0.59243155,Medium,Month-to-month,Fiber optic,30,104.1,3123.0,1850.163715839386,0.2155647508895048,Loyal / High Value
9451-WLYRI,0,0.02595195,0.02595195,Low,One year,No,53,19.05,1009.6500000000001,26.20238619586453,0.003014170285320872,Low Priority
8219-VYBVI,0,0.017775677,0.017775677,Low,Two year,No,39,25.0,975.0,17.33128521591425,0.001992346034039424,Low Priority
1991-VOPLL,0,0.102104224,0.102104224,Low,Month-to-month,No,9,19.05,171.45000000000002,17.505769250169397,0.0018269657063478182,Low Priority
9738-QLWTP,0,0.13459855,0.13459855,Low,One year,Fiber optic,39,81.9,3194.1000000000004,429.9212387144566,0.05009738206989163,Loyal / High Value
1016-DJTSV,0,0.57458305,0.57458305,Medium,Month-to-month,Fiber optic,8,69.7,557.6,320.3875106811524,0.0362886052693269,Low Priority
9419-IPPBE,0,0.2227743,0.2227743,Low,One year,Fiber optic,51,90.15,4597.650000000001,1024.2382465973499,0.1195670116529643,Loyal / High Value
0174-QRVVY,0,0.011789008,0.011789008,Low,Two year,No,71,25.35,1799.8500000000001,21.218446127464997,0.002461179292039023,Loyal / High Value
5699-BNCAS,0,0.016465435,0.016465435,Low,Two year,No,71,24.65,1750.1499999999999,28.8169807231985,0.0033415499049222613,Loyal / High Value
2900-PHPLN,0,0.019125562,0.019125562,Low,Two year,No,70,19.55,1368.5,26.173331817612052,0.003025807770182548,Low Priority
0612-RTZZA,1,0.7414589,0.7414589,High,Month-to-month,DSL,1,25.25,25.25,18.721837043762207,0.0005605788000168338,Automated Retention
8106-GWQOK,0,0.0232537,0.0232537,Low,Two year,DSL,38,60.0,2280.0,53.01843546330929,0.00616340795055029,Loyal / High Value
8751-EDEKA,0,0.27553523,0.27553523,Low,Month-to-month,Fiber optic,28,89.9,2517.2000000000003,693.5772705554963,0.080691720778926,Loyal / High Value
6878-GGDWG,0,0.0691059,0.0691059,Low,Month-to-month,No,32,19.4,620.8,42.90094323158264,0.004876424453311389,Low Priority
4039-PIMHX,0,0.034140985,0.034140985,Low,Two year,DSL,49,49.8,2440.2,83.31083271726965,0.009690193898940215,Loyal / High Value
8450-LUGUK,0,0.018287044,0.018287044,Low,Two year,No,37,24.1,891.7,16.306557151302695,0.0018711037982645775,Low Priority
3604-WLABM,0,0.2463793,0.2463793,Low,Month-to-month,DSL,10,54.25,542.5,133.66077076643705,0.015124348263848023,Low Priority
0795-GMVQO,0,0.2038968,0.2038968,Low,One year,Fiber optic,67,109.9,7363.3,1501.3533489987256,0.17553451906562,Loyal / High Value
2259-OUUSZ,0,0.14701343,0.14701343,Low,One year,DSL,7,35.5,248.5,36.53283631801605,0.003958292375336172,Low Priority
1142-IHLOO,0,0.1541384,0.1541384,Low,One year,Fiber optic,51,87.55,4465.05,688.2356680579484,0.0803331144641217,Loyal / High Value
6410-LEFEN,1,0.32981163,0.32981163,Medium,Month-to-month,DSL,9,45.15,406.34999999999997,134.01895692050456,0.014982475879946573,Low Priority
4633-MKHYU,0,0.6574936,0.6574936,High,Month-to-month,Fiber optic,9,88.4,795.6,523.1019012451172,0.05986743034139577,Automated Retention
6257-RJOHI,0,0.3130716,0.3130716,Medium,Month-to-month,DSL,4,50.8,203.2,63.61615085601806,0.006766973534251009,Low Priority
1545-JFUML,0,0.059946664,0.059946664,Low,Two year,Fiber optic,71,99.0,7029.0,421.3650989905,0.049258967286355884,Loyal / High Value
3194-ORPIK,1,0.31526765,0.31526765,Medium,Month-to-month,Fiber optic,50,84.4,4220.0,1330.4294925928116,0.15525394560320654,Loyal / High Value
7826-VVKWT,0,0.15531197,0.15531197,Low,Two year,Fiber optic,24,96.55,2317.2,359.88890129327774,0.04184276962461367,Loyal / High Value
1353-GHZOS,0,0.077169485,0.077169485,Low,One year,DSL,22,59.75,1314.5,101.4392885453999,0.011720332687085569,Low Priority
2587-EKXTS,0,0.4113003,0.4113003,Medium,Month-to-month,Fiber optic,44,111.5,4906.0,2017.8392794132233,0.23561829915416926,Loyal / High Value
5442-BXVND,0,0.06815232,0.06815232,Low,Month-to-month,No,33,24.25,800.25,54.53889677301049,0.006242689550560826,Low Priority
8816-VXNZD,1,0.84461695,0.84461695,Critical,Month-to-month,Fiber optic,1,75.1,75.1,63.430732911825174,0.005573885767550863,Automated Retention
9378-FXTIZ,1,0.10502461,0.10502461,Low,One year,DSL,54,70.15,3788.1000000000004,397.84373817220336,0.04640253134840709,Loyal / High Value
1723-HKXJQ,1,0.5898709,0.5898709,Medium,Month-to-month,Fiber optic,42,101.75,4273.5,2520.813418149948,0.29418180849953685,Loyal / High Value
7825-GKXMW,1,0.59527045,0.59527045,Medium,Month-to-month,DSL,1,45.8,45.8,27.263386833667752,0.0018839439096324706,Low Priority
9753-OYLBX,0,0.3288153,0.3288153,Medium,Month-to-month,No,1,20.5,20.5,6.740713879466057,6.552255591580226e-05,Low Priority
2364-UFROM,0,0.06872928,0.06872928,Low,One year,DSL,30,70.4,2112.0,145.15624237060547,0.016863293778109353,Loyal / High Value
6656-JWRQX,0,0.46584362,0.46584362,Medium,Month-to-month,DSL,1,30.55,30.55,14.231522527337075,0.0006416052267575791,Low Priority
6473-ULUHT,0,0.17072809,0.17072809,Low,Month-to-month,DSL,16,84.9,1358.4,231.91703395843507,0.026808344185441757,Low Priority
1240-KNSEZ,1,0.4514887,0.4514887,Medium,Month-to-month,No,1,20.1,20.1,9.074922940135004,6.879868184265929e-05,Low Priority
0836-SEYLU,1,0.29843804,0.29843804,Low,Month-to-month,DSL,9,40.65,365.84999999999997,109.18355781286954,0.012140486990775847,Low Priority
4433-JCGCG,1,0.5963928,0.5963928,Medium,Month-to-month,Fiber optic,46,101.0,4646.0,2770.840996861458,0.3234748701269431,Loyal / High Value
3716-BDVDB,1,0.8173834,0.8173834,Critical,Month-to-month,Fiber optic,1,69.1,69.1,56.48119353055954,0.0048192968691258345,Automated Retention
7688-AWMDX,0,0.011408688,0.011408688,Low,Two year,DSL,71,54.5,3869.5,44.14591654902324,0.005149502206339349,Loyal / High Value
2842-BCQGE,0,0.32673207,0.32673207,Medium,Month-to-month,Fiber optic,43,75.35,3240.0499999999997,1058.6282409861683,0.12336900765240463,Loyal / High Value
7244-QWYHG,0,0.053705953,0.053705953,Low,One year,DSL,50,44.45,2222.5,119.36148067936301,0.013872820794472673,Loyal / High Value
5899-MQZZL,1,0.52129215,0.52129215,Medium,Month-to-month,Fiber optic,13,75.0,975.0,508.2598462700844,0.05842783592574281,Low Priority
6849-OYAMU,1,0.22950706,0.22950706,Low,One year,Fiber optic,19,100.0,1900.0,436.0634118318558,0.05060820038509342,Loyal / High Value
5312-UXESG,0,0.3484808,0.3484808,Medium,Month-to-month,Fiber optic,41,98.05,4020.0499999999997,1400.9102032706141,0.1634422782729942,Loyal / High Value
9488-HGMJH,1,0.8159456,0.8159456,Critical,Month-to-month,Fiber optic,1,71.15,71.15,58.05453124046326,0.005006886895715252,Automated Retention
6038-GCYEC,1,0.26733434,0.26733434,Low,Month-to-month,DSL,24,54.15,1299.6,347.42771086692807,0.04013524770691979,Low Priority
2150-WLKUW,0,0.06040758,0.06040758,Low,One year,DSL,40,63.9,2556.0,154.40177178382874,0.017965363524434983,Loyal / High Value
7159-FVYPK,0,0.46032047,0.46032047,Medium,Month-to-month,DSL,3,69.15,207.45000000000002,95.49348206520081,0.010179043648972694,Low Priority
7032-LMBHI,0,0.052785795,0.052785795,Low,One year,DSL,37,64.65,2392.05,126.26626136507839,0.014684204849922281,Loyal / High Value
1150-WFARN,1,0.108397424,0.108397424,Low,Two year,Fiber optic,67,108.75,7286.25,789.8107322305441,0.09234021716232048,Loyal / High Value
6088-BXMRG,0,0.52598584,0.52598584,Medium,Month-to-month,Fiber optic,32,98.85,3163.2,1663.7983995437621,0.19386602890665872,Loyal / High Value
3144-AUDBS,1,0.38824034,0.38824034,Medium,Month-to-month,DSL,6,49.15,294.9,114.49207549095154,0.012564839313151865,Low Priority
4821-SJHJV,0,0.3270275,0.3270275,Medium,Month-to-month,Fiber optic,32,89.6,2867.2,937.6532470703124,0.1091880544444402,Loyal / High Value
7346-MEDWM,0,0.3251407,0.3251407,Medium,Month-to-month,Fiber optic,59,83.25,4911.75,1597.0099051594734,0.18647989259707193,Loyal / High Value
1137-DGOWI,0,0.06731676,0.06731676,Low,One year,DSL,30,70.25,2107.5,141.87007823958993,0.01648121285320393,Loyal / High Value
5616-PRTNT,1,0.14128152,0.14128152,Low,Month-to-month,No,20,19.4,388.0,54.81722795963287,0.006114161603393093,Low Priority
3812-LRZIR,0,0.027609037,0.027609037,Low,Two year,No,27,24.5,661.5,18.263378131203353,0.0020799334479531867,Low Priority
4818-QIUFN,1,0.4718873,0.4718873,Medium,Month-to-month,Fiber optic,20,79.15,1583.0,746.9975808262825,0.08652078251187414,Loyal / High Value
9483-GCPWE,0,0.047894616,0.047894616,Low,One year,No,9,20.1,180.9,8.66413597650826,0.0009100381191068839,Low Priority
4227-OJHAL,0,0.049561948,0.049561948,Low,One year,DSL,68,73.0,4964.0,246.02550780773163,0.028729105306773903,Loyal / High Value
9220-CXRSC,0,0.018213624,0.018213624,Low,Two year,DSL,69,61.4,4236.599999999999,77.16384000889956,0.009004761800821449,Loyal / High Value
4993-JCRGJ,0,0.27330643,0.27330643,Low,Month-to-month,Fiber optic,26,84.3,2191.7999999999997,599.0330319285392,0.06961445881658848,Loyal / High Value
9537-JALFH,0,0.011499072,0.011499072,Low,Two year,No,69,19.9,1373.1,15.78937634686008,0.0018254400067128672,Low Priority
6698-OXETB,0,0.023334365,0.023334365,Low,Two year,No,11,20.4,224.39999999999998,5.236231581866741,0.0005623529531028112,Low Priority
2103-ZRXFN,0,0.56706476,0.56706476,Medium,Month-to-month,DSL,1,50.75,50.75,28.778536677360535,0.0021237011381270553,Low Priority
3724-BSCVH,0,0.038831335,0.038831335,Low,One year,No,10,20.45,204.5,7.9410079177469015,0.0008452478933793653,Low Priority
4877-TSOFF,0,0.04964727,0.04964727,Low,One year,DSL,55,75.75,4166.25,206.84294544160366,0.02413606253925596,Loyal / High Value
9209-NWPGU,0,0.075147085,0.075147085,Low,One year,DSL,44,65.4,2877.6000000000004,216.2432514846325,0.02518174304771506,Loyal / High Value
6961-VCPMC,1,0.40021306,0.40021306,Medium,Month-to-month,Fiber optic,46,80.4,3698.4,1480.1479913234712,0.1726162773986687,Loyal / High Value
7306-YDSOI,0,0.0146502545,0.0146502545,Low,Two year,DSL,69,59.75,4122.75,60.39933678251691,0.00704753282043821,Loyal / High Value
5288-AHOUP,0,0.6000554,0.6000554,High,Month-to-month,Fiber optic,11,78.5,863.5,518.1478349268436,0.059413305686371765,Automated Retention
6688-UZPWD,1,0.788867,0.788867,High,Month-to-month,Fiber optic,11,102.0,1122.0,885.1087703704834,0.1020112142291001,Automated Retention
0655-YDGFJ,0,0.11022169,0.11022169,Low,Month-to-month,DSL,29,48.95,1419.5500000000002,156.46520206891003,0.01809745806803653,Loyal / High Value
8468-EHYJA,0,0.36316457,0.36316457,Medium,Month-to-month,Fiber optic,57,99.65,5680.05,2062.792938025296,0.240993698897673,Loyal / High Value
6823-SIDFQ,0,0.023439053,0.023439053,Low,One year,No,28,18.25,511.0,11.977356310933828,0.0013522953519021948,Low Priority
1097-FSPVW,0,0.11316949,0.11316949,Low,Month-to-month,DSL,42,54.55,2291.1,259.2826214969158,0.030142891394017733,Loyal / High Value
2839-RFSQE,1,0.14945051,0.14945051,Low,Month-to-month,No,2,20.65,41.3,6.17230609357357,0.00039415750324178344,Low Priority
8328-SKJNO,0,0.048534784,0.048534784,Low,One year,DSL,23,40.65,934.9499999999999,45.37759673651308,0.005212061936017412,Low Priority
7010-ZMVBF,0,0.065839626,0.065839626,Low,Month-to-month,No,18,20.45,368.09999999999997,24.23556629195809,0.002695726430646527,Low Priority
5201-CBWYG,0,0.02275854,0.02275854,Low,One year,No,62,24.8,1537.6000000000001,34.9935307443142,0.004051677395526071,Loyal / High Value
0968-GSIKN,1,0.761842,0.761842,High,Month-to-month,Fiber optic,1,70.8,70.8,53.938414478302,0.004643635672013382,Automated Retention
1965-DDBWU,1,0.4633714,0.4633714,Medium,Month-to-month,Fiber optic,16,89.05,1424.8,660.2115651130676,0.07636676937207545,Loyal / High Value
9057-SIHCH,1,0.85472006,0.85472006,Critical,Month-to-month,Fiber optic,3,96.6,289.79999999999995,247.6978722453117,0.02715082698699368,Automated Retention
6352-GIGGQ,0,0.0833728,0.0833728,Low,One year,DSL,67,88.8,5949.599999999999,496.0348200559616,0.05795988974434624,Loyal / High Value
3635-QQRQD,0,0.013468363,0.013468363,Low,Two year,No,62,20.05,1243.1000000000001,16.742522445973012,0.001932825067459846,Low Priority
6771-XWBDM,1,0.3863371,0.3863371,Medium,Month-to-month,Fiber optic,57,104.5,5956.5,2301.2169448435307,0.26888993428076846,Loyal / High Value
2897-DOVND,0,0.6501985,0.6501985,High,Month-to-month,Fiber optic,2,69.8,139.6,90.76771328449249,0.00920667445646223,Automated Retention
3082-YVEKW,0,0.024293926,0.024293926,Low,Two year,DSL,23,77.15,1774.45,43.10835630428046,0.0049994878214967365,Loyal / High Value
0191-EQUUH,0,0.023852486,0.023852486,Low,Two year,DSL,25,35.05,876.2499999999999,20.90074100065976,0.0023973549161651654,Low Priority
7134-HBPBS,0,0.06605247,0.06605247,Low,Two year,Fiber optic,72,108.1,7783.2,514.0995582818985,0.06011554903287191,Loyal / High Value
3489-HHPFY,0,0.7877442,0.7877442,High,Month-to-month,Fiber optic,2,84.05,168.1,132.4198040664196,0.013785893268693188,Automated Retention
2926-JEJJC,0,0.055287786,0.055287786,Low,One year,No,8,20.2,161.6,8.93450618982315,0.0009254379004424483,Low Priority
8601-QACRS,1,0.43438146,0.43438146,Medium,Month-to-month,DSL,5,50.6,253.0,109.89850816130638,0.01192471596069315,Low Priority
4950-BDEUX,0,0.27940744,0.27940744,Low,Month-to-month,DSL,35,49.2,1722.0,481.1396144628525,0.05578192453118794,Loyal / High Value
5789-LDFXO,0,0.057125438,0.057125438,Low,One year,No,24,24.6,590.4000000000001,33.72685859799385,0.0038274686285053555,Low Priority
0508-OOLTO,0,0.6361465,0.6361465,High,Month-to-month,Fiber optic,2,71.65,143.3,91.1597914159298,0.00928359872969643,Automated Retention
2984-TBYKU,0,0.03527585,0.03527585,Low,Two year,Fiber optic,72,104.9,7552.8,266.4314432412386,0.03115250577326425,Loyal / High Value
9822-WMWVG,0,0.37979677,0.37979677,Medium,Month-to-month,Fiber optic,41,106.5,4366.5,1658.3826101571321,0.1935533607020186,Loyal / High Value
2391-SOORI,1,0.3329216,0.3329216,Medium,Month-to-month,DSL,4,49.35,197.4,65.71872273087502,0.006969687354241603,Low Priority
9040-KZVWO,0,0.084589206,0.084589206,Low,One year,Fiber optic,26,75.5,1963.0,166.04861075431108,0.01927728029907683,Loyal / High Value
2645-QTLMB,1,0.73821217,0.73821217,High,Month-to-month,Fiber optic,7,94.25,659.75,487.03547798097134,0.05546196188326346,Automated Retention
4806-HIPDW,1,0.8179184,0.8179184,Critical,Month-to-month,Fiber optic,1,68.95,68.95,56.39547504782677,0.004808070231019467,Automated Retention
1548-ARAGG,0,0.3326622,0.3326622,Medium,Month-to-month,DSL,4,58.5,234.0,77.84295362234116,0.00839142258497708,Low Priority
6339-RZCBJ,0,0.023235695,0.023235695,Low,Two year,DSL,48,78.9,3787.2000000000003,87.99822575747967,0.010263666856159936,Loyal / High Value
4424-TKOPW,1,0.8499859,0.8499859,Critical,Month-to-month,Fiber optic,2,93.85,187.7,159.54235296845434,0.016827951295794574,Automated Retention
4415-WNGVR,0,0.23931043,0.23931043,Low,One year,DSL,12,79.2,950.4000000000001,227.4406312465668,0.026132501311745535,Low Priority
2522-AHJXR,0,0.21057174,0.21057174,Low,Month-to-month,Fiber optic,60,109.45,6567.0,1382.8245909512043,0.16162624745786927,Loyal / High Value
0412-UCCNP,0,0.033350043,0.033350043,Low,Two year,DSL,55,59.2,3256.0,108.58774000406265,0.012654815172037388,Loyal / High Value
1816-FLZDK,0,0.44089168,0.44089168,Medium,Month-to-month,DSL,1,29.15,29.15,12.851992562413216,0.00053488711085218,Low Priority
7096-UCLNH,0,0.35376236,0.35376236,Medium,Month-to-month,No,1,20.05,20.05,7.092935286462307,5.1833616376806274e-05,Low Priority
8443-ZRDBZ,1,0.7367981,0.7367981,High,Month-to-month,Fiber optic,4,76.05,304.2,224.1339843392372,0.024648605110172656,Automated Retention
9136-ALYBR,1,0.61475414,0.61475414,High,Month-to-month,DSL,1,24.45,24.45,15.030738732218742,0.0004071362637296396,Automated Retention
4615-PIVVU,0,0.025758645,0.025758645,Low,Two year,DSL,42,66.5,2793.0,71.94389427267015,0.008376269663685118,Loyal / High Value
8885-QSQBX,0,0.46508625,0.46508625,Medium,Month-to-month,DSL,1,49.55,49.55,23.045023761689663,0.0016763646654094394,Low Priority
7479-NITWS,1,0.755707,0.755707,High,Month-to-month,Fiber optic,7,89.35,625.4499999999999,472.65695911645884,0.053738004857058014,Automated Retention
8617-ENBDS,0,0.6045911,0.6045911,High,Month-to-month,Fiber optic,3,73.6,220.79999999999998,133.49370861053467,0.014315383118945495,Automated Retention
9385-NXKDA,0,0.016394963,0.016394963,Low,Two year,DSL,72,82.65,5950.8,97.56314872428776,0.011399911315021763,Loyal / High Value
0430-IHCDJ,0,0.40063402,0.40063402,Medium,Month-to-month,DSL,15,49.0,735.0,294.4660051167011,0.033633496522182414,Low Priority
2959-MJHIC,1,0.7132355,0.7132355,High,Month-to-month,Fiber optic,4,80.35,321.4,229.23388888835905,0.025298323979725625,Automated Retention
6674-KVJHG,0,0.08636048,0.08636048,Low,One year,No,11,25.2,277.2,23.93912419974804,0.0026157571307459625,Low Priority
1814-DKOLC,0,0.17752981,0.17752981,Low,Month-to-month,No,5,25.45,127.25,22.590668559074402,0.002256787801964875,Low Priority
4201-JMNGR,1,0.66638196,0.66638196,High,Month-to-month,DSL,1,55.8,55.8,37.18411309719085,0.002890113036903508,Automated Retention
9351-HXDMR,0,0.03525001,0.03525001,Low,Two year,Fiber optic,72,110.9,7984.8,281.4642944723368,0.03291466549253377,Loyal / High Value
3537-HPKQT,0,0.2534635,0.2534635,Low,Month-to-month,Fiber optic,55,77.75,4276.25,1083.8733205199242,0.12648961536407424,Loyal / High Value
2129-ALKBS,0,0.117977954,0.117977954,Low,Month-to-month,No,40,26.2,1048.0,123.64089626073837,0.0142328055510514,Low Priority
5821-MMEIL,0,0.017271705,0.017271705,Low,Two year,No,57,19.9,1134.3,19.59129494950175,0.002258367743814715,Low Priority
5960-WPXQM,1,0.848022,0.848022,Critical,Month-to-month,Fiber optic,1,79.05,79.05,67.03613784313201,0.0059889962188256745,Automated Retention
0684-AOSIH,1,0.7938504,0.7938504,High,Month-to-month,Fiber optic,1,95.0,95.0,75.41579008102417,0.007090608841569819,Automated Retention
8260-NGFNY,1,0.55638045,0.55638045,Medium,Month-to-month,DSL,1,25.2,25.2,14.020787358283997,0.00041738968546553286,Low Priority
1309-XGFSN,0,0.1599692,0.1599692,Low,One year,DSL,52,80.85,4204.2,672.54249266088,0.07848076141472214,Loyal / High Value
1866-RZZQS,1,0.621215,0.621215,High,Month-to-month,Fiber optic,41,98.4,4034.4,2506.229738903046,0.2924032840830262,Priority Retention
6968-URWQU,0,0.068161905,0.068161905,Low,One year,DSL,43,56.35,2423.05,165.1597034543753,0.019209285873489346,Loyal / High Value
4742-TXUEX,0,0.020025365,0.020025365,Low,Two year,No,47,19.3,907.1,18.165008641034365,0.0020851148464468942,Low Priority
9631-XEYKE,0,0.4851576,0.4851576,Medium,Month-to-month,DSL,3,50.4,151.2,73.35583047866821,0.007529405878391464,Low Priority
8631-NBHFZ,1,0.041132554,0.041132554,Low,Two year,DSL,66,79.4,5240.400000000001,215.55103814005855,0.025175561013352755,Loyal / High Value
1335-MXCSE,0,0.01753986,0.01753986,Low,Two year,DSL,55,55.25,3038.75,53.299251643475145,0.006208915775351415,Loyal / High Value
8873-TMKGR,0,0.023245957,0.023245957,Low,One year,No,29,19.1,553.9000000000001,12.875935443118216,0.0014580494486405437,Low Priority
8800-JOOCF,0,0.64201653,0.64201653,High,Month-to-month,Fiber optic,12,84.05,1008.5999999999999,647.5378721952437,0.07448752361104528,Automated Retention
1469-LBJQJ,0,0.46165523,0.46165523,Medium,Month-to-month,Fiber optic,66,105.2,6943.2,3205.3645882844926,0.37470525482617767,Loyal / High Value
4958-XCBDQ,1,0.6010995,0.6010995,High,Month-to-month,Fiber optic,35,101.4,3549.0,2133.3020939826965,0.24873422537856946,Priority Retention
8337-UPOAQ,1,0.7459508,0.7459508,High,Month-to-month,Fiber optic,10,89.8,898.0,669.8638346195221,0.07687546408945514,Automated Retention
0064-YIJGF,0,0.31387475,0.31387475,Medium,Month-to-month,Fiber optic,27,75.75,2045.25,641.9523351565003,0.07455592294536609,Loyal / High Value
2386-OWURY,0,0.28740925,0.28740925,Low,Month-to-month,Fiber optic,58,95.3,5527.4,1588.625866162777,0.18558029026849457,Loyal / High Value
1725-IQNIY,1,0.15196519,0.15196519,Low,Two year,Fiber optic,54,109.75,5926.5,900.6216748282313,0.10523311249665154,Loyal / High Value
0310-VQXAM,0,0.12221341,0.12221341,Low,Month-to-month,No,9,19.85,178.65,21.83342540189624,0.002289925605412894,Low Priority
6598-RFFVI,1,0.058223378,0.058223378,Low,One year,No,2,19.3,38.6,2.2474223874509334,0.0001351302141178363,Low Priority
3453-RTHJQ,0,0.6064289,0.6064289,High,Month-to-month,Fiber optic,6,69.1,414.59999999999997,251.4254307389259,0.0281349126758181,Automated Retention
6712-OAWRH,1,0.5240945,0.5240945,Medium,Month-to-month,Fiber optic,26,91.25,2372.5,1243.4142534434795,0.1445941106092802,Loyal / High Value
6278-FEPBZ,0,0.11658651,0.11658651,Low,Month-to-month,No,9,20.25,182.25,21.247890785336494,0.0022336909773117467,Low Priority
4280-DLSHD,0,0.23920879,0.23920879,Low,Month-to-month,DSL,8,54.75,438.0,104.77344900369644,0.011754070212316977,Low Priority
1508-DFXCU,0,0.61480916,0.61480916,High,Month-to-month,Fiber optic,12,81.45,977.4000000000001,600.9144685506822,0.0690824334710188,Automated Retention
8614-VGMMV,1,0.403925,0.403925,Medium,Month-to-month,DSL,15,49.1,736.5,297.4907636940479,0.03398079680039953,Low Priority
7868-BGSZA,0,0.13711539,0.13711539,Low,One year,DSL,43,80.2,3448.6,472.8561308801174,0.055124526627540624,Loyal / High Value
2800-QQUSO,0,0.5115267,0.5115267,Medium,Month-to-month,Fiber optic,42,100.3,4212.599999999999,2154.8573925733563,0.25145825798730154,Loyal / High Value
2930-UOTMB,1,0.09422498,0.09422498,Low,Month-to-month,DSL,31,65.25,2022.75,190.59358226694167,0.022133129290841304,Loyal / High Value
7973-DZRKH,0,0.029586233,0.029586233,Low,Two year,Fiber optic,66,90.95,6002.7,177.5972820214927,0.020752187363718845,Loyal / High Value
5914-DVBWJ,1,0.5423768,0.5423768,Medium,Month-to-month,Fiber optic,18,85.45,1538.1000000000001,834.2297811090947,0.09659052618191663,Loyal / High Value
7698-YFGEZ,0,0.35376236,0.35376236,Medium,Month-to-month,No,1,20.0,20.0,7.075247168540955,4.976027172173399e-05,Low Priority
2533-QVMSK,1,0.085198134,0.085198134,Low,Two year,Fiber optic,61,94.1,5740.099999999999,489.0458100289106,0.0571366378828598,Loyal / High Value
9773-PEQBZ,0,0.5099486,0.5099486,Medium,Month-to-month,Fiber optic,10,79.85,798.5,407.19396609067917,0.0466062139205506,Low Priority
8644-XLFBW,1,0.81334245,0.81334245,Critical,Month-to-month,Fiber optic,1,71.65,71.65,58.27598668932915,0.005038581745921224,Automated Retention
0650-BWOZN,0,0.48525202,0.48525202,Medium,Month-to-month,Fiber optic,18,73.55,1323.8999999999999,642.4251529097556,0.07423368516529713,Low Priority
8625-AZYZY,1,0.6578065,0.6578065,High,Month-to-month,Fiber optic,24,104.65,2511.6000000000004,1652.1468448162082,0.19220978084222232,Priority Retention
7785-RDVIG,0,0.13778682,0.13778682,Low,Month-to-month,No,3,19.3,57.900000000000006,7.977856908738614,0.0006315013928589009,Low Priority
9602-WCXPI,0,0.025048312,0.025048312,Low,One year,No,50,20.15,1007.4999999999999,25.236174138262864,0.002902905321224129,Low Priority
2903-YYTBW,0,0.54537493,0.54537493,Medium,Month-to-month,DSL,1,44.55,44.55,24.296453127264975,0.0016461229891518363,Low Priority
3620-MWJNE,0,0.3509779,0.3509779,Medium,Month-to-month,DSL,2,54.45,108.9,38.221493053436284,0.0037067597263841278,Low Priority
8573-JGCZW,0,0.041884545,0.041884545,Low,One year,No,17,19.65,334.04999999999995,13.991532336361704,0.0015477427426281618,Low Priority
6837-HAEVO,0,0.17236923,0.17236923,Low,Two year,Fiber optic,69,105.0,7245.0,1248.815048262477,0.1460022630812062,Loyal / High Value
6701-YVNQG,0,0.013531467,0.013531467,Low,Two year,DSL,72,88.7,6386.400000000001,86.41736050397158,0.010099747857908226,Loyal / High Value
9306-CPCBC,1,0.732091,0.732091,High,Month-to-month,Fiber optic,3,74.25,222.75,163.07327239215374,0.01750163651202139,Automated Retention
4304-XUMGI,0,0.033359073,0.033359073,Low,Two year,DSL,50,75.15,3757.5000000000005,125.34671718254687,0.014619229019155609,Loyal / High Value
9504-YAZWB,0,0.017510837,0.017510837,Low,Two year,No,53,20.25,1073.25,18.793505750130862,0.002164326474069763,Low Priority
8819-ZBYNA,0,0.13837323,0.13837323,Low,Two year,Fiber optic,58,109.1,6327.799999999999,875.5980990231036,0.10232988118619529,Loyal / High Value
6174-NRBTZ,0,0.07017515,0.07017515,Low,One year,DSL,46,30.75,1414.5,99.26274761930108,0.011480618767186703,Loyal / High Value
9481-IEBZY,0,0.17435516,0.17435516,Low,Month-to-month,Fiber optic,72,112.9,8128.8,1417.2982585072518,0.16574695018530225,Loyal / High Value
1833-VGRUM,1,0.84885985,0.84885985,Critical,Month-to-month,Fiber optic,1,74.2,74.2,62.98540061712265,0.005512335369138456,Automated Retention
6137-NICCO,0,0.74987704,0.74987704,High,Month-to-month,Fiber optic,6,94.05,564.3,423.15561119914054,0.04794846245891848,Automated Retention
9065-ZCPQX,0,0.011820788,0.011820788,Low,Two year,DSL,72,78.85,5677.2,67.10897515788675,0.00784025041631717,Loyal / High Value
6402-EJMWF,0,0.3600377,0.3600377,Medium,Month-to-month,DSL,4,55.3,221.2,79.64034239053726,0.008541779979694542,Low Priority
3620-EHIMZ,0,0.021673145,0.021673145,Low,Two year,No,52,19.35,1006.2,21.807518270239235,0.0025084470119694107,Low Priority
6870-ECSHE,0,0.06612441,0.06612441,Low,One year,No,2,20.45,40.9,2.704488345980644,0.0001712947121813658,Low Priority
8747-UDCOI,0,0.018724343,0.018724343,Low,Two year,No,65,19.35,1257.75,23.55054216692224,0.0027192569066637104,Low Priority
8374-XGEJJ,1,0.6012214,0.6012214,High,Month-to-month,Fiber optic,43,101.0,4343.0,2611.1044647097588,0.30474042370552107,Priority Retention
2656-TABEH,1,0.8402968,0.8402968,Critical,Month-to-month,Fiber optic,4,100.2,400.8,336.79095940589906,0.037625818111600505,Automated Retention
6946-LMSQS,1,0.23574848,0.23574848,Low,One year,Fiber optic,25,89.05,2226.25,524.8350641317666,0.060999975691441874,Loyal / High Value
4626-OZDTJ,0,0.09376273,0.09376273,Low,One year,DSL,51,78.65,4011.15,376.09638664238156,0.04387819383687962,Loyal / High Value
9169-BSVIN,0,0.31392255,0.31392255,Medium,Month-to-month,DSL,12,74.75,897.0,281.5885311663151,0.03231512414974797,Low Priority
2325-ZUSFD,1,0.059653454,0.059653454,Low,One year,DSL,57,70.1,3995.7,238.35730426535008,0.027808024584936128,Loyal / High Value
8194-PEEBY,0,0.026105048,0.026105048,Low,One year,No,24,19.9,477.59999999999997,12.467770989239215,0.0014039052049304509,Low Priority
6872-HXFNF,0,0.032021534,0.032021534,Low,One year,DSL,64,58.35,3734.4,119.58121544122696,0.01394636283379917,Loyal / High Value
3932-CMDTD,1,0.573962,0.573962,Medium,One year,Fiber optic,4,105.65,422.6,242.556329870224,0.02716685164739383,Low Priority
7714-YXSMB,0,0.5080118,0.5080118,Medium,Month-to-month,Fiber optic,26,100.5,2613.0,1327.4348802566528,0.1544781810389545,Loyal / High Value
8387-UGUSU,0,0.09126462,0.09126462,Low,Month-to-month,No,15,20.05,300.75,27.447834592312574,0.0030162298068682264,Low Priority
1080-BWSYE,0,0.020960445,0.020960445,Low,Two year,No,64,25.65,1641.6,34.408665829896925,0.003987083818420448,Loyal / High Value
4039-HEUNW,1,0.5641399,0.5641399,Medium,Month-to-month,Fiber optic,36,96.5,3474.0,1959.8220216035843,0.22848089265693688,Loyal / High Value
1194-HVAIF,0,0.37758428,0.37758428,Medium,Month-to-month,Fiber optic,27,95.0,2565.0,968.5036745667458,0.11269283220758806,Loyal / High Value
0812-WUPTB,1,0.7520226,0.7520226,High,Month-to-month,Fiber optic,1,70.85,70.85,53.28080291152,0.004588191295482794,Automated Retention
3594-UVONA,1,0.10329896,0.10329896,Low,One year,DSL,35,85.95,3008.25,310.74910278618336,0.03619737930166893,Loyal / High Value
0004-TLHLJ,1,0.6657508,0.6657508,High,Month-to-month,Fiber optic,4,73.9,295.6,196.79593694210055,0.021600691798658006,Automated Retention
1767-TGTKO,0,0.3360797,0.3360797,Medium,Month-to-month,DSL,8,45.45,363.6,122.19857414960862,0.013583115626906238,Low Priority
8439-LTUGF,0,0.11000845,0.11000845,Low,Month-to-month,No,10,20.0,200.0,22.001689672470093,0.0023365447818897577,Low Priority
8805-JNRAZ,0,0.39020956,0.39020956,Medium,Month-to-month,DSL,2,49.2,98.4,38.39662027359009,0.003640833719502869,Low Priority
5089-IFSDP,1,0.16834429,0.16834429,Low,Two year,Fiber optic,58,109.45,6348.1,1068.6663814097644,0.12489468173004424,Loyal / High Value
6418-HNFED,0,0.020647435,0.020647435,Low,Two year,DSL,51,83.25,4245.75,87.66384510369971,0.010230175512796109,Loyal / High Value
0206-OYVOC,0,0.019544164,0.019544164,Low,Two year,No,46,19.25,885.5,17.306356973014772,0.001985526853795593,Low Priority
7291-CDTMJ,0,0.4043436,0.4043436,Medium,Month-to-month,No,1,19.65,19.65,7.945351839065551,4.0286485404782145e-05,Low Priority
7128-GGCNO,0,0.25005,0.25005,Low,Month-to-month,Fiber optic,46,72.8,3348.7999999999997,837.3674677848816,0.097602509333845,Loyal / High Value
0237-YFUTL,0,0.28286216,0.28286216,Low,Month-to-month,Fiber optic,50,109.65,5482.5,1550.7917737215757,0.18115551917396613,Loyal / High Value
7691-KGKGP,0,0.06714097,0.06714097,Low,Month-to-month,DSL,53,65.0,3445.0,231.30063012242317,0.02696436374124757,Loyal / High Value
6710-HSJRD,0,0.36555573,0.36555573,Medium,Month-to-month,Fiber optic,61,114.1,6960.099999999999,2544.3044603317976,0.29742967138773935,Loyal / High Value
3675-EQOZA,0,0.11969059,0.11969059,Low,Month-to-month,No,5,20.65,103.25,12.35805337689817,0.001184812252941092,Low Priority
0840-DCNZE,0,0.089336134,0.089336134,Low,One year,DSL,47,86.95,4086.65,365.0855140272528,0.04259728932609454,Loyal / High Value
1732-FEKLD,0,0.14671558,0.14671558,Low,One year,Fiber optic,54,94.75,5116.5,750.670272320509,0.08766785673643422,Loyal / High Value
9862-KJTYK,0,0.18728985,0.18728985,Low,Month-to-month,DSL,19,25.35,481.65000000000003,90.208155734092,0.010161185598078435,Low Priority
0479-HMSWA,0,0.11104536,0.11104536,Low,Two year,Fiber optic,26,105.45,2741.7000000000003,304.45306506156925,0.03544230732873965,Loyal / High Value
5854-KSRBJ,0,0.012452708,0.012452708,Low,Two year,No,70,25.4,1778.0,22.14091415889561,0.0025678454678741804,Loyal / High Value
0365-BZUWY,0,0.68248427,0.68248427,High,Month-to-month,Fiber optic,17,102.55,1743.35,1189.8089506089686,0.13796162865119752,Priority Retention
4817-VYYWS,1,0.6093242,0.6093242,High,Month-to-month,Fiber optic,30,100.2,3006.0,1831.62859582901,0.21335489738282631,Priority Retention
5701-SVCWR,0,0.3526814,0.3526814,Medium,Month-to-month,No,1,24.0,24.0,8.464353561401367,0.00021496896938730334,Low Priority
3129-AAQOU,0,0.022204665,0.022204665,Low,Two year,No,19,25.6,486.40000000000003,10.800349283218384,0.0012170505406550185,Low Priority
4922-CVPDX,0,0.031540707,0.031540707,Low,Two year,DSL,26,73.5,1911.0,60.27429060637951,0.006995654224424391,Loyal / High Value
1396-QWFBJ,1,0.32265517,0.32265517,Medium,Month-to-month,Fiber optic,21,74.05,1555.05,501.74492390602825,0.058101909073553164,Loyal / High Value
1357-BIJKI,0,0.356615,0.356615,Medium,One year,Fiber optic,50,98.25,4912.5,1751.871221512556,0.20456288205438752,Loyal / High Value
1099-BTKWT,0,0.1339861,0.1339861,Low,One year,DSL,68,54.4,3699.2,495.64138317108154,0.05780223702183251,Loyal / High Value
5299-SJCZT,1,0.8366594,0.8366594,Critical,Month-to-month,Fiber optic,3,101.55,304.65,254.88827763497827,0.028033463222541286,Automated Retention
2018-PZKMU,0,0.5073247,0.5073247,Medium,Month-to-month,Fiber optic,9,103.1,927.9,470.7465850353241,0.05406143107162949,Low Priority
7340-KEFQE,0,0.016619505,0.016619505,Low,Two year,DSL,51,34.2,1744.2,28.98774125017226,0.00336122638660337,Loyal / High Value
4570-QHXHL,0,0.3788157,0.3788157,Medium,Month-to-month,DSL,9,43.75,393.75,149.1586860269308,0.01664911743584637,Low Priority
2403-BCASL,1,0.3463221,0.3463221,Medium,One year,Fiber optic,41,111.95,4589.95,1589.6010743960737,0.18556477624656795,Loyal / High Value
7392-YYPYJ,0,0.6755336,0.6755336,High,Month-to-month,Fiber optic,22,100.65,2214.3,1495.834034317732,0.17384822800719169,Priority Retention
2898-LSJGD,1,0.25178277,0.25178277,Low,One year,DSL,21,55.95,1174.95,295.8321713984013,0.034121654073261315,Low Priority
2223-GDSHL,0,0.046437167,0.046437167,Low,Two year,Fiber optic,71,116.05,8239.55,382.6213563162833,0.04474732014061519,Loyal / High Value
7359-PTSXY,1,0.594699,0.594699,Medium,Month-to-month,DSL,1,45.75,45.75,27.207480400800705,0.0018786499821717186,Low Priority
9470-RTWDV,0,0.114900224,0.114900224,Low,One year,DSL,26,82.0,2132.0,244.96727737784386,0.028461078531545458,Loyal / High Value
2176-OSJUV,0,0.01387497,0.01387497,Low,Two year,DSL,71,65.15,4625.650000000001,64.18075672201813,0.007492487256064807,Loyal / High Value
9348-YVOMK,0,0.39823267,0.39823267,Medium,Month-to-month,DSL,4,44.8,179.2,71.3632942199707,0.0074874015436951396,Low Priority
8104-OSKWT,0,0.45421332,0.45421332,Medium,Month-to-month,Fiber optic,12,79.8,957.5999999999999,434.95467638969416,0.04998305818067398,Low Priority
4521-YEEHE,0,0.5595263,0.5595263,Medium,Month-to-month,Fiber optic,18,88.85,1599.3,894.8504504084586,0.10365849534791613,Loyal / High Value
4090-KPJIP,0,0.7314263,0.7314263,High,Month-to-month,Fiber optic,3,74.95,224.85000000000002,164.46120324432852,0.01766579013858591,Automated Retention
3786-WOVKF,0,0.12660706,0.12660706,Low,One year,Fiber optic,72,106.85,7693.2,974.0134373188018,0.11389174144114216,Loyal / High Value
4503-BDXBD,1,0.4064311,0.4064311,Medium,Month-to-month,Fiber optic,11,74.95,824.45,335.08212757855654,0.0383816136926516,Low Priority
6086-ESGRL,1,0.7614858,0.7614858,High,Month-to-month,Fiber optic,1,80.15,80.15,61.03308807611466,0.005476035581536966,Automated Retention
2592-HODOV,0,0.036770925,0.036770925,Low,One year,No,13,19.3,250.9,9.225825063884258,0.0010003905283288564,Low Priority
3886-CERTZ,1,0.2549755,0.2549755,Low,One year,Fiber optic,72,109.25,7866.0,2005.637265086174,0.23453250723567476,Loyal / High Value
7995-ZHHNZ,0,0.04830616,0.04830616,Low,One year,DSL,42,56.1,2356.2000000000003,113.81897342652084,0.013235045201686578,Loyal / High Value
3824-RHKVR,0,0.090561636,0.090561636,Low,Month-to-month,No,17,19.7,334.9,30.329091826826332,0.003355510722281968,Low Priority
5816-SCGFC,0,0.28598422,0.28598422,Low,Month-to-month,DSL,7,51.3,359.09999999999997,102.69693272709846,0.011407589720840168,Low Priority
5989-AXPUC,0,0.06576006,0.06576006,Low,Two year,Fiber optic,68,118.6,8064.799999999999,530.3417411208152,0.062020050165427186,Loyal / High Value
4979-HPRFL,0,0.014729547,0.014729547,Low,Two year,No,56,24.15,1352.3999999999999,19.920239787921307,0.0023025276981446462,Low Priority
8590-OHDIW,0,0.023004998,0.023004998,Low,One year,No,38,20.3,771.4,17.746055088192225,0.0020294403055590555,Low Priority
8015-IHCGW,0,0.024238471,0.024238471,Low,Two year,Fiber optic,72,115.5,8316.0,201.5671243518591,0.023573640413793322,Loyal / High Value
2332-TODQS,0,0.0364441,0.0364441,Low,One year,No,48,25.05,1202.4,43.820387622714044,0.0050561748071596725,Low Priority
9278-VZKCD,0,0.41083452,0.41083452,Medium,Month-to-month,Fiber optic,52,109.1,5673.2,2330.746404850483,0.2722972988389259,Loyal / High Value
8008-OTEZX,0,0.026955243,0.026955243,Low,One year,No,35,19.65,687.75,18.538468510843813,0.002113619413292692,Low Priority
2773-OVBPK,0,0.18482016,0.18482016,Low,Two year,Fiber optic,67,111.3,7457.099999999999,1378.2224171474575,0.16114354347974333,Loyal / High Value
5999-LCXAO,0,0.49477842,0.49477842,Medium,Month-to-month,DSL,1,29.9,29.9,14.793874892592429,0.0006437594373553252,Low Priority
5206-XZZQI,0,0.16823451,0.16823451,Low,Month-to-month,Fiber optic,53,80.6,4271.799999999999,718.6641892582177,0.08386878521528877,Loyal / High Value
4803-LBYPN,0,0.051594157,0.051594157,Low,Month-to-month,No,34,20.8,707.2,36.48738766908646,0.004163238175376825,Low Priority
5759-RCVCB,1,0.5058781,0.5058781,Medium,Month-to-month,DSL,3,35.2,105.60000000000001,53.42072639465332,0.005147015459315721,Low Priority
6372-RFVNS,1,0.81385446,0.81385446,Critical,Month-to-month,Fiber optic,1,78.8,78.8,64.13173112869262,0.005723845104659667,Automated Retention
2139-FQHLM,0,0.2647114,0.2647114,Low,Month-to-month,Fiber optic,19,89.95,1709.05,452.405034931004,0.052446134239805486,Loyal / High Value
8261-GWDBQ,0,0.08072413,0.08072413,Low,Two year,Fiber optic,60,116.05,6963.0,562.0821004137397,0.06570757769306021,Loyal / High Value
1093-YSWCA,0,0.028916886,0.028916886,Low,Two year,No,11,19.55,215.05,6.218576350715011,0.0006651982010127515,Low Priority
8938-UMKPI,1,0.5404229,0.5404229,Medium,Month-to-month,Fiber optic,47,106.4,5000.8,2702.5469203948974,0.31559299624511733,Loyal / High Value
0991-BRRFB,1,0.21778259,0.21778259,Low,Month-to-month,DSL,18,49.4,889.1999999999999,193.6522761940956,0.022219378699598145,Low Priority
3882-IYOIJ,0,0.064224675,0.064224675,Low,Two year,Fiber optic,60,115.25,6915.0,444.1136296838522,0.05191605000331192,Loyal / High Value
8749-TZYEC,0,0.012482573,0.012482573,Low,Two year,No,72,24.8,1785.6000000000001,22.288882845640185,0.0025851240702373774,Loyal / High Value
1755-FZQEC,0,0.024796337,0.024796337,Low,One year,No,39,19.9,776.0999999999999,19.24443705976009,0.0022011283203115474,Low Priority
3115-JPJDD,0,0.061148733,0.061148733,Low,One year,Fiber optic,59,81.25,4793.75,293.13173834234476,0.0342252135882189,Loyal / High Value
5600-KTXFM,0,0.5536139,0.5536139,Medium,Month-to-month,Fiber optic,2,69.95,139.9,77.45058476924896,0.007858524407802983,Low Priority
3871-IKPYH,1,0.7980471,0.7980471,High,Month-to-month,Fiber optic,1,69.1,69.1,55.145056360960005,0.0047052900417968455,Automated Retention
6319-IEJWJ,1,0.5109796,0.5109796,Medium,Month-to-month,Fiber optic,20,90.2,1804.0,921.8071854114532,0.1069252589397518,Loyal / High Value
9025-AOMKI,1,0.8008104,0.8008104,Critical,Month-to-month,Fiber optic,6,93.55,561.3,449.49487565159797,0.05092362624181564,Automated Retention
6339-TBELP,0,0.026909707,0.026909707,Low,Two year,Fiber optic,71,86.4,6134.400000000001,165.07490732073785,0.019290252816367304,Loyal / High Value
7964-YESJC,0,0.09927981,0.09927981,Low,Month-to-month,DSL,24,66.3,1591.1999999999998,157.9740391910076,0.01829843148652014,Loyal / High Value
6173-GOLSU,0,0.33455068,0.33455068,Medium,Month-to-month,Fiber optic,67,94.65,6341.55,2121.5698567003014,0.24794639721729378,Loyal / High Value
5275-SQEIZ,1,0.79427826,0.79427826,High,Month-to-month,Fiber optic,1,80.85,80.85,64.21739764809608,0.005777026242971286,Automated Retention
7716-YTYHG,1,0.15252602,0.15252602,Low,One year,Fiber optic,48,82.05,3938.3999999999996,600.7084811210632,0.07007701049397425,Loyal / High Value
9938-ZREHM,0,0.06859112,0.06859112,Low,One year,DSL,37,72.1,2667.7,182.9805251121521,0.021297239789994957,Loyal / High Value
7950-XWOVN,0,0.21010214,0.21010214,Low,Month-to-month,DSL,11,34.7,381.70000000000005,80.19598718285562,0.00893732029888765,Low Priority
4390-KYULV,1,0.156896,0.156896,Low,Month-to-month,No,3,20.55,61.650000000000006,9.672638100385667,0.0007880478000459777,Low Priority
4647-MUZON,0,0.4690975,0.4690975,Medium,Month-to-month,Fiber optic,18,95.95,1727.1000000000001,810.178283751011,0.09393277040082579,Loyal / High Value
9702-AIUJO,0,0.044287678,0.044287678,Low,One year,DSL,50,44.8,2240.0,99.20439839363098,0.011530826853194174,Loyal / High Value
8849-PRIQJ,0,0.1457496,0.1457496,Low,One year,Fiber optic,67,109.4,7329.8,1068.3154088556767,0.12490333322385314,Loyal / High Value
8851-RAGOV,0,0.09902375,0.09902375,Low,Month-to-month,DSL,25,71.05,1776.25,175.89093933813274,0.020399157539635705,Loyal / High Value
1304-NECVQ,1,0.7871077,0.7871077,High,Month-to-month,Fiber optic,2,78.55,157.1,123.65462062358856,0.0127598691566806,Automated Retention
5396-IZEPB,0,0.1223236,0.1223236,Low,Month-to-month,No,9,19.7,177.29999999999998,21.687974712252615,0.0022726335083480304,Low Priority
1729-VLAZJ,0,0.06804281,0.06804281,Low,One year,DSL,10,40.25,402.5,27.387229930609465,0.0030602992725204353,Low Priority
8285-ABVLB,0,0.014169735,0.014169735,Low,Two year,No,70,19.85,1389.5,19.68884664727375,0.0022766381788146294,Low Priority
0701-TJSEF,0,0.16650046,0.16650046,Low,Month-to-month,DSL,9,68.25,614.25,102.27291006222367,0.01162119061063936,Low Priority
5712-VBOXD,0,0.15426725,0.15426725,Low,Month-to-month,No,4,20.15,80.6,12.433940470218658,0.0011175117383460218,Low Priority
6629-LADHQ,0,0.35954872,0.35954872,Medium,Month-to-month,DSL,2,50.95,101.9,36.638014337420465,0.0035022621019271784,Low Priority
8945-GRKHX,1,0.80375844,0.80375844,Critical,Month-to-month,Fiber optic,1,78.65,78.65,63.215601494908334,0.005638707658682586,Automated Retention
1559-DTODC,0,0.23502141,0.23502141,Low,Month-to-month,DSL,19,25.15,477.84999999999997,112.30498190224169,0.012646120047547473,Low Priority
4797-MIWUM,0,0.115004644,0.115004644,Low,Month-to-month,No,7,20.25,141.75,16.301908258348703,0.001657424624314125,Low Priority
6959-UWKHF,1,0.63784885,0.63784885,High,Month-to-month,DSL,1,42.9,42.9,27.363715839385986,0.0018018751621067474,Automated Retention
8720-RQSBJ,0,0.66244304,0.66244304,High,Month-to-month,DSL,1,44.0,44.0,29.147493839263916,0.0019567662993947633,Automated Retention
4537-CIBHB,0,0.048351403,0.048351403,Low,One year,No,9,20.25,182.25,8.812043256126344,0.000926368725806613,Low Priority
3815-SLMEF,1,0.3478536,0.3478536,Medium,Month-to-month,DSL,3,34.25,102.75,35.74195750057697,0.003423001430299907,Low Priority
5154-VEKBL,1,0.2400923,0.2400923,Low,Month-to-month,DSL,9,58.5,526.5,126.40859980881214,0.014288126457124857,Low Priority
4324-AHJKS,0,0.27744043,0.27744043,Low,Month-to-month,DSL,5,55.8,279.0,77.40587961673737,0.008461881043293023,Low Priority
4355-CVPVS,0,0.11753405,0.11753405,Low,One year,Fiber optic,56,88.9,4978.400000000001,585.1315088212491,0.06832823854824284,Loyal / High Value
4495-LHSSK,0,0.12508124,0.12508124,Low,Month-to-month,DSL,18,57.65,1037.7,129.7968039214611,0.014938728032187912,Low Priority
5655-JSMZM,1,0.5919411,0.5919411,Medium,Month-to-month,Fiber optic,49,96.2,4713.8,2790.2920431613925,0.32576466969927714,Loyal / High Value
5915-ANOEI,0,0.019402144,0.019402144,Low,Two year,DSL,70,79.15,5540.5,107.49758147355169,0.012557766921111728,Loyal / High Value
9861-PDSZP,0,0.05661043,0.05661043,Low,Two year,Fiber optic,72,108.05,7779.599999999999,440.40651306957005,0.0514982929666347,Loyal / High Value
4505-EXZHB,1,0.5786691,0.5786691,Medium,Month-to-month,Fiber optic,6,74.4,446.40000000000003,258.3178733825684,0.02900399648865988,Low Priority
7225-CBZPL,0,0.67930907,0.67930907,High,Month-to-month,Fiber optic,17,94.8,1611.6,1094.7744973897934,0.12682899086549598,Priority Retention
6704-UTUKK,0,0.35582867,0.35582867,Medium,Month-to-month,DSL,29,45.9,1331.1,473.64354616105555,0.05473485173425579,Low Priority
4587-VVTOX,1,0.80672365,0.80672365,Critical,Month-to-month,Fiber optic,6,105.3,631.8,509.6880047678947,0.057966241568315764,Automated Retention
2019-HDCZY,0,0.11644158,0.11644158,Low,Two year,Fiber optic,63,102.6,6463.799999999999,752.6550697624682,0.08796722244258916,Loyal / High Value
4652-NNHNY,1,0.45765272,0.45765272,Medium,Month-to-month,Fiber optic,16,73.85,1181.6,540.7624513864516,0.062377928109910816,Low Priority
8788-DOXSU,0,0.06279269,0.06279269,Low,One year,DSL,59,61.35,3619.65,227.28755532056093,0.02650354613357175,Loyal / High Value
7404-JLKQG,0,0.4775188,0.4775188,Medium,Month-to-month,DSL,3,57.55,172.64999999999998,82.44362028837203,0.008611481023333343,Low Priority
7421-ZLUPA,0,0.3286553,0.3286553,Medium,Month-to-month,DSL,8,29.25,234.0,76.9053407907486,0.00829034849766583,Low Priority
8972-HJWNV,1,0.78086203,0.78086203,High,Month-to-month,Fiber optic,7,84.55,591.85,462.1531944483519,0.05245135364556561,Automated Retention
3274-NSDWE,0,0.014919386,0.014919386,Low,Two year,No,68,19.6,1332.8000000000002,19.88455798774958,0.002297926848079724,Low Priority
2632-IVXVF,0,0.0814184,0.0814184,Low,Two year,Fiber optic,68,111.75,7599.0,618.6984405443072,0.07234243419184157,Loyal / High Value
3692-JHONH,0,0.41224307,0.41224307,Medium,One year,Fiber optic,52,106.5,5538.0,2283.0021117925644,0.2666977614063744,Loyal / High Value
8915-NNTRC,0,0.033136662,0.033136662,Low,Two year,Fiber optic,72,107.7,7754.400000000001,256.9549325555563,0.030046413553562867,Loyal / High Value
5914-GXMDA,0,0.025856428,0.025856428,Low,One year,No,32,19.3,617.6,15.968929839134217,0.0018148477348538822,Low Priority
7463-IFMQU,0,0.010404695,0.010404695,Low,Two year,No,72,20.05,1443.6000000000001,15.020217449963095,0.0017376933124584313,Loyal / High Value
2920-RNCEZ,0,0.73746264,0.73746264,High,Month-to-month,Fiber optic,1,69.95,69.95,51.5855116546154,0.004421560158736484,Automated Retention
2541-YGPKE,0,0.05898575,0.05898575,Low,One year,DSL,42,63.7,2675.4,157.81047855243088,0.018368054486043322,Loyal / High Value
8515-OCTJS,1,0.02835983,0.02835983,Low,Two year,No,25,24.75,618.75,17.547645047307014,0.001994382998426092,Low Priority
5382-TEMLV,0,0.10866859,0.10866859,Low,Month-to-month,DSL,45,50.9,2290.5,248.90540104731917,0.028936425308397892,Loyal / High Value
3441-CGZJH,0,0.08385507,0.08385507,Low,One year,DSL,43,60.4,2597.2,217.78838825523852,0.025343669464550377,Loyal / High Value
9592-ERDKV,0,0.09507896,0.09507896,Low,One year,DSL,37,79.25,2932.25,278.7952806390822,0.03246996860815993,Loyal / High Value
2860-RANUS,1,0.497747,0.497747,Medium,Month-to-month,Fiber optic,20,85.8,1716.0,854.1338589191437,0.09902196821588281,Loyal / High Value
5261-QSHQM,1,0.55587614,0.55587614,Medium,Month-to-month,DSL,4,24.45,97.8,54.364686083793636,0.005147483909680086,Low Priority
4778-IZARL,0,0.07564885,0.07564885,Low,Two year,Fiber optic,63,110.1,6936.299999999999,524.7231299959122,0.06133966283571947,Loyal / High Value
0432-CAJZV,0,0.6732488,0.6732488,High,Month-to-month,Fiber optic,3,90.7,272.1,183.19100595116618,0.019989442047421993,Automated Retention
7008-LZVOZ,0,0.0141003225,0.0141003225,Low,Two year,No,66,25.3,1669.8,23.54471851028502,0.0027287641184461082,Loyal / High Value
8868-WOZGU,1,0.61152315,0.61152315,High,Month-to-month,Fiber optic,28,105.7,2959.6,1809.8639188766479,0.2107988657668758,Priority Retention
1200-TUZHR,0,0.73038685,0.73038685,High,Month-to-month,Fiber optic,8,85.2,681.6,497.8316791534424,0.05674470254043306,Automated Retention
9365-CSLBQ,0,0.010697517,0.010697517,Low,Two year,No,71,24.35,1728.8500000000001,18.49440159588121,0.0021442807909276876,Loyal / High Value
1334-FJSVR,1,0.71443397,0.71443397,High,Month-to-month,DSL,1,24.25,24.25,17.325023725628853,0.0004564029826948227,Automated Retention
5884-FBCTL,0,0.010456216,0.010456216,Low,Two year,No,72,25.1,1807.2,18.896472814679147,0.002191942043508845,Loyal / High Value
7130-CTCUS,0,0.21839619,0.21839619,Low,Month-to-month,DSL,16,54.55,872.8,190.61619186401367,0.0218621464215627,Low Priority
6242-FEGFD,0,0.041833647,0.041833647,Low,Two year,Fiber optic,66,96.6,6375.599999999999,266.7145972341299,0.031171244921949417,Loyal / High Value
7625-XCQRH,1,0.6289856,0.6289856,High,Month-to-month,Fiber optic,11,76.5,841.5,529.291368752718,0.06065576235202699,Automated Retention
6194-HBGQN,0,0.05907417,0.05907417,Low,One year,DSL,51,81.15,4138.650000000001,244.48731734342877,0.028527841678866316,Loyal / High Value
7634-WSWDB,0,0.34950286,0.34950286,Medium,Month-to-month,DSL,8,38.5,308.0,107.6468813419342,0.011847832373609597,Low Priority
6986-IXNDM,0,0.6240204,0.6240204,High,Month-to-month,Fiber optic,14,92.9,1300.6000000000001,811.6009292006494,0.0937581284842206,Automated Retention
1731-TVIUK,1,0.7537241,0.7537241,High,Month-to-month,Fiber optic,4,93.5,374.0,281.89281272888184,0.03138161099055434,Automated Retention
2987-BJXIK,0,0.022366883,0.022366883,Low,Two year,DSL,70,84.7,5929.0,132.61325068958104,0.0154952120785818,Loyal / High Value
9769-TSBZE,0,0.032487612,0.032487612,Low,Two year,DSL,70,66.0,4620.0,150.092768445611,0.017521802482173537,Loyal / High Value
0406-BPDVR,1,0.2927474,0.2927474,Low,One year,Fiber optic,54,101.5,5481.0,1604.5485440790653,0.1874349321087086,Loyal / High Value
0618-XWMSS,1,0.2301806,0.2301806,Low,Month-to-month,Fiber optic,28,74.9,2097.2000000000003,482.73476741909985,0.0560773832546037,Loyal / High Value
1395-WSWXR,0,0.015462216,0.015462216,Low,Two year,No,24,20.75,498.0,7.700183562934399,0.0008685171959777791,Low Priority
6023-GSSXW,0,0.0212006,0.0212006,Low,Two year,DSL,69,61.45,4240.05,89.89160042116418,0.010490086876074342,Loyal / High Value
6752-APNJL,0,0.07982943,0.07982943,Low,Month-to-month,DSL,42,54.5,2289.0,182.72957000881433,0.02124305803238624,Loyal / High Value
5276-KQWHG,1,0.6794888,0.6794888,High,Month-to-month,Fiber optic,2,69.6,139.2,94.58483791351317,0.009589559368548854,Automated Retention
0420-HLGXF,0,0.60386735,0.60386735,High,Month-to-month,Fiber optic,39,99.75,3890.25,2349.1949661523104,0.27403439843568833,Priority Retention
7446-KQISO,0,0.18243189,0.18243189,Low,Two year,Fiber optic,45,109.75,4938.75,900.9855044446886,0.10520862069619162,Loyal / High Value
9823-EALYC,0,0.0120286215,0.0120286215,Low,Two year,DSL,72,80.85,5821.2,70.02101153209806,0.008181132015158035,Loyal / High Value
0582-AVCLN,0,0.015408152,0.015408152,Low,Two year,No,38,20.3,771.4,11.88584828544408,0.0013592665781979978,Low Priority
5803-NQJZO,0,0.0119359065,0.0119359065,Low,Two year,DSL,72,67.8,4881.599999999999,58.26632109582423,0.006803489081713174,Loyal / High Value
2565-JSLRY,1,0.44829026,0.44829026,Medium,Month-to-month,No,1,24.05,24.05,10.781380720436573,0.0002758725452329754,Low Priority
2607-DHDAK,0,0.011179982,0.011179982,Low,Two year,No,72,19.8,1425.6000000000001,15.938181987404825,0.0018435857007741113,Loyal / High Value
1073-XXCZD,0,0.01884518,0.01884518,Low,Two year,No,55,25.7,1413.5,26.63766200002283,0.003080852941566427,Loyal / High Value
0743-HRVFF,0,0.12489081,0.12489081,Low,One year,DSL,51,56.15,2863.65,357.6435730431229,0.041646617800823495,Loyal / High Value
4006-HKYHO,0,0.016749455,0.016749455,Low,Two year,DSL,63,86.7,5462.1,91.48719631042331,0.010686926406926795,Loyal / High Value
3727-JEZTU,0,0.32698438,0.32698438,Medium,Month-to-month,No,1,20.4,20.4,6.670481264591216,6.132490167202837e-05,Low Priority
8143-ETQTI,0,0.018567225,0.018567225,Low,Two year,No,23,19.65,451.95,8.391457322705536,0.0009427036634204973,Low Priority
6689-KXGBO,1,0.5223632,0.5223632,Medium,Month-to-month,DSL,1,50.55,50.55,26.40545904636383,0.001944044349185524,Low Priority
9667-TKTVZ,0,0.49877414,0.49877414,Medium,Month-to-month,DSL,2,54.35,108.7,54.21674913465977,0.0052559775040419985,Low Priority
3657-COGMW,0,0.32998678,0.32998678,Medium,Month-to-month,Fiber optic,52,108.1,5621.2,1854.9216926932334,0.2167008089380924,Loyal / High Value
8570-KLJYJ,0,0.040499195,0.040499195,Low,One year,DSL,36,54.45,1960.2,79.38652293384075,0.009216187413172644,Loyal / High Value
7754-IXRMC,0,0.52954876,0.52954876,Medium,Month-to-month,DSL,1,45.35,45.35,24.015036457777025,0.0016480119666957979,Low Priority
9473-CBZOP,0,0.04233967,0.04233967,Low,One year,DSL,28,59.0,1652.0,69.94513715803623,0.008105442532780458,Loyal / High Value
2969-WGHQO,0,0.13298792,0.13298792,Low,One year,DSL,7,69.45,486.15000000000003,64.6520755916834,0.007285247416782562,Low Priority
6615-NGGZJ,1,0.7313161,0.7313161,High,Month-to-month,Fiber optic,14,100.55,1407.7,1029.4736593723298,0.11906002870490474,Priority Retention
4334-HOWRP,0,0.026112184,0.026112184,Low,Two year,DSL,72,64.95,4676.400000000001,122.11101692318918,0.014255920370561417,Loyal / High Value
4255-DDUOU,1,0.40202698,0.40202698,Medium,Month-to-month,No,1,20.5,20.5,8.241553112864494,8.011134047919163e-05,Low Priority
5863-OOKCL,0,0.095996,0.095996,Low,Month-to-month,No,10,18.85,188.5,18.095245976001024,0.001909522831300937,Low Priority
1686-STUHN,0,0.028073233,0.028073233,Low,One year,No,42,19.8,831.6,23.345700247585775,0.002674644068162958,Low Priority
1329-VHWNP,0,0.30560145,0.30560145,Medium,Month-to-month,DSL,7,25.05,175.35,53.587213875353335,0.005607875405139354,Low Priority
2984-MIIZL,1,0.6216906,0.6216906,High,Month-to-month,Fiber optic,4,74.8,299.2,186.0098189353943,0.02043347198457442,Automated Retention
0266-GMEAO,0,0.025494073,0.025494073,Low,Two year,Fiber optic,72,114.3,8229.6,209.80601975619794,0.02453661046412879,Loyal / High Value
5590-YRFJT,1,0.38029432,0.38029432,Medium,Month-to-month,DSL,20,24.45,489.0,185.96392393112183,0.02096005141824506,Low Priority
5574-NXZIU,0,0.11672919,0.11672919,Low,Two year,Fiber optic,63,109.2,6879.6,803.0501522809268,0.09387373915312439,Loyal / High Value
0019-GFNTW,0,0.020492157,0.020492157,Low,Two year,DSL,56,45.05,2522.7999999999997,51.69761359766125,0.006014670977901333,Loyal / High Value
4256-ZWTZI,0,0.30697423,0.30697423,Medium,Month-to-month,DSL,5,51.0,255.0,78.278429210186,0.008499075586656744,Low Priority
8309-PPCED,0,0.036135416,0.036135416,Low,Two year,Fiber optic,72,110.45,7952.400000000001,287.3632859990001,0.033604175282400506,Loyal / High Value
4098-NAUKP,0,0.3024499,0.3024499,Medium,Month-to-month,Fiber optic,68,84.65,5756.200000000001,1740.962182492018,0.20340352167919648,Loyal / High Value
5196-WPYOW,0,0.02547132,0.02547132,Low,One year,DSL,67,60.05,4023.35,102.48003683397546,0.01195625187674775,Loyal / High Value
4608-LCIMN,0,0.20657058,0.20657058,Low,Month-to-month,DSL,8,44.65,357.2,73.78701139092445,0.008193863052749042,Low Priority
1485-YDHMM,0,0.21843524,0.21843524,Low,Month-to-month,Fiber optic,52,93.25,4849.0,1059.1924922019243,0.12367379848530204,Loyal / High Value
4054-CUMIA,0,0.087729685,0.087729685,Low,Month-to-month,No,18,20.25,364.5,31.97747018560767,0.0035549690673583297,Low Priority
0603-TPMIB,0,0.01456569,0.01456569,Low,Two year,No,59,25.45,1501.55,21.871112451003864,0.002531563844605353,Loyal / High Value
2525-GVKQU,0,0.014937794,0.014937794,Low,Two year,No,60,20.6,1236.0,18.46311318129301,0.002131269066154381,Low Priority
8161-QYMTT,0,0.81385523,0.81385523,Critical,Month-to-month,Fiber optic,7,94.1,658.6999999999999,536.0864405333996,0.061044866161173605,Automated Retention
9581-GVBXT,0,0.041406836,0.041406836,Low,One year,DSL,59,34.8,2053.2,85.01651641577482,0.009874117110394057,Loyal / High Value
5862-BRIXZ,0,0.024255712,0.024255712,Low,Two year,DSL,46,60.75,2794.5,67.78258602507412,0.007891806386823751,Loyal / High Value
5404-GGUKR,0,0.43740883,0.43740883,Medium,Month-to-month,DSL,5,51.35,256.75,112.30471830815077,0.01220009286101245,Low Priority
3308-JSGML,0,0.028725764,0.028725764,Low,Two year,DSL,59,64.05,3778.95,108.55322504723443,0.012660959851851636,Loyal / High Value
2126-GSEGL,0,0.023010889,0.023010889,Low,Two year,DSL,70,84.8,5936.0,136.5926375091076,0.01596024390409609,Loyal / High Value
3677-TNKIO,1,0.43893683,0.43893683,Medium,Month-to-month,Fiber optic,14,71.0,994.0,436.30320858955383,0.05017479325226171,Low Priority
0440-QEXBZ,0,0.13479769,0.13479769,Low,Month-to-month,DSL,44,50.15,2206.6,297.4445878267288,0.034568453583494654,Loyal / High Value
2434-EEVDB,0,0.083082944,0.083082944,Low,Two year,Fiber optic,64,94.6,6054.4,503.0173770904541,0.05877900151682588,Loyal / High Value
6762-QVYJO,0,0.01529073,0.01529073,Low,Two year,DSL,58,59.75,3465.5,52.99002378061414,0.006177625429274377,Loyal / High Value
6199-IWKGC,0,0.28738275,0.28738275,Low,One year,Fiber optic,46,100.25,4611.5,1325.2655594795942,0.1547100951504563,Loyal / High Value
2675-DHUTR,0,0.49864197,0.49864197,Medium,Month-to-month,Fiber optic,58,98.9,5736.200000000001,2860.3100555419924,0.3341775584381859,Loyal / High Value
8152-VETUR,0,0.05036749,0.05036749,Low,Two year,Fiber optic,72,97.7,7034.400000000001,354.3050678372383,0.04141951414050125,Loyal / High Value
9667-EQRXU,1,0.43579358,0.43579358,Medium,Month-to-month,DSL,30,40.3,1209.0,526.8744365572929,0.06079818985361357,Low Priority
7446-YPODE,0,0.19907641,0.19907641,Low,Month-to-month,DSL,11,60.25,662.75,131.93789345026016,0.01502663832345093,Low Priority
9522-BNTHX,0,0.3789154,0.3789154,Medium,Month-to-month,DSL,34,56.25,1912.5,724.6757011860609,0.08410916303438871,Loyal / High Value
4676-WLUHT,0,0.028489772,0.028489772,Low,Two year,DSL,54,46.2,2494.8,71.07628376036882,0.00826855261187612,Loyal / High Value
3329-WDIOK,1,0.62839586,0.62839586,High,Month-to-month,DSL,3,50.6,151.8,95.39049085378647,0.009796587674859672,Automated Retention
7980-MHFLQ,0,0.010275365,0.010275365,Low,Two year,No,72,24.9,1792.8,18.421674109250308,0.0021366861930332895,Loyal / High Value
2873-ZLIWT,1,0.39063442,0.39063442,Medium,Month-to-month,Fiber optic,40,84.85,3394.0,1325.81321310997,0.15454675614923258,Loyal / High Value
3415-TAILE,1,0.435517,0.435517,Medium,Month-to-month,DSL,2,65.7,131.4,57.226935517787936,0.005748220141599792,Low Priority
0757-WCUUZ,0,0.024402943,0.024402943,Low,Two year,DSL,54,63.35,3420.9,83.4800260271877,0.009731485688769302,Loyal / High Value
1629-DQQVB,0,0.15202978,0.15202978,Low,Month-to-month,DSL,14,50.1,701.4,106.63368946909904,0.012164235928997855,Low Priority
1915-IOFGU,1,0.7670945,0.7670945,High,Month-to-month,Fiber optic,1,70.5,70.5,54.08016175031662,0.004648676069435193,Automated Retention
3045-XETSH,1,0.73030335,0.73030335,High,Month-to-month,Fiber optic,10,94.85,948.5,692.6927247345448,0.07958587558712288,Automated Retention
0374-AACSZ,0,0.4905254,0.4905254,Medium,Month-to-month,DSL,1,50.15,50.15,24.59984854310751,0.0018025566301527252,Low Priority
7239-HZZCX,1,0.33537674,0.33537674,Medium,Month-to-month,No,1,19.75,19.75,6.623690605163574,3.734620012739769e-05,Low Priority
4872-VXRIL,0,0.033304133,0.033304133,Low,One year,DSL,56,64.65,3620.4000000000005,120.57428137958051,0.014059940417313253,Loyal / High Value
9140-CZQZZ,0,0.018096538,0.018096538,Low,Two year,DSL,68,79.6,5412.799999999999,97.95294229686259,0.011441851952546381,Loyal / High Value
3423-HHXAO,0,0.04587889,0.04587889,Low,One year,No,14,19.5,273.0,12.524937216192484,0.0013670309062310776,Low Priority
9938-TKDGL,0,0.057906475,0.057906475,Low,Two year,Fiber optic,68,99.55,6769.4,391.9920913107693,0.04582045311120457,Loyal / High Value
0531-ZZJWQ,0,0.41989017,0.41989017,Medium,Month-to-month,Fiber optic,55,74.0,4070.0,1708.9529728889465,0.19939270416597446,Loyal / High Value
6537-QLGEX,0,0.42492262,0.42492262,Medium,Month-to-month,DSL,16,38.9,622.4,264.47183575630186,0.030064151653794977,Low Priority
2688-BHGOG,0,0.6216509,0.6216509,High,Month-to-month,Fiber optic,9,79.55,715.9499999999999,445.07094368040555,0.050799876598561625,Automated Retention
7683-CBDKJ,1,0.227847,0.227847,Low,Month-to-month,DSL,14,65.45,916.3000000000001,208.77620151489975,0.023969978198726278,Low Priority
0946-CLJTI,1,0.51657426,0.51657426,Medium,Month-to-month,Fiber optic,58,98.7,5724.6,2957.181029248238,0.34549294742745107,Loyal / High Value
3160-TYXLT,0,0.1515081,0.1515081,Low,Month-to-month,DSL,53,46.3,2453.8999999999996,371.78570911884304,0.04324565793472129,Loyal / High Value
1325-USMEC,0,0.07634051,0.07634051,Low,Two year,Fiber optic,70,99.35,6954.5,530.9100868180394,0.06206335394820708,Loyal / High Value
0916-QOFDP,0,0.6982547,0.6982547,High,Month-to-month,Fiber optic,14,95.8,1341.2,936.4992096424103,0.10823471741352596,Automated Retention
0628-CNQRM,1,0.060992416,0.060992416,Low,One year,DSL,22,67.5,1485.0,90.57373775169253,0.01048235656543015,Loyal / High Value
5606-AMZBO,0,0.44092375,0.44092375,Medium,Month-to-month,Fiber optic,10,78.15,781.5,344.5819109380245,0.03941913733478225,Low Priority
6199-IPCAO,0,0.01975118,0.01975118,Low,Two year,No,29,26.1,756.9000000000001,14.949668114259842,0.0017088271205632096,Low Priority
7665-TOALD,1,0.8177371,0.8177371,Critical,Month-to-month,Fiber optic,1,69.6,69.6,56.91450233459472,0.004869308515500055,Automated Retention
0112-QWPNC,1,0.12573363,0.12573363,Low,One year,DSL,49,84.35,4133.15,519.6759481601416,0.06063767769333779,Loyal / High Value
0324-BRPCJ,1,0.4698535,0.4698535,Medium,Month-to-month,Fiber optic,68,100.2,6813.6,3201.393743491173,0.37422173877860804,Loyal / High Value
2777-PHDEI,1,0.8170321,0.8170321,Critical,Month-to-month,Fiber optic,1,78.05,78.05,63.76935530900955,0.005674366074190136,Automated Retention
5640-CAXOA,0,0.097119056,0.097119056,Low,One year,DSL,30,40.35,1210.5,117.56261691078544,0.01356629532350008,Low Priority
2235-EZAIK,0,0.014616948,0.014616948,Low,Two year,DSL,72,79.2,5702.400000000001,83.35168211460115,0.009738006786773763,Loyal / High Value
3847-BAERP,0,0.111308515,0.111308515,Low,Month-to-month,No,10,20.9,209.0,23.2634796500206,0.00248158284493031,Low Priority
1196-AMORA,1,0.59912294,0.59912294,Medium,Month-to-month,Fiber optic,7,73.6,515.1999999999999,308.6681394577026,0.03486082006723738,Low Priority
4282-YMKNA,1,0.6311384,0.6311384,High,Month-to-month,Fiber optic,9,74.75,672.75,424.59834806621075,0.04837923697024774,Automated Retention
1453-RZFON,0,0.42213356,0.42213356,Medium,Month-to-month,DSL,1,49.9,49.9,21.064464890956877,0.0015388636850519279,Low Priority
8263-OKETD,0,0.16322361,0.16322361,Low,Month-to-month,DSL,20,68.9,1378.0,224.922133654356,0.026004961763759438,Low Priority
0670-KDOMA,0,0.4317351,0.4317351,Medium,Month-to-month,No,1,20.25,20.25,8.742635741829872,7.33795823125533e-05,Low Priority
2476-YGEFM,0,0.340596,0.340596,Medium,Month-to-month,Fiber optic,29,76.0,2204.0,750.6735628843307,0.08724099285732911,Loyal / High Value
8687-BAFGU,0,0.62494516,0.62494516,High,Month-to-month,Fiber optic,1,74.0,74.0,46.24594211578369,0.0040436249340913034,Automated Retention
0641-EVBOJ,0,0.4275806,0.4275806,Medium,Month-to-month,Fiber optic,3,82.3,246.89999999999998,105.56964890956878,0.011432287805145694,Low Priority
0829-XXPLX,0,0.34995607,0.34995607,Medium,Month-to-month,Fiber optic,20,89.4,1788.0,625.7214449644089,0.07257387834473247,Loyal / High Value
9974-JFBHQ,0,0.18789677,0.18789677,Low,Month-to-month,Fiber optic,64,99.15,6345.6,1192.3177641391756,0.1393456143101388,Loyal / High Value
5356-RHIPP,1,0.4203574,0.4203574,Medium,Month-to-month,No,1,20.2,20.2,8.49121960401535,6.89821324778604e-05,Low Priority
6624-JDRDS,0,0.27322546,0.27322546,Low,Month-to-month,DSL,6,29.45,176.7,48.27893815934658,0.005057002482369865,Low Priority
0608-JDVEC,0,0.028827656,0.028827656,Low,Two year,No,50,19.8,990.0,28.539379499852657,0.0032817680473926363,Low Priority
9780-FKVVF,0,0.22740622,0.22740622,Low,Month-to-month,DSL,6,59.15,354.9,80.70646699815988,0.008959024532021086,Low Priority
1919-RTPQD,0,0.31237915,0.31237915,Medium,Month-to-month,DSL,7,44.75,313.25,97.85276923328638,0.010781606477814523,Low Priority
5214-NLTIT,0,0.03219496,0.03219496,Low,Two year,Fiber optic,72,90.8,6537.599999999999,210.4777761340141,0.024600585013808258,Loyal / High Value
3345-PBBFH,0,0.2495661,0.2495661,Low,Month-to-month,DSL,8,49.55,396.4,98.92799929976462,0.011046061134392033,Low Priority
5055-BRMNE,0,0.10022802,0.10022802,Low,Two year,Fiber optic,67,106.7,7148.900000000001,716.5200854487717,0.08376732449016176,Loyal / High Value
9189-JWSHV,1,0.63019156,0.63019156,High,Month-to-month,Fiber optic,24,93.55,2245.2,1414.9061007499693,0.16446203339931573,Priority Retention
2190-PHBHR,0,0.04156036,0.04156036,Low,Two year,Fiber optic,72,94.45,6800.400000000001,282.62706737816336,0.033037056055811455,Loyal / High Value
2650-GYRYL,0,0.029997313,0.029997313,Low,One year,No,33,19.45,641.85,19.25377560267225,0.0021907616877864275,Low Priority
0746-JTRFU,1,0.63651013,0.63651013,High,Month-to-month,DSL,2,25.05,50.1,31.889157700538636,0.0023352831004037947,Automated Retention
5208-FVQKB,0,0.01633458,0.01633458,Low,Two year,DSL,70,67.95,4756.5,77.69543099496514,0.009071214001092866,Loyal / High Value
7184-LRUUR,0,0.07090048,0.07090048,Low,One year,DSL,22,65.25,1435.5,101.77763540670276,0.011773807486670828,Loyal / High Value
6627-CFOSN,0,0.2278612,0.2278612,Low,Month-to-month,Fiber optic,59,99.45,5867.55,1336.9869594320655,0.15621520641304562,Loyal / High Value
3982-JGSFD,0,0.026013702,0.026013702,Low,One year,No,36,20.35,732.6,19.057638198137283,0.0021765496762048814,Low Priority
1574-DYCWE,0,0.014265537,0.014265537,Low,Two year,No,51,19.95,1017.4499999999999,14.514470887184142,0.0016699032711294118,Low Priority
7247-XOZPB,0,0.055244118,0.055244118,Low,One year,DSL,53,77.4,4102.200000000001,226.62242075800899,0.026442215789112267,Loyal / High Value
2466-FCCPT,0,0.034801748,0.034801748,Low,One year,No,20,19.7,394.0,13.711888574063778,0.0015305719849781397,Low Priority
6211-WWLTF,0,0.053908784,0.053908784,Low,Two year,Fiber optic,63,99.7,6281.1,338.6064628209919,0.03957156996470292,Loyal / High Value
4826-TZEVA,0,0.24193558,0.24193558,Low,Month-to-month,Fiber optic,40,74.8,2992.0,723.8712582588196,0.08431672793236648,Loyal / High Value
6016-NXBNJ,0,0.024734925,0.024734925,Low,One year,No,35,19.15,670.25,16.578583802096546,0.0018887808518258914,Low Priority
9138-EFSMO,0,0.1250567,0.1250567,Low,One year,Fiber optic,26,78.95,2052.7000000000003,256.70388586968187,0.0298144246917218,Loyal / High Value
0576-WNXXC,1,0.56035024,0.56035024,Medium,Month-to-month,Fiber optic,27,95.55,2579.85,1445.6195647984744,0.1682160751477012,Loyal / High Value
4632-XJMEX,0,0.033867884,0.033867884,Low,One year,DSL,53,62.85,3331.05,112.81561642158778,0.013149252179570792,Loyal / High Value
8910-LEDAG,0,0.29108664,0.29108664,Low,Month-to-month,Fiber optic,34,71.55,2432.7,708.1264786988496,0.0823628621756477,Loyal / High Value
3452-GWUIN,0,0.6674584,0.6674584,High,Month-to-month,Fiber optic,19,94.95,1804.05,1204.128353637457,0.13967321542512962,Priority Retention
2716-GFZOR,0,0.20664257,0.20664257,Low,Month-to-month,Fiber optic,43,86.1,3702.2999999999997,765.052779918909,0.08922166865604068,Loyal / High Value
3724-UCSHY,0,0.109737985,0.109737985,Low,Month-to-month,No,6,19.55,117.30000000000001,12.87226562127471,0.001267018884372187,Low Priority
8626-XHBIE,0,0.016561983,0.016561983,Low,Two year,No,56,24.8,1388.8,23.00128220319748,0.002659639548939993,Low Priority
4628-CTTLA,1,0.32748106,0.32748106,Medium,Month-to-month,DSL,57,39.3,2240.1,733.5903252393007,0.08526745138882705,Loyal / High Value
3192-LNKRK,0,0.31726176,0.31726176,Medium,Month-to-month,Fiber optic,34,84.05,2857.7,906.6389185965061,0.1055741745116439,Loyal / High Value
4439-YRNVD,0,0.25295463,0.25295463,Low,Month-to-month,DSL,10,36.25,362.5,91.69605411589146,0.010190888390081967,Low Priority
2876-VBBBL,1,0.4317351,0.4317351,Medium,Month-to-month,No,1,20.25,20.25,8.742635741829872,7.33795823125533e-05,Low Priority
6834-NXDCA,1,0.42883265,0.42883265,Medium,Month-to-month,DSL,13,23.9,310.7,133.23830441236495,0.014672760055899976,Low Priority
2208-UGTGR,0,0.3739736,0.3739736,Medium,Month-to-month,Fiber optic,56,98.6,5521.599999999999,2064.932674026489,0.24122069230539314,Loyal / High Value
3005-TYFRD,0,0.39538783,0.39538783,Medium,Month-to-month,Fiber optic,55,103.65,5700.75,2254.0071624666452,0.26333620959462484,Loyal / High Value
8670-MEFCP,0,0.044808324,0.044808324,Low,Two year,DSL,36,92.9,3344.4,149.85696021169426,0.017467010937790423,Loyal / High Value
3079-BCHLN,0,0.02498101,0.02498101,Low,One year,No,47,19.9,935.3,23.36473931260407,0.0026836900214911963,Low Priority
7777-UNYHB,0,0.11013171,0.11013171,Low,Month-to-month,No,12,20.1,241.20000000000002,26.56376863718033,0.002871025468251442,Low Priority
5597-GLBUC,1,0.8439616,0.8439616,Critical,Month-to-month,Fiber optic,1,85.45,85.45,72.116518419981,0.0065934499725699425,Automated Retention
7278-CKDNC,0,0.5057476,0.5057476,Medium,Month-to-month,Fiber optic,24,80.5,1932.0,977.1043946743011,0.1134185506714213,Loyal / High Value
2748-MYRVK,1,0.17464314,0.17464314,Low,One year,Fiber optic,63,99.9,6293.700000000001,1099.151555465162,0.12845417577336668,Loyal / High Value
8450-UYIBU,0,0.39851955,0.39851955,Medium,Month-to-month,DSL,35,39.85,1394.75,555.8351364955306,0.0642750104363527,Loyal / High Value
2969-VAPYH,0,0.035383783,0.035383783,Low,One year,DSL,67,60.5,4053.5,143.42816552892327,0.016734216804581217,Loyal / High Value
4822-YCXMX,1,0.53920066,0.53920066,Medium,Month-to-month,Fiber optic,25,84.8,2120.0,1143.1054067611694,0.1328029391276863,Loyal / High Value
7181-OQCUT,0,0.43635917,0.43635917,Medium,Month-to-month,Fiber optic,21,103.85,2180.85,951.633889567852,0.11058588911599665,Loyal / High Value
8474-UMLNT,0,0.12643456,0.12643456,Low,Month-to-month,DSL,13,67.8,881.4,111.43942523002625,0.012783952482150893,Low Priority
9821-POOTN,1,0.48002517,0.48002517,Medium,Month-to-month,Fiber optic,35,75.2,2632.0,1263.4262533187866,0.14703696784517947,Loyal / High Value
3836-FZSDJ,0,0.015545786,0.015545786,Low,Two year,No,71,24.85,1764.3500000000001,27.428208161471414,0.003180789030609198,Loyal / High Value
9142-XMYJH,0,0.06917275,0.06917275,Low,Month-to-month,No,29,19.35,561.1500000000001,38.81628722213209,0.004397486821360207,Low Priority
6559-ILWKJ,1,0.11119657,0.11119657,Low,Two year,DSL,71,49.35,3503.85,389.61610213927923,0.045424513154237296,Loyal / High Value
0187-QSXOE,0,0.7349246,0.7349246,High,Month-to-month,Fiber optic,7,89.0,623.0,457.8580347895622,0.05204911994072207,Automated Retention
7733-UDMTP,0,0.37383828,0.37383828,Medium,Month-to-month,DSL,57,55.0,3135.0,1171.9829942286015,0.13655228275576548,Loyal / High Value
2649-HWLYB,0,0.018266672,0.018266672,Low,Two year,DSL,65,76.15,4949.75,90.4154610610567,0.010557957570143555,Loyal / High Value
5214-CHIWJ,0,0.024093568,0.024093568,Low,One year,No,27,20.3,548.1,13.205684798955918,0.0014948337530998118,Low Priority
4229-CZMLL,1,0.68783736,0.68783736,High,Month-to-month,Fiber optic,6,74.9,449.40000000000003,309.1141106128693,0.03471759754803873,Automated Retention
6904-JLBGY,0,0.030714361,0.030714361,Low,Two year,Fiber optic,72,117.35,8449.199999999999,259.5117789365351,0.03035145688177396,Loyal / High Value
2465-BLLEU,0,0.4187297,0.4187297,Medium,Month-to-month,No,1,19.75,19.75,8.26991143077612,4.662804858198711e-05,Low Priority
1685-VAYJF,0,0.20192549,0.20192549,Low,Month-to-month,DSL,11,45.2,497.20000000000005,100.39735180139543,0.011323278396762768,Low Priority
8874-EJNSR,0,0.017354729,0.017354729,Low,Two year,No,39,25.2,982.8,17.05622732117772,0.0019610322606997857,Low Priority
6917-YACBP,0,0.23587751,0.23587751,Low,Month-to-month,Fiber optic,59,89.75,5295.25,1249.0304054021835,0.1458875548740079,Loyal / High Value
5049-MUBWG,0,0.082527295,0.082527295,Low,One year,DSL,26,75.0,1950.0,160.9282247722149,0.01868162880143722,Loyal / High Value
4223-WOZCM,0,0.5245279,0.5245279,Medium,Month-to-month,DSL,2,49.95,99.9,52.40033794641495,0.004986310634826327,Low Priority
0769-MURVM,0,0.013557283,0.013557283,Low,Two year,DSL,72,65.7,4730.400000000001,64.1313724860549,0.007487398673310759,Loyal / High Value
9253-VIFJQ,0,0.042237345,0.042237345,Low,One year,DSL,65,67.05,4358.25,184.08090940956026,0.021484298495068728,Loyal / High Value
7030-FZTFM,0,0.038828027,0.038828027,Low,Two year,Fiber optic,72,110.9,7984.8,310.0340260237455,0.036255633337101814,Loyal / High Value
9741-YLNTD,0,0.66917056,0.66917056,High,Month-to-month,Fiber optic,6,87.95,527.7,353.1213036954403,0.03991711566913579,Automated Retention
5917-RYRMG,0,0.038883187,0.038883187,Low,One year,No,32,19.8,633.6,24.636387205123903,0.0028021126326707325,Low Priority
5120-ZBLAI,0,0.097202316,0.097202316,Low,One year,DSL,50,75.7,3785.0,367.91076578199863,0.04291112179325059,Loyal / High Value
1194-BHJYC,0,0.014137684,0.014137684,Low,Two year,DSL,61,62.15,3791.15,53.59808209021576,0.006251441019329629,Loyal / High Value
3663-MITLP,1,0.66333526,0.66333526,High,Month-to-month,Fiber optic,15,101.25,1518.75,1007.4404317885637,0.1166271718902917,Priority Retention
0906-QVPMS,0,0.030186621,0.030186621,Low,Two year,Fiber optic,72,115.15,8290.800000000001,250.27124130204322,0.029269473558041673,Loyal / High Value
9025-ZRPVR,1,0.101926096,0.101926096,Low,Month-to-month,No,9,18.95,170.54999999999998,17.38349563591182,0.0018130257214903015,Low Priority
1905-OEILC,0,0.32228196,0.32228196,Medium,Month-to-month,No,1,19.5,19.5,6.284498155117035,2.644380270898205e-05,Low Priority
7858-GTZSP,0,0.71643555,0.71643555,High,Month-to-month,Fiber optic,12,86.55,1038.6,744.0899639368057,0.08564105583808962,Automated Retention
3285-UCQVC,1,0.14285493,0.14285493,Low,Month-to-month,DSL,37,28.6,1058.2,151.16908583641052,0.0174047511688588,Low Priority
6248-BSHKG,0,0.020178812,0.020178812,Low,One year,No,61,20.4,1244.3999999999999,25.110513185709713,0.0028989065462263646,Low Priority
4685-TFLLS,0,0.03621702,0.03621702,Low,One year,No,18,19.8,356.40000000000003,12.907745558023453,0.0014331941112082252,Low Priority
3470-BTGQO,0,0.12451075,0.12451075,Low,Month-to-month,DSL,21,45.65,958.65,119.3622306548059,0.013716877877851284,Low Priority
1209-VFFOC,0,0.013225155,0.013225155,Low,Two year,DSL,68,56.4,3835.2,50.72111426889896,0.005916222964625857,Loyal / High Value
8224-DWCKX,0,0.56768894,0.56768894,Medium,Month-to-month,Fiber optic,12,73.3,879.5999999999999,499.33919334411615,0.05727994200526906,Low Priority
5482-PLVPE,1,0.65640104,0.65640104,High,Month-to-month,DSL,2,24.35,48.7,31.966730558872225,0.002300542835858829,Automated Retention
4553-DVPZG,0,0.4277839,0.4277839,Medium,Month-to-month,Fiber optic,62,101.35,6283.7,2688.0657330214976,0.3141437776139409,Loyal / High Value
4902-OHLSK,1,0.48890355,0.48890355,Medium,Month-to-month,Fiber optic,29,98.65,2860.8500000000004,1398.6797275796534,0.1628713827827891,Loyal / High Value
6917-IAYHD,0,0.37921104,0.37921104,Medium,Month-to-month,DSL,1,33.6,33.6,12.741490888595582,0.000657858609292441,Low Priority
0495-ZBNGW,1,0.7384607,0.7384607,High,Month-to-month,Fiber optic,5,79.9,399.5,295.01505747437477,0.032953394123472535,Automated Retention
8620-RJPZN,0,0.33373323,0.33373323,Medium,Month-to-month,No,1,20.7,20.7,6.9082778781652445,7.432637126964006e-05,Low Priority
7572-KPVKK,0,0.13812606,0.13812606,Low,Two year,Fiber optic,62,104.05,6451.099999999999,891.0650280311703,0.10414340984811955,Loyal / High Value
2642-MAWLJ,0,0.014214853,0.014214853,Low,Two year,No,36,20.25,729.0,10.362627709284425,0.0011833491743457017,Low Priority
2357-COQEK,1,0.5603836,0.5603836,Medium,Month-to-month,Fiber optic,28,103.3,2892.4,1620.853576350212,0.18875637241350643,Loyal / High Value
7103-ZGVNT,0,0.04814477,0.04814477,Low,One year,DSL,69,73.7,5085.3,244.83059340678156,0.028592164261888053,Loyal / High Value
3737-GCSPV,1,0.624075,0.624075,High,Month-to-month,Fiber optic,11,96.2,1058.2,660.3961602568627,0.07603426837269427,Automated Retention
2027-WKXMW,0,0.3501643,0.3501643,Medium,Month-to-month,Fiber optic,63,108.75,6851.25,2399.063120931387,0.2804388634892654,Loyal / High Value
7137-NAXML,0,0.029351119,0.029351119,Low,One year,No,23,20.15,463.45,13.602776078321039,0.001529793586133576,Low Priority
2428-ZMCTB,0,0.11520732,0.11520732,Low,Month-to-month,No,10,19.75,197.5,22.753446083515882,0.0024132066334172273,Low Priority
2961-VNFKL,0,0.013991096,0.013991096,Low,Two year,No,71,25.95,1842.45,25.777894930215552,0.0029907706212893843,Loyal / High Value
1768-HNVGJ,0,0.18734063,0.18734063,Low,Month-to-month,DSL,45,70.05,3152.25,590.5445074774325,0.06880890186542445,Loyal / High Value
6963-KQYQB,0,0.011756117,0.011756117,Low,Two year,No,70,24.05,1683.5,19.791423736605793,0.0022939807680560013,Loyal / High Value
5934-RMPOV,0,0.53029454,0.53029454,Medium,Month-to-month,Fiber optic,22,84.75,1864.5,988.734165251255,0.11472766175279246,Loyal / High Value
1207-BLKSA,0,0.014479281,0.014479281,Low,Two year,No,52,23.05,1198.6000000000001,17.35486666299403,0.0020023743638685654,Low Priority
4088-YLDSU,1,0.41344333,0.41344333,Medium,One year,Fiber optic,55,104.15,5728.25,2368.306737601757,0.2766942520460305,Loyal / High Value
8316-BBQAY,0,0.018955832,0.018955832,Low,Two year,DSL,65,59.95,3896.75,73.86613969923928,0.00861658032294525,Loyal / High Value
1166-PQLGG,0,0.011342117,0.011342117,Low,Two year,No,72,19.55,1407.6000000000001,15.965163370594384,0.0018463910795574966,Loyal / High Value
3146-JTQHR,0,0.050073747,0.050073747,Low,One year,No,10,19.6,196.0,9.814454331994057,0.001040072662236039,Low Priority
4291-YZODP,0,0.052018706,0.052018706,Low,One year,No,7,20.05,140.35,7.300825352780521,0.0007411470466731108,Low Priority
4395-PZMSN,0,0.70202595,0.70202595,High,Month-to-month,Fiber optic,5,85.55,427.75,300.2916000932455,0.03365218401093536,Automated Retention
6427-FEFIG,0,0.027364226,0.027364226,Low,Two year,DSL,24,78.6,1886.3999999999999,51.619876036047934,0.0059904150161941075,Loyal / High Value
0017-IUDMW,0,0.022725321,0.022725321,Low,Two year,Fiber optic,72,116.8,8409.6,191.11086244583132,0.022351325300591317,Loyal / High Value
8706-HRADD,0,0.18833202,0.18833202,Low,Month-to-month,DSL,21,43.55,914.55,172.2390500217676,0.019774288262204957,Low Priority
9955-QOPOY,0,0.08654486,0.08654486,Low,One year,DSL,69,60.8,4195.2,363.07298169136044,0.04236753778958333,Loyal / High Value
4385-ZKVNW,0,0.08763837,0.08763837,Low,Month-to-month,DSL,44,54.9,2415.6,211.69924824535846,0.02462158276401152,Loyal / High Value
5446-DKWYW,0,0.09090681,0.09090681,Low,One year,DSL,61,65.2,3977.2000000000003,361.55454997718334,0.04217993975278138,Loyal / High Value
2034-CGRHZ,1,0.57958543,0.57958543,Medium,Month-to-month,Fiber optic,24,102.95,2470.8,1432.039687871933,0.16658189723971006,Loyal / High Value
5797-APWZC,1,0.82095253,0.82095253,Critical,Month-to-month,Fiber optic,1,90.6,90.6,74.37829964160919,0.006909273254607551,Automated Retention
3683-QKIUE,1,0.27567244,0.27567244,Low,Month-to-month,DSL,6,50.8,304.79999999999995,84.02495841979979,0.00924164439088316,Low Priority
4228-ZGYUW,1,0.79017836,0.79017836,High,Month-to-month,Fiber optic,4,90.05,360.2,284.62224475145337,0.03162121291384827,Automated Retention
9031-ZVQPT,0,0.094475076,0.094475076,Low,Two year,Fiber optic,72,108.2,7790.400000000001,735.9986289739609,0.08606321473563312,Loyal / High Value
2990-IAJSV,0,0.024936404,0.024936404,Low,Two year,DSL,72,92.0,6624.0,165.1787406206131,0.019306772344327195,Loyal / High Value
8107-KNCIM,0,0.6474503,0.6474503,High,Month-to-month,Fiber optic,14,75.1,1051.3999999999999,680.7292747259139,0.07836613941320063,Automated Retention
9027-YFHQJ,0,0.16158071,0.16158071,Low,Month-to-month,No,7,25.05,175.35,28.333177779614925,0.0029650530290551654,Low Priority
5176-LDKUH,0,0.1316054,0.1316054,Low,One year,Fiber optic,48,75.15,3607.2000000000003,474.7270047783852,0.05535596671366794,Loyal / High Value
4644-OBGFZ,0,0.02880767,0.02880767,Low,One year,No,55,19.5,1072.5,30.896225944161415,0.0035580740986560977,Low Priority
7926-IJOOU,0,0.21160409,0.21160409,Low,Month-to-month,No,1,19.3,19.3,4.08395890891552,1.2401777507551431e-05,Low Priority
6480-YAGIY,0,0.23068106,0.23068106,Low,One year,Fiber optic,45,112.2,5049.0,1164.7086807489395,0.13601508308188054,Loyal / High Value
4029-HPFVY,0,0.5835353,0.5835353,Medium,Month-to-month,Fiber optic,3,70.3,210.89999999999998,123.06759763956069,0.013139667777541605,Low Priority
7602-DBTOU,0,0.011994596,0.011994596,Low,Two year,No,71,19.6,1391.6000000000001,16.691679291799666,0.0019301131017651445,Low Priority
5345-BMKWB,0,0.11519698,0.11519698,Low,Month-to-month,No,8,20.25,162.0,18.661910846829414,0.001933632737803933,Low Priority
3519-ZKXGG,1,0.7403088,0.7403088,High,Month-to-month,Fiber optic,3,75.85,227.54999999999998,168.45727226436136,0.018114622377365018,Automated Retention
5457-COLHT,0,0.01690567,0.01690567,Low,Two year,DSL,69,80.65,5564.85,94.07751281876118,0.010990210783858072,Loyal / High Value
6416-TVAIH,1,0.7927383,0.7927383,High,Month-to-month,Fiber optic,1,68.5,68.5,54.302574813365936,0.004618235937105205,Automated Retention
5451-YHYPW,0,0.028036049,0.028036049,Low,Two year,Fiber optic,72,115.75,8334.0,233.65242933109403,0.027326208694760438,Loyal / High Value
5108-ADXWO,1,0.40997034,0.40997034,Medium,Month-to-month,Fiber optic,11,73.5,808.5,331.4610224068165,0.03794935999112588,Low Priority
7998-WNZEM,0,0.0135903675,0.0135903675,Low,Two year,DSL,71,80.6,5722.599999999999,77.77223711796104,0.009086264324919803,Loyal / High Value
3066-RRJIO,1,0.75811934,0.75811934,High,Month-to-month,Fiber optic,1,69.95,69.95,53.0304481625557,0.004545410315311233,Automated Retention
4664-NJCMS,0,0.024391038,0.024391038,Low,Two year,DSL,33,59.55,1965.1499999999999,47.93204900035634,0.005564691658793851,Loyal / High Value
0307-BCOPK,0,0.033924215,0.033924215,Low,One year,No,16,19.05,304.8,10.340100592374801,0.0011372755718992468,Low Priority
7629-WFGLW,0,0.12877062,0.12877062,Low,One year,Fiber optic,56,95.65,5356.400000000001,689.7469469904901,0.08056616412010394,Loyal / High Value
2542-HYGIQ,0,0.30735427,0.30735427,Medium,Month-to-month,No,1,19.95,19.95,6.13171771466732,4.143114827031129e-05,Low Priority
6715-OFDBP,1,0.5144469,0.5144469,Medium,Month-to-month,DSL,5,70.05,350.25,180.18503169715405,0.01998703930399814,Low Priority
5016-LIPDW,0,0.03237576,0.03237576,Low,One year,No,57,19.4,1105.8,35.80111582428217,0.004125146700253756,Low Priority
6481-LXPWL,0,0.056718793,0.056718793,Low,One year,DSL,56,36.1,2021.6000000000001,114.66271145641805,0.013315406760175705,Loyal / High Value
1567-DSCIC,1,0.76619786,0.76619786,High,Month-to-month,Fiber optic,8,94.0,752.0,576.1807909011841,0.06584961917768362,Automated Retention
2150-UWTFY,1,0.098645635,0.098645635,Low,Month-to-month,DSL,22,61.15,1345.3,132.70797269716857,0.015338221441312298,Low Priority
6124-ACRHJ,0,0.34111527,0.34111527,Medium,Month-to-month,No,1,19.75,19.75,6.737026505172253,3.798521928690421e-05,Low Priority
9362-MWODR,0,0.09858022,0.09858022,Low,Month-to-month,DSL,40,64.1,2564.0,252.75968113541603,0.029410443199199006,Loyal / High Value
9975-GPKZU,0,0.016983151,0.016983151,Low,Two year,No,46,19.75,908.5,15.429193079471588,0.0017711353423290473,Low Priority
9625-RZFUK,0,0.013712546,0.013712546,Low,Two year,No,63,19.7,1241.1,17.018640662916003,0.0019646526632604478,Low Priority
5153-LXKDT,0,0.10298654,0.10298654,Low,Two year,Fiber optic,68,110.2,7493.6,771.7399130642415,0.09023393733239686,Loyal / High Value
5161-UBZXI,0,0.09201869,0.09201869,Low,Two year,Fiber optic,69,106.35,7338.15,675.2469770684838,0.07894751331901675,Loyal / High Value
1020-JPQOW,0,0.23118532,0.23118532,Low,Month-to-month,Fiber optic,56,90.55,5070.8,1172.2945056438446,0.13690315801803993,Loyal / High Value
7919-ZODZZ,0,0.13175991,0.13175991,Low,One year,DSL,10,65.9,659.0,86.82978186011314,0.009887553394450027,Low Priority
0565-JUPYD,0,0.11278453,0.11278453,Low,One year,Fiber optic,63,104.5,6583.5,742.5169350989163,0.08678692165073648,Loyal / High Value
6867-ACCZI,0,0.022120198,0.022120198,Low,Two year,DSL,24,52.5,1260.0,27.871449775993824,0.003218256523018732,Low Priority
5939-XAIXZ,0,0.2089525,0.2089525,Low,Month-to-month,DSL,19,56.1,1065.9,222.7224712595344,0.02564635270922141,Low Priority
9054-FOWNV,0,0.54821306,0.54821306,Medium,Month-to-month,Fiber optic,22,88.75,1952.5,1070.3860087692738,0.12425914328036702,Loyal / High Value
2683-BPJSO,1,0.3764577,0.3764577,Medium,Month-to-month,Fiber optic,29,84.45,2449.05,921.9637086153031,0.10724004876463823,Loyal / High Value
2157-MXBJS,1,0.26485655,0.26485655,Low,One year,DSL,13,75.3,978.9,259.26807397305964,0.029806917067617178,Low Priority
8207-VVMYB,0,0.014768525,0.014768525,Low,Two year,No,70,26.0,1820.0,26.87871554866433,0.0031180920946832385,Loyal / High Value
9732-EQMWY,0,0.3568464,0.3568464,Medium,Month-to-month,Fiber optic,49,99.4,4870.6,1738.0560376286508,0.20294300045200467,Loyal / High Value
9360-AHGNL,1,0.2934718,0.2934718,Low,One year,Fiber optic,43,109.55,4710.65,1382.4429968595505,0.16139883331434668,Loyal / High Value
1087-UDSIH,1,0.18154044,0.18154044,Low,Month-to-month,No,3,19.6,58.800000000000004,10.674578136205675,0.0008511836294696819,Low Priority
5269-NRGDP,0,0.11281399,0.11281399,Low,One year,DSL,42,73.15,3072.3,346.5984117619694,0.04037855270177905,Loyal / High Value
6195-MELTI,0,0.0386433,0.0386433,Low,One year,DSL,57,54.65,3115.0499999999997,120.37581332623958,0.01402491083038888,Loyal / High Value
5485-WUYWF,1,0.4895378,0.4895378,Medium,Month-to-month,DSL,2,66.4,132.8,65.01062054634095,0.006541554506557916,Low Priority
2121-JAFOM,0,0.024924152,0.024924152,Low,Two year,Fiber optic,72,115.55,8319.6,207.35897164642813,0.024251031226129885,Loyal / High Value
8818-DOPVL,0,0.56112903,0.56112903,Medium,Month-to-month,Fiber optic,46,104.45,4804.7,2696.05666757226,0.3147865999790449,Loyal / High Value
2632-UCGVD,1,0.34592614,0.34592614,Medium,Month-to-month,Fiber optic,66,100.05,6603.3,2284.254052385688,0.2669906509087881,Loyal / High Value
5445-PZWGX,1,0.1333662,0.1333662,Low,One year,Fiber optic,62,102.0,6324.0,843.4078320264816,0.09856767483077947,Loyal / High Value
1227-UDMZR,0,0.0135839395,0.0135839395,Low,Two year,DSL,72,91.15,6562.8,89.14867829829454,0.010419788568462988,Loyal / High Value
5198-HQAEN,0,0.16752215,0.16752215,Low,One year,Fiber optic,35,89.7,3139.5,525.9357814416289,0.061279346993673704,Loyal / High Value
9170-CCKOU,1,0.3083628,0.3083628,Medium,Month-to-month,Fiber optic,17,90.2,1533.4,472.84353561997415,0.05474567642981789,Loyal / High Value
2167-FQSTQ,0,0.037522033,0.037522033,Low,Two year,DSL,72,92.4,6652.8,249.6265801906586,0.029177743573348187,Loyal / High Value
2819-GWENI,0,0.024716992,0.024716992,Low,One year,No,28,19.9,557.1999999999999,13.772307904064654,0.0015598776790789214,Low Priority
1043-YCUTE,1,0.02317985,0.02317985,Low,Two year,No,56,25.15,1408.3999999999999,32.64650019034743,0.0037756375442709648,Loyal / High Value
3814-MLAXC,1,0.30614248,0.30614248,Medium,Month-to-month,Fiber optic,31,79.85,2475.35,757.8097858414054,0.08815340247946325,Loyal / High Value
3572-UUHRS,0,0.023796678,0.023796678,Low,One year,No,45,18.85,848.2500000000001,20.185531765222553,0.0023136433592626502,Low Priority
2692-PFYTJ,0,0.35815686,0.35815686,Medium,Month-to-month,No,1,25.75,25.75,9.222539141774178,0.0002917749174945307,Low Priority
1226-UDFZR,1,0.4719211,0.4719211,Medium,Month-to-month,DSL,2,49.6,99.2,46.81457176208496,0.004447493358429267,Low Priority
5955-EPOAZ,0,0.13417882,0.13417882,Low,Month-to-month,No,6,20.95,125.69999999999999,16.866277331113814,0.00168132449906188,Low Priority
6821-JPCDC,0,0.2748468,0.2748468,Low,One year,Fiber optic,48,97.05,4658.4,1280.3462968826293,0.14947242793380452,Loyal / High Value
8815-LMFLX,0,0.095066465,0.095066465,Low,Month-to-month,No,25,25.4,635.0,60.367205552756786,0.0068665552328551005,Low Priority
9135-HSWOC,0,0.0142254345,0.0142254345,Low,Two year,No,64,19.7,1260.8,17.935427832603455,0.002070985285045449,Low Priority
8582-KRHPJ,0,0.12826997,0.12826997,Low,Month-to-month,DSL,50,35.0,1750.0,224.47244822978973,0.026029277567745413,Loyal / High Value
5811-IWXYM,0,0.18204908,0.18204908,Low,One year,Fiber optic,52,101.25,5265.0,958.4884100407362,0.11194977111344497,Loyal / High Value
7044-YAACC,0,0.6527157,0.6527157,High,Month-to-month,Fiber optic,4,70.2,280.8,183.28256378173828,0.020045422559739588,Automated Retention
8189-XRIKE,0,0.43930823,0.43930823,Medium,Month-to-month,Fiber optic,32,90.95,2910.4,1278.562661266327,0.14890093616554365,Loyal / High Value
1506-YJTYT,0,0.019859731,0.019859731,Low,Two year,DSL,45,73.85,3323.2499999999995,65.99885170161723,0.007692410066005593,Loyal / High Value
4123-DVHPH,0,0.5477295,0.5477295,Medium,Month-to-month,Fiber optic,9,88.05,792.4499999999999,434.04823608398436,0.049670728810819034,Low Priority
6425-YQLLO,1,0.2453059,0.2453059,Low,One year,Fiber optic,66,105.95,6992.7,1715.350537598133,0.2005273334064366,Loyal / High Value
5442-UTCVD,1,0.72699916,0.72699916,High,Month-to-month,Fiber optic,3,91.85,275.54999999999995,200.3246195375919,0.021879341154983183,Automated Retention
2228-BZDEE,0,0.017935133,0.017935133,Low,Two year,No,54,20.1,1085.4,19.46679293252528,0.0022423120357626483,Low Priority
7734-DBOAI,1,0.54376644,0.54376644,Medium,Month-to-month,DSL,1,40.1,40.1,21.805034202337264,0.0013576314176047821,Low Priority
2789-CZANW,0,0.05835395,0.05835395,Low,Two year,Fiber optic,64,110.3,7059.2,411.9321991682053,0.0481567827410736,Loyal / High Value
2091-RFFBA,1,0.48948312,0.48948312,Medium,Month-to-month,Fiber optic,31,73.9,2290.9,1121.3568751573564,0.13036320711481147,Loyal / High Value
2114-MGINA,1,0.6215997,0.6215997,High,Month-to-month,Fiber optic,14,89.8,1257.2,781.4751104354858,0.09023221077457552,Automated Retention
7596-LDUXP,0,0.23669428,0.23669428,Low,One year,Fiber optic,12,85.15,1021.8000000000001,241.85421155691148,0.02782778028435083,Low Priority
3740-RLMVT,0,0.037789702,0.037789702,Low,One year,DSL,67,60.95,4083.65,154.319918268919,0.018005611386851583,Loyal / High Value
4489-SNOJF,1,0.12772417,0.12772417,Low,Month-to-month,DSL,35,72.25,2528.75,322.98249661922455,0.03757751338737223,Loyal / High Value
2192-OZITF,0,0.02089712,0.02089712,Low,Two year,DSL,45,73.55,3309.75,69.1642437055707,0.008061161131506529,Loyal / High Value
5651-CPDND,0,0.19921426,0.19921426,Low,Month-to-month,DSL,10,46.0,460.0,91.6385617852211,0.010302575676096219,Low Priority
2186-QZEYA,0,0.1628084,0.1628084,Low,Month-to-month,DSL,29,58.55,1697.9499999999998,276.4405285067856,0.03204469834529464,Loyal / High Value
1131-ALZWV,0,0.039176274,0.039176274,Low,One year,No,24,24.6,590.4000000000001,23.129672223329546,0.0026248544484267916,Low Priority
7729-XBTWX,0,0.013598456,0.013598456,Low,Two year,No,66,19.75,1303.5,17.725587457884103,0.0020477701242722674,Low Priority
9134-WYRVP,0,0.08012383,0.08012383,Low,One year,Fiber optic,51,86.35,4403.849999999999,352.853314923495,0.04118377097928791,Loyal / High Value
3284-SVCRO,0,0.020979049,0.020979049,Low,Two year,No,45,25.5,1147.5,24.073458365164697,0.002775582831243084,Low Priority
9732-OUYRN,0,0.023892988,0.023892988,Low,One year,No,49,19.0,931.0,22.244371380656958,0.002554761723472701,Low Priority
0559-CKHUS,0,0.018177433,0.018177433,Low,Two year,No,29,19.55,566.95,10.305695604998618,0.0011679435326493,Low Priority
2931-SVLTV,0,0.27262545,0.27262545,Low,Month-to-month,Fiber optic,40,110.1,4404.0,1200.6424655914307,0.14013469467374137,Loyal / High Value
6899-PPEEA,1,0.5912093,0.5912093,Medium,Month-to-month,Fiber optic,37,96.55,3572.35,2112.0065157473086,0.2462598205469297,Loyal / High Value
7504-UWHNB,0,0.32140628,0.32140628,Medium,Month-to-month,Fiber optic,25,69.75,1743.75,560.4521920904517,0.06498613959581459,Loyal / High Value
2582-FFFZR,0,0.48023272,0.48023272,Medium,Month-to-month,DSL,22,50.6,1113.2,534.5950590133667,0.061605247088330005,Low Priority
8908-NMQTX,0,0.01536718,0.01536718,Low,Two year,DSL,72,65.6,4723.2,72.58226509094239,0.008473996870884837,Loyal / High Value
2187-LZGPL,1,0.38452578,0.38452578,Medium,Month-to-month,DSL,7,40.1,280.7,107.93638529777526,0.011804587949019842,Low Priority
1431-AIDJQ,0,0.02315406,0.02315406,Low,Two year,DSL,33,82.1,2709.2999999999997,62.73129320014267,0.007302137669138308,Loyal / High Value
6288-LBEAR,0,0.23645964,0.23645964,Low,Month-to-month,Fiber optic,23,79.1,1819.3,430.19102787077423,0.04990453706266161,Loyal / High Value
4597-NUCQV,1,0.65969115,0.65969115,High,Month-to-month,Fiber optic,24,101.25,2430.0,1603.0495065450668,0.18645059462114105,Priority Retention
9019-QVLZD,1,0.8173685,0.8173685,Critical,Month-to-month,Fiber optic,1,79.55,79.55,65.02166476249694,0.005820416450634631,Automated Retention
8413-YNHNV,0,0.021526463,0.021526463,Low,Two year,DSL,69,90.65,6254.85,134.64479915834963,0.015735195710773343,Loyal / High Value
5808-TOTXO,0,0.059451934,0.059451934,Low,One year,No,3,20.55,61.650000000000006,3.6652117280289533,0.0002986116102969642,Low Priority
4369-NYSCF,0,0.07926799,0.07926799,Low,One year,DSL,56,75.75,4242.0,336.25482872128487,0.03924003545130587,Loyal / High Value
6333-YDVLT,0,0.20547555,0.20547555,Low,One year,Fiber optic,65,110.0,7150.0,1469.150210171938,0.17175629099765308,Loyal / High Value
5324-KTGCG,0,0.03659144,0.03659144,Low,One year,No,71,20.85,1480.3500000000001,54.168138854205615,0.006268780449872022,Loyal / High Value
5599-HVLTW,0,0.5979555,0.5979555,Medium,Month-to-month,Fiber optic,14,80.35,1124.8999999999999,672.6401699841022,0.07752703091189744,Low Priority
7394-LWLYN,0,0.653224,0.653224,High,Month-to-month,Fiber optic,2,70.15,140.3,91.64732599258424,0.009303112686887686,Automated Retention
3707-LRWZD,1,0.22684376,0.22684376,Low,One year,Fiber optic,32,84.05,2689.6,610.1189753293991,0.07101630634053233,Loyal / High Value
6873-UDNLD,0,0.1403037,0.1403037,Low,Month-to-month,DSL,40,67.45,2698.0,378.5393857359886,0.044061993172606034,Loyal / High Value
2700-LUEVA,0,0.2659968,0.2659968,Low,Month-to-month,No,1,20.75,20.75,5.519433885812759,6.079962805461273e-05,Low Priority
1455-ESIQH,1,0.8454395,0.8454395,Critical,Month-to-month,Fiber optic,1,89.1,89.1,75.32865888476371,0.006966710006098547,Automated Retention
0958-YHXGP,0,0.4981018,0.4981018,Medium,Month-to-month,Fiber optic,7,69.9,489.30000000000007,243.7212110728026,0.027470566534604224,Low Priority
1101-SSWAG,0,0.39238366,0.39238366,Medium,Month-to-month,DSL,15,51.1,766.5,300.76207910478115,0.034389683304302844,Low Priority
2979-SXESE,1,0.48698902,0.48698902,Medium,Month-to-month,Fiber optic,17,94.4,1604.8000000000002,781.5199813842775,0.09053410865808016,Loyal / High Value
4013-TLDHQ,1,0.4750735,0.4750735,Medium,Month-to-month,Fiber optic,19,78.25,1486.75,706.3155061528087,0.08174513838678704,Loyal / High Value
5743-KHMNA,0,0.012787834,0.012787834,Low,Two year,No,71,25.55,1814.05,23.197769922763108,0.002690988213514849,Loyal / High Value
4194-FJARJ,0,0.017791828,0.017791828,Low,Two year,DSL,54,60.0,3240.0,57.64552317559719,0.006717816579912978,Loyal / High Value
5325-UWTWJ,0,0.21326673,0.21326673,Low,Month-to-month,Fiber optic,31,90.55,2807.0499999999997,598.6503753125667,0.06970191306999791,Loyal / High Value
3969-GYXEL,0,0.35991135,0.35991135,Medium,Month-to-month,Fiber optic,11,76.4,840.4000000000001,302.469500553608,0.0346613802429392,Low Priority
9208-OLGAQ,0,0.55104285,0.55104285,Medium,Month-to-month,Fiber optic,18,84.95,1529.1000000000001,842.5996292531491,0.09755251589262634,Loyal / High Value
3244-CQPHU,0,0.034183033,0.034183033,Low,Two year,Fiber optic,72,110.1,7927.2,270.97573769688603,0.03168758166260843,Loyal / High Value
2674-MLXMN,0,0.2798228,0.2798228,Low,Month-to-month,Fiber optic,71,99.65,7075.150000000001,1979.7882592454555,0.23144781398510075,Loyal / High Value
9708-HPXWZ,0,0.43371323,0.43371323,Medium,Month-to-month,DSL,5,45.4,227.0,98.45290264487267,0.010584571217141335,Low Priority
6992-TKNYO,0,0.072108954,0.072108954,Low,One year,DSL,38,69.0,2622.0,189.06967788934708,0.022003238647617256,Loyal / High Value
4468-YDOVK,0,0.2781462,0.2781462,Low,Month-to-month,DSL,5,48.65,243.25,67.65906493365765,0.00731783526770027,Low Priority
3754-DXMRT,1,0.6398125,0.6398125,High,Month-to-month,DSL,2,44.15,88.3,56.495446318387984,0.005212276206342734,Automated Retention
5792-JALQC,0,0.0353943,0.0353943,Low,Two year,DSL,52,59.85,3112.2000000000003,110.15413976088168,0.012833918666202275,Loyal / High Value
7130-VTEWQ,1,0.6822308,0.6822308,High,Month-to-month,Fiber optic,8,75.75,606.0,413.4318469762802,0.04695774433716562,Automated Retention
2200-DSAAL,0,0.067765765,0.067765765,Low,Two year,DSL,68,80.65,5484.200000000001,371.64100782126195,0.04341323746264188,Loyal / High Value
4302-ZYFEL,0,0.019789949,0.019789949,Low,One year,No,69,20.55,1417.95,28.061158268898726,0.0032456286602799583,Loyal / High Value
9351-LZYGF,0,0.102893166,0.102893166,Low,Month-to-month,DSL,42,66.4,2788.8,286.9484620213509,0.033408438495869636,Loyal / High Value
4366-CTOUZ,0,0.07874539,0.07874539,Low,Two year,Fiber optic,50,100.2,5010.0,394.5143913477659,0.04607018685095509,Loyal / High Value
6121-VZNQB,1,0.27658728,0.27658728,Low,Month-to-month,No,1,19.1,19.1,5.282817003130913,9.72620303066979e-06,Low Priority
7903-CMPEY,1,0.72535664,0.72535664,High,Month-to-month,Fiber optic,1,80.3,80.3,58.24613806605339,0.005228975204372218,Automated Retention
1518-OMDIK,0,0.12962024,0.12962024,Low,Month-to-month,DSL,33,44.55,1470.1499999999999,190.5611945696175,0.02205133323258296,Loyal / High Value
6671-NGWON,0,0.11803684,0.11803684,Low,Month-to-month,No,7,20.35,142.45000000000002,16.814347343146803,0.00171080912639431,Low Priority
0595-ITUDF,0,0.18050028,0.18050028,Low,Month-to-month,Fiber optic,64,91.8,5875.2,1060.4752676010132,0.12390775767358302,Loyal / High Value
6996-KNSML,1,0.81945413,0.81945413,Critical,Month-to-month,Fiber optic,1,74.9,74.9,61.37711459994316,0.005388617883761262,Automated Retention
1955-IBMMB,0,0.016727237,0.016727237,Low,Two year,No,59,20.2,1191.8,19.935521093383432,0.002299916663213052,Low Priority
0096-BXERS,0,0.40687263,0.40687263,Medium,Month-to-month,DSL,6,50.35,302.1,122.91622155904771,0.0135112312585339,Low Priority
3806-YAZOV,0,0.1278044,0.1278044,Low,Month-to-month,No,3,18.8,56.400000000000006,7.208168077468873,0.0005632789507899531,Low Priority
7998-ZLXWN,0,0.09083897,0.09083897,Low,Month-to-month,No,15,20.45,306.75,27.86485366523266,0.003066049448220759,Low Priority
6253-WRFHY,0,0.24458739,0.24458739,Low,One year,DSL,13,64.75,841.75,205.8814368918538,0.02359377273179546,Low Priority
9133-AYJZG,0,0.5494339,0.5494339,Medium,Month-to-month,Fiber optic,23,98.7,2270.1,1247.269866889715,0.14499021354721772,Loyal / High Value
2675-OTVVJ,0,0.3777931,0.3777931,Medium,Month-to-month,Fiber optic,31,89.45,2772.9500000000003,1047.601386229694,0.12196395300599115,Loyal / High Value
8680-CGLTP,0,0.0662475,0.0662475,Low,One year,DSL,29,58.75,1703.75,112.86917894147336,0.01308417642681733,Loyal / High Value
8430-TWCBX,0,0.025718061,0.025718061,Low,One year,No,49,20.7,1014.3,26.085829529352484,0.003001023300097059,Low Priority
5018-GWURO,0,0.28447443,0.28447443,Low,Month-to-month,Fiber optic,56,85.6,4793.599999999999,1363.6566394805907,0.1592165838510625,Loyal / High Value
6741-QRLUP,0,0.020548094,0.020548094,Low,Two year,DSL,63,80.3,5058.9,103.95075306035578,0.012139493727957687,Loyal / High Value
4737-HOBAX,0,0.022247698,0.022247698,Low,Two year,DSL,63,79.8,5027.4,111.8480777196586,0.013061447509645503,Loyal / High Value
0537-QYZZN,0,0.37102216,0.37102216,Medium,Month-to-month,Fiber optic,24,79.85,1916.3999999999999,711.0268766641616,0.0825266855736022,Loyal / High Value
3340-QBBFM,0,0.06030832,0.06030832,Low,One year,DSL,36,54.1,1947.6000000000001,117.45648127645255,0.013634973378545993,Loyal / High Value
1704-NRWYE,1,0.651938,0.651938,High,Month-to-month,Fiber optic,9,80.85,727.65,474.3827011138201,0.054168964074875675,Automated Retention
2592-SEIFQ,1,0.54579365,0.54579365,Medium,Month-to-month,DSL,3,24.75,74.25,40.5251787006855,0.0035474796081485824,Low Priority
8200-KLNYW,0,0.101629995,0.101629995,Low,One year,DSL,21,80.9,1698.9,172.65919818207624,0.020014599854610748,Loyal / High Value
3372-CDXFJ,0,0.04379824,0.04379824,Low,One year,No,13,24.5,318.5,13.949740001931787,0.0015386268117923401,Low Priority
4781-ZXYGU,0,0.4203261,0.4203261,Medium,Month-to-month,No,1,20.15,20.15,8.469571191072463,6.651353308985479e-05,Low Priority
7632-YUTXB,0,0.025696153,0.025696153,Low,One year,No,25,20.05,501.25,12.880196601618081,0.0014531494899404347,Low Priority
2718-YSKCS,0,0.011806787,0.011806787,Low,Two year,No,71,19.6,1391.6000000000001,16.43032477758825,0.0018998918302401912,Low Priority
9896-UYMIE,0,0.19966103,0.19966103,Low,One year,Fiber optic,66,114.3,7543.8,1506.2028884142637,0.1761123008515325,Loyal / High Value
0853-NWIFK,0,0.23839548,0.23839548,Low,One year,Fiber optic,45,100.3,4513.5,1075.9980093687773,0.12559970160135797,Loyal / High Value
8212-CRQXP,0,0.36028984,0.36028984,Medium,Month-to-month,Fiber optic,22,80.0,1760.0,634.1101217269897,0.07353439993194995,Loyal / High Value
6980-CDGFC,0,0.023803592,0.023803592,Low,One year,No,67,20.85,1396.95,33.25242746472359,0.0038452878774654477,Loyal / High Value
7691-XVTZH,0,0.047851894,0.047851894,Low,Two year,Fiber optic,68,89.95,6116.6,292.6908951513469,0.03420284128178817,Loyal / High Value
7481-ATQQS,1,0.40453976,0.40453976,Medium,Month-to-month,Fiber optic,49,90.85,4451.65,1800.869440087676,0.21020068601437542,Loyal / High Value
2277-VWCNI,0,0.4977784,0.4977784,Medium,Month-to-month,DSL,4,48.75,195.0,97.0667852461338,0.010280916118674363,Low Priority
1088-CNNKB,0,0.059886366,0.059886366,Low,One year,DSL,63,80.0,5040.0,301.8272852897644,0.03524725965943134,Loyal / High Value
8642-GVWRF,1,0.5848227,0.5848227,Medium,Month-to-month,Fiber optic,2,79.7,159.4,93.22074066400528,0.009638277573450918,Low Priority
1930-BZLHI,0,0.030758392,0.030758392,Low,One year,No,21,20.35,427.35,13.144598849304021,0.0014729863417183593,Low Priority
3400-ESFUW,1,0.014323176,0.014323176,Low,Two year,DSL,55,57.55,3165.25,45.33643246931024,0.0052826280901486665,Loyal / High Value
5868-YTYKS,0,0.38201836,0.38201836,Medium,Month-to-month,No,1,20.25,20.25,7.735871739685535,6.492950797041865e-05,Low Priority
3525-DVKFN,0,0.02266647,0.02266647,Low,Two year,No,17,19.4,329.79999999999995,7.475401547551154,0.0008262931271431726,Low Priority
1482-OXZSY,0,0.39424077,0.39424077,Medium,Month-to-month,Fiber optic,30,100.4,3012.0,1187.4531894922256,0.1383206891266256,Loyal / High Value
0377-JBKKT,0,0.09825842,0.09825842,Low,Month-to-month,DSL,22,57.95,1274.9,125.26966070979834,0.014467179575943389,Low Priority
5778-BVOFB,0,0.23739912,0.23739912,Low,Month-to-month,DSL,9,59.5,535.5,127.12722670286894,0.014378296525587187,Low Priority
3373-YZZYM,0,0.21543358,0.21543358,Low,Month-to-month,No,1,19.2,19.2,4.136324787139892,1.0100974430960957e-05,Low Priority
2057-ZBLPD,1,0.57859993,0.57859993,Medium,Month-to-month,Fiber optic,21,86.5,1816.5,1051.0267724990845,0.12192295267004226,Loyal / High Value
0228-MAUWC,0,0.21746244,0.21746244,Low,Month-to-month,DSL,19,59.55,1131.45,246.0478724934161,0.028361728562049802,Low Priority
5502-RLUYV,1,0.42925316,0.42925316,Medium,Month-to-month,Fiber optic,69,103.95,7172.55,3078.8397595971824,0.35994582241317236,Loyal / High Value
0023-HGHWL,1,0.79154754,0.79154754,High,Month-to-month,DSL,1,25.1,25.1,19.86784317493439,0.0005845308376494334,Automated Retention
7663-YJHSN,0,0.037489153,0.037489153,Low,Two year,Fiber optic,72,103.95,7484.400000000001,280.58382004201417,0.032806524751178325,Loyal / High Value
4915-BFSXL,0,0.023542916,0.023542916,Low,Two year,DSL,70,68.95,4826.5,113.62988601531833,0.0132674511425071,Loyal / High Value
3086-RUCRN,0,0.17874865,0.17874865,Low,Month-to-month,Fiber optic,66,103.1,6804.599999999999,1216.3130797058343,0.1421784280103457,Loyal / High Value
5215-LNLDJ,0,0.38740364,0.38740364,Medium,Month-to-month,DSL,7,24.7,172.9,66.98208886682987,0.006997714329522105,Low Priority
7576-JMYWV,0,0.33432326,0.33432326,Medium,Month-to-month,Fiber optic,46,110.2,5069.2,1694.751455438137,0.19791660941047318,Loyal / High Value
9039-RBEEE,1,0.12772962,0.12772962,Low,Month-to-month,DSL,39,48.95,1909.0500000000002,243.84223967045548,0.028300933365724753,Loyal / High Value
0257-KXZGU,0,0.09845834,0.09845834,Low,Month-to-month,DSL,32,62.45,1998.4,196.759151160717,0.022846508618522453,Loyal / High Value
1307-ATKGB,0,0.4531167,0.4531167,Medium,Month-to-month,Fiber optic,24,89.55,2149.2,973.838379728794,0.11315170035258056,Loyal / High Value
8417-FMLZI,1,0.58500427,0.58500427,Medium,Month-to-month,Fiber optic,6,83.55,501.29999999999995,293.2626405894756,0.033086149698991076,Low Priority
3714-XPXBW,0,0.12723011,0.12723011,Low,Month-to-month,DSL,37,78.9,2919.3,371.42285365462305,0.04325662598793589,Loyal / High Value
1850-AKQEP,0,0.10227011,0.10227011,Low,Month-to-month,No,8,20.35,162.8,16.649574142694476,0.0017262396904998312,Low Priority
2824-DXNKN,0,0.015001764,0.015001764,Low,Two year,DSL,72,71.45,5144.400000000001,77.1750726107508,0.009013156350251407,Loyal / High Value
5227-JSCFE,0,0.025620973,0.025620973,Low,Two year,DSL,71,46.35,3290.85,84.31477813376114,0.009826648519117232,Loyal / High Value
0848-ZGQIJ,0,0.55304617,0.55304617,Medium,Month-to-month,Fiber optic,16,94.65,1514.4,837.5331151485443,0.09695422065018804,Loyal / High Value
3621-CHYVB,0,0.093959585,0.093959585,Low,Month-to-month,DSL,57,49.9,2844.2999999999997,267.2492471382022,0.031119046200224695,Loyal / High Value
8042-RNLKO,0,0.028225055,0.028225055,Low,One year,No,66,25.45,1679.7,47.409624823741616,0.005495005836272793,Loyal / High Value
1792-UXAFY,1,0.5751405,0.5751405,Medium,Month-to-month,Fiber optic,17,89.15,1515.5500000000002,871.6541487455369,0.10090509046704718,Loyal / High Value
5372-FBKBN,0,0.06104256,0.06104256,Low,Month-to-month,No,21,20.75,435.75,26.59929482359439,0.0029833663172402613,Low Priority
0420-TXVSG,0,0.021843487,0.021843487,Low,Two year,DSL,66,66.1,4362.599999999999,95.29439811743795,0.011121968838425709,Loyal / High Value
6217-TOWGS,0,0.2585641,0.2585641,Low,Month-to-month,DSL,17,75.4,1281.8000000000002,331.4274820566178,0.038279078758286074,Low Priority
0515-YPMCW,1,0.7497511,0.7497511,High,Month-to-month,Fiber optic,1,70.45,70.45,52.8199643611908,0.004539178995959131,Automated Retention
0378-XSZPU,1,0.041740503,0.041740503,Low,One year,DSL,58,60.3,3497.3999999999996,145.98323575928805,0.017019705820967707,Loyal / High Value
1045-LTCYT,0,0.116360314,0.116360314,Low,Month-to-month,No,8,21.05,168.4,19.595076909661294,0.002040451871118014,Low Priority
1544-JJMYL,0,0.04787922,0.04787922,Low,One year,DSL,27,69.35,1872.4499999999998,89.65144371986388,0.010403145442801314,Loyal / High Value
4636-JGAAI,0,0.2792743,0.2792743,Low,Month-to-month,Fiber optic,34,88.85,3020.8999999999996,843.6597771018743,0.09827567282288603,Loyal / High Value
6874-SGLHU,0,0.23521553,0.23521553,Low,One year,Fiber optic,30,97.0,2910.0,684.4771917164326,0.07971389016272068,Loyal / High Value
5951-AOFIH,0,0.13884258,0.13884258,Low,Month-to-month,DSL,33,66.4,2191.2000000000003,304.2318672180176,0.035355123155383535,Loyal / High Value
4729-XKASR,1,0.59111464,0.59111464,Medium,Month-to-month,DSL,1,24.75,24.75,14.630087345838547,0.0004122669858171898,Low Priority
3059-NGMXB,0,0.12803553,0.12803553,Low,Month-to-month,DSL,14,69.2,968.8000000000001,124.04082189798356,0.014257519918131319,Low Priority
8652-YHIYU,0,0.17151895,0.17151895,Low,One year,Fiber optic,16,79.5,1272.0,218.1721065044403,0.025195464906852132,Low Priority
5278-PNYOX,0,0.071987614,0.071987614,Low,Two year,Fiber optic,49,100.65,4931.85,355.03211428150536,0.04145709245330503,Loyal / High Value
5449-FIBXJ,1,0.4771995,0.4771995,Medium,Month-to-month,Fiber optic,19,103.3,1962.7,936.5994485199452,0.10873360113664868,Loyal / High Value
3486-HOOGQ,0,0.019588245,0.019588245,Low,Two year,DSL,70,79.7,5579.0,109.28281929530203,0.012766616687900682,Loyal / High Value
5061-PBXFW,0,0.07612938,0.07612938,Low,Month-to-month,DSL,32,61.4,1964.8,149.578999710083,0.01736540784703013,Loyal / High Value
8630-FJLIB,0,0.4611937,0.4611937,Medium,Month-to-month,Fiber optic,18,69.8,1256.3999999999999,579.4437779545783,0.0669042263920604,Low Priority
3891-NLXJB,0,0.022731941,0.022731941,Low,Two year,DSL,37,40.55,1500.35,34.10586796943098,0.0039476870164802304,Loyal / High Value
4749-OJKQU,0,0.7312848,0.7312848,High,Month-to-month,Fiber optic,4,75.65,302.6,221.28677963018418,0.024327014422705094,Automated Retention
0577-WHMEV,0,0.37092534,0.37092534,Medium,Month-to-month,Fiber optic,16,90.7,1451.2,538.2868491649627,0.06227886496951547,Loyal / High Value
5453-AXEPF,0,0.40773204,0.40773204,Medium,Month-to-month,Fiber optic,17,80.5,1368.5,557.9812963157892,0.06450627508083469,Low Priority
3639-XJHKQ,0,0.18147397,0.18147397,Low,Month-to-month,DSL,19,60.6,1151.4,208.94912953376772,0.024092439386018308,Low Priority
3716-LRGXK,0,0.077338524,0.077338524,Low,Two year,Fiber optic,60,101.15,6069.0,469.367503143847,0.05484732967104122,Loyal / High Value
2263-SFSQZ,0,0.016315077,0.016315077,Low,Two year,No,51,24.95,1272.45,20.76011909265071,0.0023974816736739707,Low Priority
9950-MTGYX,0,0.014797645,0.014797645,Low,Two year,No,28,20.3,568.4,8.410981241613626,0.0009532991280766667,Low Priority
3397-AVTKU,0,0.046995416,0.046995416,Low,Two year,DSL,43,60.0,2580.0,121.2481740117073,0.01410876080569855,Loyal / High Value
4825-FUREZ,0,0.02303383,0.02303383,Low,Two year,No,42,20.25,850.5,19.590271909721196,0.0022455499715034466,Low Priority
9837-BMCLM,1,0.7107928,0.7107928,High,Month-to-month,Fiber optic,3,78.5,235.5,167.3916996717453,0.018054763152804125,Automated Retention
2672-OJQZP,0,0.50875556,0.50875556,Medium,Month-to-month,DSL,1,44.75,44.75,22.76681151986122,0.001547520501652295,Low Priority
0137-UDEUO,1,0.16741905,0.16741905,Low,Month-to-month,No,3,19.85,59.550000000000004,9.969804199039936,0.0007996912663124797,Low Priority
3134-DSHVC,0,0.048067678,0.048067678,Low,Two year,Fiber optic,63,98.0,6174.0,296.76984252780676,0.03468048694038404,Loyal / High Value
6161-UUUTA,1,0.72655326,0.72655326,High,Month-to-month,Fiber optic,3,79.9,239.70000000000002,174.15481672883035,0.01881278312743403,Automated Retention
7821-DPRQE,0,0.2719833,0.2719833,Low,Month-to-month,Fiber optic,68,107.7,7323.6,1991.8968642354012,0.23288442168471424,Loyal / High Value
6543-XRMYR,1,0.6266186,0.6266186,High,Month-to-month,Fiber optic,30,99.7,2991.0,1874.2163035869598,0.218308781116463,Priority Retention
2001-EWBQU,0,0.12455734,0.12455734,Low,Two year,Fiber optic,60,104.7,6282.0,782.4692014306784,0.09144405516972576,Loyal / High Value
4925-LMHOK,1,0.20977335,0.20977335,Low,Month-to-month,DSL,15,58.6,879.0,184.39077182114124,0.021151424524292563,Low Priority
1608-GMEWB,0,0.46763784,0.46763784,Medium,Month-to-month,Fiber optic,45,93.9,4225.5,1976.003679960966,0.230590314214486,Loyal / High Value
6695-AMZUF,0,0.0191216,0.0191216,Low,Two year,DSL,70,86.45,6051.5,115.71436430606991,0.01352153017396713,Loyal / High Value
1455-UGQVH,1,0.81326103,0.81326103,Critical,Month-to-month,Fiber optic,10,98.5,985.0,801.0621166229248,0.09210577752477499,Automated Retention
8410-BGQXN,0,0.13331018,0.13331018,Low,Month-to-month,No,4,19.4,77.6,10.344870269298553,0.0009188201908645375,Low Priority
8280-MQRQN,1,0.57530963,0.57530963,Medium,Month-to-month,DSL,1,50.45,50.45,29.024371045827866,0.002134348031074725,Low Priority
1619-YWUBB,0,0.016685244,0.016685244,Low,Two year,No,68,24.95,1696.6,28.30818445459008,0.003281426044765773,Loyal / High Value
7611-YKYTC,0,0.22264504,0.22264504,Low,Month-to-month,Fiber optic,22,75.0,1650.0,367.3643231391907,0.04257063441319476,Loyal / High Value
2037-SGXHH,1,0.4436846,0.4436846,Medium,Month-to-month,Fiber optic,38,94.65,3596.7000000000003,1595.8004286736252,0.18607688930608046,Loyal / High Value
3178-FESZO,1,0.8765074,0.8765074,Critical,Month-to-month,Fiber optic,1,100.25,100.25,87.86986699700356,0.008368286741541142,Automated Retention
0365-GXEZS,0,0.30832097,0.30832097,Medium,Month-to-month,Fiber optic,18,78.2,1407.6000000000001,433.99259644746786,0.05019178570703019,Loyal / High Value
0082-OQIQY,0,0.3890359,0.3890359,Medium,Month-to-month,Fiber optic,29,94.2,2731.8,1062.7682999432088,0.1237169946582299,Loyal / High Value
6087-MVHJH,1,0.6356155,0.6356155,High,Month-to-month,Fiber optic,16,88.45,1415.2,899.523094701767,0.1040385318340123,Priority Retention
4603-JANFB,1,0.81593317,0.81593317,Critical,Month-to-month,Fiber optic,1,69.85,69.85,56.992931780219074,0.004882477051651821,Automated Retention
3018-TFTSU,1,0.36069492,0.36069492,Medium,Month-to-month,Fiber optic,12,81.7,980.4000000000001,353.6252947211266,0.040655972233457134,Low Priority
3606-SBKRY,0,0.2438178,0.2438178,Low,One year,DSL,31,50.05,1551.55,378.2955172777176,0.0438052961506391,Loyal / High Value
4806-KEXQR,1,0.6975615,0.6975615,High,Month-to-month,Fiber optic,4,79.9,319.6,222.94065618515017,0.024595191759537324,Automated Retention
0667-NSRGI,0,0.067777336,0.067777336,Low,One year,DSL,48,69.55,3338.3999999999996,226.2678573131561,0.02637303584525661,Loyal / High Value
7083-YNSKY,1,0.1651855,0.1651855,Low,Month-to-month,No,15,25.4,381.0,62.93567405641079,0.007013103282966407,Low Priority
6893-ODYYE,0,0.06924354,0.06924354,Low,One year,Fiber optic,50,90.1,4505.0,311.94216053932905,0.036412272826067696,Loyal / High Value
8242-JSVBO,0,0.30179673,0.30179673,Medium,Month-to-month,DSL,7,44.65,312.55,94.32656931579113,0.01039159681056944,Low Priority
2479-BRAMR,1,0.31618553,0.31618553,Medium,Month-to-month,Fiber optic,41,83.75,3433.75,1085.7020773738623,0.1265657573769991,Loyal / High Value
9541-ZPSEA,0,0.027861977,0.027861977,Low,Two year,Fiber optic,68,80.35,5463.799999999999,152.23226991109547,0.017782781407488915,Loyal / High Value
2665-NPTGL,0,0.5454881,0.5454881,Medium,Month-to-month,Fiber optic,26,98.1,2550.6,1391.321996641159,0.1618842390286949,Loyal / High Value
1139-WUOAH,0,0.025061956,0.025061956,Low,Two year,DSL,57,53.35,3040.9500000000003,76.21215411135927,0.008878116718006868,Loyal / High Value
4693-VWVBO,0,0.18921585,0.18921585,Low,Month-to-month,No,3,19.55,58.650000000000006,11.097509825974704,0.0008838442158595355,Low Priority
7434-SHXLS,1,0.3524209,0.3524209,Medium,Month-to-month,No,1,20.9,20.9,7.365596732497215,8.675026751367193e-05,Low Priority
6937-GCDGQ,0,0.06458746,0.06458746,Low,One year,DSL,19,48.95,930.0500000000001,60.06956621333957,0.006898832753274816,Low Priority
0988-JRWWP,0,0.5555064,0.5555064,Medium,Month-to-month,DSL,3,54.2,162.60000000000002,90.32534197568894,0.00936349183013586,Low Priority
5075-JSDKI,0,0.031099064,0.031099064,Low,Two year,No,59,24.45,1442.55,44.86195517079904,0.005190042756284853,Loyal / High Value
7908-QCBCA,1,0.7637651,0.7637651,High,Month-to-month,Fiber optic,1,69.4,69.4,53.00529770851136,0.004530020851840315,Automated Retention
8644-XYTSV,0,0.17689042,0.17689042,Low,Month-to-month,DSL,42,40.15,1686.3,298.2903117612004,0.034574827914484636,Loyal / High Value
6711-FLDFB,1,0.67416626,0.67416626,High,Month-to-month,Fiber optic,7,74.9,524.3000000000001,353.46537124514583,0.03994643725580568,Automated Retention
3873-WOSBC,0,0.016208885,0.016208885,Low,Two year,No,67,25.6,1715.2,27.801479959487917,0.0032230815028391683,Loyal / High Value
7465-ZZRVX,0,0.80949044,0.80949044,Critical,Month-to-month,Fiber optic,1,70.35,70.35,56.94765261411666,0.0048913672518904544,Automated Retention
7975-JMZNT,0,0.024887964,0.024887964,Low,Two year,DSL,66,91.7,6052.2,150.6269365042448,0.017601163116397596,Loyal / High Value
7251-XFOIL,0,0.17821105,0.17821105,Low,Month-to-month,Fiber optic,61,89.2,5441.2,969.6819557130336,0.11327030054459154,Loyal / High Value
4116-IQRFR,0,0.06210604,0.06210604,Low,One year,No,4,24.1,96.4,5.987022195756436,0.0005649180250732816,Low Priority
3714-JTVOV,1,0.31434047,0.31434047,Medium,Month-to-month,Fiber optic,42,74.15,3114.3,978.9505326390267,0.11405674837786767,Loyal / High Value
8259-DZLIZ,0,0.035732087,0.035732087,Low,One year,DSL,64,53.85,3446.4,123.14706376791001,0.014356163322516147,Loyal / High Value
0442-ZXKVS,0,0.25560632,0.25560632,Low,One year,Fiber optic,54,115.6,6242.4,1595.5969136953354,0.18646749751663302,Loyal / High Value
7853-WNZSY,0,0.37196493,0.37196493,Medium,Month-to-month,No,1,19.75,19.75,7.346307396888733,4.142051351669577e-05,Low Priority
3120-FAZKD,0,0.016975423,0.016975423,Low,Two year,No,54,24.05,1298.7,22.045982267148794,0.0025467512552409493,Low Priority
8606-OEGQZ,0,0.024666067,0.024666067,Low,Two year,No,18,25.3,455.40000000000003,11.232927008718253,0.0012623317874527892,Low Priority
0225-ZORZP,0,0.5920909,0.5920909,Medium,Month-to-month,Fiber optic,3,84.3,252.89999999999998,149.739789801836,0.016247243153745976,Low Priority
4702-IOQDC,1,0.8126813,0.8126813,Critical,Month-to-month,Fiber optic,1,70.1,70.1,56.968960344791405,0.0048868332214692615,Automated Retention
9489-JMTTN,0,0.015221372,0.015221372,Low,Two year,DSL,72,89.75,6462.0,98.36050745844841,0.011495961372398918,Loyal / High Value
0575-CUQOV,0,0.21558653,0.21558653,Low,One year,Fiber optic,60,97.95,5877.0,1267.0020261257887,0.14803884557810934,Loyal / High Value
0967-BMLBD,0,0.049018417,0.049018417,Low,One year,No,11,20.0,220.0,10.784051641821861,0.0011560513656474621,Low Priority
6178-KFNHS,1,0.4201464,0.4201464,Medium,Month-to-month,Fiber optic,12,78.3,939.5999999999999,394.769562792778,0.04534776002973519,Low Priority
2830-LEWOA,0,0.13906468,0.13906468,Low,One year,Fiber optic,61,103.9,6337.900000000001,881.3780639573932,0.10300586645355879,Loyal / High Value
5006-MXVRN,0,0.01651015,0.01651015,Low,Two year,No,39,20.7,807.3,13.328643662296235,0.0015259579956363493,Low Priority
1264-BYWMS,1,0.5377556,0.5377556,Medium,Month-to-month,Fiber optic,55,96.8,5324.0,2863.010859966278,0.3344079443132707,Loyal / High Value
9658-WYUFB,1,0.5779076,0.5779076,Medium,Month-to-month,Fiber optic,17,94.4,1604.8000000000002,927.4261515617371,0.10743640850885686,Loyal / High Value
8327-WKMIE,0,0.025374105,0.025374105,Low,One year,No,37,20.15,745.55,18.917664131987838,0.0021615518279051735,Low Priority
6917-FIJHC,0,0.01203823,0.01203823,Low,Two year,No,72,26.0,1872.0,22.535566493868828,0.0026150187277912797,Loyal / High Value
5329-KRDTM,0,0.025652437,0.025652437,Low,Two year,DSL,72,77.35,5569.2,142.86354957595466,0.016689479061446393,Loyal / High Value
7797-EJMDP,0,0.17158227,0.17158227,Low,Month-to-month,DSL,8,66.05,528.4,90.66406971812248,0.010249240798994462,Low Priority
3530-VWVGU,0,0.07102718,0.07102718,Low,Month-to-month,No,22,19.9,437.79999999999995,31.095700298249717,0.0034884177226942115,Low Priority
2013-SGDXK,1,0.7557122,0.7557122,High,Month-to-month,Fiber optic,1,84.3,84.3,63.70653939843177,0.005802132153641837,Automated Retention
6368-NWMCE,0,0.10840286,0.10840286,Low,Month-to-month,DSL,38,68.15,2589.7000000000003,280.7308946862817,0.03266749353656672,Loyal / High Value
3633-CDBUW,0,0.14892761,0.14892761,Low,One year,DSL,17,80.85,1374.4499999999998,204.69355918988583,0.023665336651929464,Low Priority
0707-HOVVN,0,0.03392849,0.03392849,Low,Two year,DSL,70,75.5,5285.0,179.31207586079836,0.02094362108808902,Loyal / High Value
8580-QVLOC,1,0.060495194,0.060495194,Low,Two year,DSL,72,92.45,6656.400000000001,402.68020965904003,0.04706757548890465,Loyal / High Value
3956-MGXOG,0,0.4241188,0.4241188,Medium,Month-to-month,Fiber optic,28,80.6,2256.7999999999997,957.1512786149978,0.11125959365838956,Loyal / High Value
9274-UARKJ,0,0.5389405,0.5389405,Medium,Month-to-month,Fiber optic,15,83.2,1248.0,672.5977306365967,0.07765210632008444,Low Priority
4077-HWUYD,0,0.013633834,0.013633834,Low,Two year,DSL,72,87.55,6303.599999999999,85.94223725125192,0.010043829844374451,Loyal / High Value
2012-NWRPA,1,0.8344283,0.8344283,Critical,Month-to-month,Fiber optic,11,99.55,1095.05,913.740721297264,0.105266957645097,Automated Retention
8808-ELEHO,1,0.71552557,0.71552557,High,Month-to-month,Fiber optic,8,81.25,650.0,465.0916188955307,0.052939766765043236,Automated Retention
0103-CSITQ,0,0.26400268,0.26400268,Low,One year,Fiber optic,57,109.4,6235.8,1646.2679167985916,0.1923884877156737,Loyal / High Value
3506-LCJDC,1,0.33495867,0.33495867,Medium,Month-to-month,No,1,19.95,19.95,6.682425516843796,4.5152202902525176e-05,Low Priority
8671-KKKOS,0,0.21924096,0.21924096,Low,Month-to-month,DSL,46,45.55,2095.2999999999997,459.3755907356738,0.05336340264237672,Loyal / High Value
7305-ZWMAJ,0,0.024978762,0.024978762,Low,One year,No,30,20.7,621.0,15.511811507865787,0.0017631998749303827,Low Priority
9518-XXBXE,0,0.3833291,0.3833291,Medium,Month-to-month,Fiber optic,10,75.3,753.0,288.64680737257004,0.0329895232107549,Low Priority
3934-HXCFZ,1,0.54900515,0.54900515,Medium,Month-to-month,Fiber optic,23,99.25,2282.75,1253.2415079772472,0.14569113502699518,Loyal / High Value
6578-KRMAW,0,0.27619043,0.27619043,Low,Month-to-month,Fiber optic,32,93.4,2988.8,825.4779569625855,0.09615125385408595,Loyal / High Value
4860-IJUDE,0,0.3561793,0.3561793,Medium,Month-to-month,Fiber optic,13,73.75,958.75,341.4869009703398,0.03924309946869102,Low Priority
7666-WKRON,1,0.075033516,0.075033516,Low,Two year,Fiber optic,39,80.45,3137.55,235.42140715867282,0.02742999543600757,Loyal / High Value
9688-YGXVR,0,0.27647787,0.27647787,Low,Month-to-month,Fiber optic,44,88.15,3878.6000000000004,1072.3470794796945,0.1250878300193616,Loyal / High Value
0423-UDIJQ,0,0.2261724,0.2261724,Low,Month-to-month,DSL,9,49.2,442.8,100.14913982748986,0.011240751437133,Low Priority
1945-XISKS,0,0.014262003,0.014262003,Low,Two year,No,67,19.65,1316.55,18.776639908505604,0.002169508891377662,Low Priority
4910-AQFFX,1,0.5881375,0.5881375,Medium,Month-to-month,Fiber optic,9,79.35,714.15,420.0184009373188,0.04793715020131658,Low Priority
2154-KVJFF,1,0.6323132,0.6323132,High,Month-to-month,Fiber optic,15,79.75,1196.25,756.4046557992697,0.08726992308136303,Automated Retention
5360-LJCNJ,0,0.12102896,0.12102896,Low,Two year,Fiber optic,71,105.15,7465.650000000001,903.5598533660174,0.10564568981183141,Loyal / High Value
2607-FBDFF,0,0.38635507,0.38635507,Medium,Month-to-month,DSL,1,49.0,49.0,18.931398540735245,0.0013676766670865843,Low Priority
9647-ERGBE,1,0.600769,0.600769,High,Month-to-month,Fiber optic,30,100.05,3001.5,1803.2081035673618,0.21004239106809316,Priority Retention
3428-XZMAZ,1,0.8173834,0.8173834,Critical,Month-to-month,Fiber optic,1,69.35,69.35,56.68553938269615,0.004843249636865028,Automated Retention
1100-DDVRV,0,0.2961704,0.2961704,Low,Month-to-month,DSL,17,49.8,846.5999999999999,250.7378720641136,0.02873802844739595,Low Priority
0378-TOVMS,1,0.6424034,0.6424034,High,Month-to-month,Fiber optic,3,85.8,257.4,165.35464128255842,0.017966693655684842,Automated Retention
4355-HBJHH,1,0.052299943,0.052299943,Low,Two year,DSL,67,79.7,5339.900000000001,279.2764646712691,0.032620642552774436,Loyal / High Value
6728-WYQBC,0,0.32496694,0.32496694,Medium,Month-to-month,No,1,20.95,20.95,6.808057336509227,8.189690960270738e-05,Low Priority
9058-CBREO,1,0.67057633,0.67057633,High,Month-to-month,DSL,1,50.55,50.55,33.897633683681484,0.0024956393713063073,Automated Retention
9029-FEGVJ,0,0.32114235,0.32114235,Medium,Month-to-month,Fiber optic,32,79.3,2537.6,814.9308163642883,0.09481589228546404,Loyal / High Value
7216-KAOID,0,0.027225077,0.027225077,Low,One year,No,41,19.5,799.5,21.76644918322563,0.0024913983651494854,Low Priority
0318-QUUOB,1,0.8293503,0.8293503,Critical,Month-to-month,Fiber optic,1,80.55,80.55,66.80416607558728,0.006002951586313003,Automated Retention
6145-NNPNO,0,0.503493,0.503493,Medium,Month-to-month,DSL,1,44.15,44.15,22.229216435551642,0.0014961022867584306,Low Priority
5520-FVEWJ,1,0.61149526,0.61149526,High,Month-to-month,Fiber optic,12,84.5,1014.0,620.0561900138855,0.07133346764735503,Automated Retention
5339-TJFEK,0,0.2547824,0.2547824,Low,Month-to-month,Fiber optic,62,105.5,6541.0,1666.531733840704,0.1947840660823046,Loyal / High Value
5572-ZDXHY,1,0.3435568,0.3435568,Medium,Month-to-month,Fiber optic,22,84.3,1854.6,637.1604255974293,0.07392882102358435,Loyal / High Value
2074-GUHPQ,0,0.37510675,0.37510675,Medium,Month-to-month,Fiber optic,17,92.7,1575.9,591.1307303488255,0.06846384136027196,Loyal / High Value
4625-XMOYM,0,0.011303107,0.011303107,Low,Two year,No,72,26.25,1890.0,21.362872710451484,0.00247917928240721,Loyal / High Value
5827-MWCZK,0,0.22045057,0.22045057,Low,Month-to-month,Fiber optic,56,96.95,5429.2,1196.87020868659,0.13980749930378777,Loyal / High Value
1385-TQOZW,0,0.11666199,0.11666199,Low,Month-to-month,No,9,20.45,184.04999999999998,21.471638927981257,0.002259751682042927,Low Priority
5914-XRFQB,0,0.031875856,0.031875856,Low,Two year,Fiber optic,72,115.8,8337.6,265.7681388258934,0.031082247834881824,Loyal / High Value
4329-YPDDQ,0,0.38137862,0.38137862,Medium,Month-to-month,Fiber optic,20,108.2,2164.0,825.3033355474472,0.09589898460652937,Loyal / High Value
4804-NCPET,0,0.01635353,0.01635353,Low,Two year,No,19,20.2,383.8,6.276485124602914,0.0006996716458866734,Low Priority
3750-CKVKH,1,0.6529204,0.6529204,High,Month-to-month,Fiber optic,2,67.75,135.5,88.47071757912636,0.008931429762552533,Automated Retention
5944-UGLLK,0,0.100592256,0.100592256,Low,One year,DSL,53,54.9,2909.7,292.6932860970497,0.03408689887611514,Loyal / High Value
8063-GBATB,1,0.5543783,0.5543783,Medium,Month-to-month,Fiber optic,27,85.25,2301.75,1276.0401855111122,0.14835168253169276,Loyal / High Value
7787-BNTZM,0,0.11673188,0.11673188,Low,Month-to-month,No,6,20.15,120.89999999999999,14.112884545326231,0.0013970279869108563,Low Priority
2252-ISRNH,0,0.46358553,0.46358553,Medium,One year,Fiber optic,9,90.35,813.15,376.9645702645183,0.043164989963943794,Low Priority
9415-TPKRV,0,0.26167542,0.26167542,Low,Month-to-month,DSL,8,55.75,446.0,116.70723617076874,0.013103401435110143,Low Priority
5322-TEUJK,0,0.03389515,0.03389515,Low,Two year,Fiber optic,71,114.6,8136.599999999999,275.7912760823965,0.03225267808346408,Loyal / High Value
4547-KQRTM,1,0.59547985,0.59547985,Medium,Month-to-month,Fiber optic,10,80.05,800.5,476.68161672353745,0.054562851136853524,Low Priority
4877-EVATK,1,0.35376236,0.35376236,Medium,Month-to-month,No,1,20.0,20.0,7.075247168540955,4.976027172173399e-05,Low Priority
1866-DIOQZ,0,0.052263893,0.052263893,Low,One year,DSL,71,66.8,4742.8,247.87719260752203,0.02894019966893351,Loyal / High Value
8375-KVTHK,0,0.21971372,0.21971372,Low,One year,Fiber optic,68,100.3,6820.4,1498.5354401946067,0.17516935745286294,Loyal / High Value
2697-NQBPF,0,0.47148362,0.47148362,Medium,Month-to-month,Fiber optic,34,105.35,3581.8999999999996,1688.8071713894603,0.19691758244686153,Loyal / High Value
3709-OIJEA,0,0.15960094,0.15960094,Low,One year,Fiber optic,26,85.2,2215.2000000000003,353.54800965785984,0.04109005906828033,Loyal / High Value
7639-SUPCW,1,0.18163459,0.18163459,Low,Month-to-month,DSL,22,48.8,1073.6,195.0028958559036,0.022457352490077003,Low Priority
1386-ZIKUV,0,0.108175986,0.108175986,Low,Month-to-month,No,7,18.95,132.65,14.349544478580356,0.001443622931228449,Low Priority
0599-XNYDO,0,0.3120007,0.3120007,Medium,Month-to-month,Fiber optic,20,69.8,1396.0,435.5529658794403,0.05036657830925248,Loyal / High Value
6377-WHAOX,0,0.41653082,0.41653082,Medium,Month-to-month,Fiber optic,60,106.15,6369.0,2652.8847782313824,0.3100447766853123,Loyal / High Value
6855-VLGOS,0,0.021298178,0.021298178,Low,Two year,No,72,20.55,1479.6000000000001,31.51278348863125,0.0036468934910532593,Loyal / High Value
8999-XXGNS,0,0.18447356,0.18447356,Low,One year,Fiber optic,72,105.75,7614.0,1404.5816802084446,0.16423405585314488,Loyal / High Value
8746-OQQRW,0,0.17273861,0.17273861,Low,Month-to-month,No,4,25.25,101.0,17.446599781513214,0.0016643747516865133,Low Priority
3181-MIZBN,0,0.12706727,0.12706727,Low,Month-to-month,No,16,19.75,316.0,40.15325665473938,0.004426621344982906,Low Priority
0471-ARVMX,0,0.20962937,0.20962937,Low,One year,Fiber optic,62,104.85,6500.7,1362.7376570150257,0.15927379792126486,Loyal / High Value
7766-CLTIC,0,0.18613495,0.18613495,Low,Month-to-month,DSL,10,60.95,609.5,113.44925161451101,0.012887977607742464,Low Priority
5650-YLIBA,0,0.47381648,0.47381648,Medium,Month-to-month,Fiber optic,31,81.15,2515.65,1191.95643851012,0.13867318649274635,Loyal / High Value
0825-CPPQH,0,0.01377935,0.01377935,Low,Two year,No,71,19.1,1356.1000000000001,18.68617602661252,0.0021599686156297403,Low Priority
9084-OAYKL,0,0.015790362,0.015790362,Low,Two year,No,58,20.8,1206.4,19.049492609500888,0.002198123805041845,Low Priority
6122-LJADA,0,0.020699508,0.020699508,Low,Two year,DSL,70,90.15,6310.5,130.62424831464887,0.015265741930217448,Loyal / High Value
2400-XIWIO,0,0.026218286,0.026218286,Low,Two year,DSL,71,90.1,6397.099999999999,167.7209959896281,0.019601942542301968,Loyal / High Value
7524-VRLPL,0,0.036897846,0.036897846,Low,Two year,DSL,69,74.1,5112.9,188.65499459579587,0.022032224669348968,Loyal / High Value
1069-XAIEM,1,0.884822,0.884822,Critical,Month-to-month,Fiber optic,1,85.05,85.05,75.25411203503609,0.0068711855575241095,Automated Retention
7569-NMZYQ,0,0.022478832,0.022478832,Low,Two year,Fiber optic,72,118.75,8550.0,192.19401301816106,0.022478831931948662,Loyal / High Value
5201-USSQZ,0,0.21709578,0.21709578,Low,Month-to-month,Fiber optic,26,85.9,2233.4,484.861709228158,0.056355531298431766,Loyal / High Value
2105-PHWON,0,0.33509266,0.33509266,Medium,Month-to-month,Fiber optic,33,95.0,3135.0,1050.5155009031296,0.12239963414576475,Loyal / High Value
1494-EJZDW,0,0.02493018,0.02493018,Low,Two year,No,10,20.15,201.5,5.023431092500687,0.0005338925034064863,Low Priority
4884-TVUQF,0,0.07035256,0.07035256,Low,Two year,Fiber optic,57,101.3,5774.099999999999,406.2227269269526,0.0474610955979981,Loyal / High Value
8003-EWNDZ,0,0.16239807,0.16239807,Low,Month-to-month,No,10,21.2,212.0,34.428390860557556,0.0036777132340977264,Low Priority
1897-RCFUM,0,0.0309944,0.0309944,Low,One year,No,39,24.2,943.8,29.252515080571172,0.003360584718842459,Low Priority
9256-JTBNZ,0,0.10427929,0.10427929,Low,Month-to-month,No,11,20.3,223.3,23.285564822703602,0.002499661738572073,Low Priority
4658-HCOHW,1,0.4697962,0.4697962,Medium,Month-to-month,Fiber optic,21,102.8,2158.7999999999997,1014.1960592865943,0.11784554230690625,Loyal / High Value
2211-RMNHO,0,0.02162027,0.02162027,Low,Two year,DSL,68,85.3,5800.4,125.40621332377195,0.014652071484704817,Loyal / High Value
2432-TFSMK,0,0.21805811,0.21805811,Low,One year,Fiber optic,18,89.6,1612.8,351.6841186523437,0.04074275907232452,Loyal / High Value
3440-JPSCL,1,0.7285747,0.7285747,High,Month-to-month,Fiber optic,6,99.95,599.7,436.9262435138226,0.04960955542967071,Automated Retention
4929-ROART,0,0.13197382,0.13197382,Low,Month-to-month,DSL,18,56.25,1012.5,133.62349066883326,0.015372091017849324,Low Priority
1834-ABKHQ,0,0.046106994,0.046106994,Low,One year,DSL,52,50.95,2649.4,122.15587030649185,0.01421711585901549,Loyal / High Value
1741-WTPON,0,0.097219385,0.097219385,Low,Two year,Fiber optic,56,115.85,6487.599999999999,630.7204834669828,0.07371679939810305,Loyal / High Value
3932-IJWDZ,0,0.39561045,0.39561045,Medium,Month-to-month,Fiber optic,45,103.65,4664.25,1845.2260493338108,0.21541970330573454,Loyal / High Value
1240-HCBOH,0,0.015248063,0.015248063,Low,Two year,No,67,26.1,1748.7,26.66428780378774,0.0030919008133678807,Loyal / High Value
3594-KADLU,0,0.35342598,0.35342598,Medium,Month-to-month,DSL,3,35.1,105.30000000000001,37.21575565338135,0.003583475623198765,Low Priority
8065-BVEPF,0,0.2853159,0.2853159,Low,Month-to-month,Fiber optic,65,99.1,6441.5,1837.8623765558004,0.21479961056079203,Loyal / High Value
3796-ENZGF,0,0.014705831,0.014705831,Low,Two year,DSL,63,67.25,4236.75,62.3049302729778,0.007270777926516798,Loyal / High Value
1734-ZMNTZ,0,0.02790672,0.02790672,Low,Two year,No,11,25.0,275.0,7.674347888678312,0.0008380651678883002,Low Priority
2853-CWQFQ,0,0.40957907,0.40957907,Medium,Month-to-month,DSL,1,59.55,59.55,24.390433524549007,0.0019563891408253746,Low Priority
0813-TAXXS,0,0.03320292,0.03320292,Low,Two year,DSL,55,77.8,4279.0,142.0752951465547,0.016580443577516042,Loyal / High Value
2519-TWKFS,0,0.051249817,0.051249817,Low,One year,DSL,25,55.1,1377.5,70.5966229364276,0.008162172540389308,Low Priority
2889-FPWRM,1,0.16959015,0.16959015,Low,One year,Fiber optic,72,117.8,8481.6,1438.395776796341,0.16823043441295132,Loyal / High Value
0626-QXNGV,0,0.012377687,0.012377687,Low,Two year,No,72,24.15,1738.8,21.522321805357933,0.0024955013706799475,Loyal / High Value
6723-CEGQI,0,0.016723605,0.016723605,Low,Two year,DSL,65,45.25,2941.25,49.18830283218995,0.005728842256726003,Loyal / High Value
6987-XQSJT,1,0.45124072,0.45124072,Medium,Month-to-month,Fiber optic,54,79.5,4293.0,1937.176403939724,0.22607523893877382,Loyal / High Value
4732-RRJZC,0,0.108463645,0.108463645,Low,Month-to-month,No,7,20.25,141.75,15.374721676111221,0.0015631570178241275,Low Priority
9499-XPZXM,0,0.0127192885,0.0127192885,Low,Two year,DSL,72,64.75,4662.0,59.29732283949852,0.006922613491219679,Loyal / High Value
4338-EYCER,0,0.16185956,0.16185956,Low,Month-to-month,DSL,21,54.6,1146.6000000000001,185.58816809356216,0.02139736595336524,Low Priority
3007-FDPEA,0,0.17411071,0.17411071,Low,Month-to-month,No,2,20.7,41.4,7.208183419704437,0.0004612366443210674,Low Priority
6350-XFYGW,0,0.7748623,0.7748623,High,Month-to-month,Fiber optic,4,94.75,379.0,293.67280769348145,0.03271584263083994,Automated Retention
4290-BSXUX,1,0.6699504,0.6699504,High,Month-to-month,Fiber optic,3,79.65,238.95000000000002,160.0846542030573,0.017288257947452895,Automated Retention
8513-OLYGY,0,0.03517923,0.03517923,Low,Two year,Fiber optic,72,115.8,8337.6,293.3103590190411,0.034303379298375736,Loyal / High Value
0311-QYWSS,0,0.3538477,0.3538477,Medium,Month-to-month,DSL,6,49.45,296.70000000000005,104.98661623299124,0.011526429956179429,Low Priority
8705-DWKTI,0,0.25544497,0.25544497,Low,Month-to-month,Fiber optic,52,83.8,4357.599999999999,1113.1270174264907,0.12991427371539702,Loyal / High Value
8755-IWJHN,0,0.2785612,0.2785612,Low,Month-to-month,Fiber optic,69,95.35,6579.15,1832.695949716866,0.21420890367932235,Loyal / High Value
0325-XBFAC,1,0.7414392,0.7414392,High,Month-to-month,Fiber optic,8,94.7,757.6,561.7143555641175,0.0642084698713282,Automated Retention
4480-QQRHC,0,0.55556625,0.55556625,Medium,Month-to-month,Fiber optic,8,74.05,592.4,329.11744725704193,0.037353807404939154,Low Priority
0929-PECLO,0,0.23530333,0.23530333,Low,Month-to-month,Fiber optic,63,89.6,5644.799999999999,1328.240222740173,0.15517354184455623,Loyal / High Value
3680-CTHUH,0,0.2052802,0.2052802,Low,One year,Fiber optic,60,116.6,6996.0,1436.1402767300606,0.1678874025901043,Loyal / High Value
1202-KKGFU,0,0.16091698,0.16091698,Low,Month-to-month,DSL,12,54.2,650.4000000000001,104.66040644645692,0.011913349487261941,Low Priority
6112-KTHFQ,0,0.10556396,0.10556396,Low,Month-to-month,No,13,19.3,250.9,26.485997807234526,0.002871975260339565,Low Priority
1852-XEMDW,0,0.10844866,0.10844866,Low,Month-to-month,DSL,22,65.05,1431.1,155.2008799932897,0.017953165457409295,Loyal / High Value
2462-XIIJB,1,0.80009645,0.80009645,Critical,Month-to-month,Fiber optic,5,92.5,462.5,370.0446091592312,0.04161229321281778,Automated Retention
4760-XOHVN,1,0.3269069,0.3269069,Medium,Month-to-month,No,1,19.45,19.45,6.358339004218578,2.4907337571511692e-05,Low Priority
1820-DJFPH,0,0.010333837,0.010333837,Low,Two year,No,72,24.05,1731.6000000000001,17.894072166457775,0.0020747135257256195,Loyal / High Value
9426-SXNHE,0,0.13375957,0.13375957,Low,Month-to-month,No,2,18.75,37.5,5.015983991324902,0.0002931948632088511,Low Priority
9068-FHQHD,0,0.014569736,0.014569736,Low,Two year,No,40,20.15,806.0,11.743207285180688,0.001344394252481133,Low Priority
1269-FOYWN,0,0.023916978,0.023916978,Low,One year,No,44,20.0,880.0,21.046940982341766,0.0024143498908275624,Low Priority
9470-YFUYI,0,0.03676678,0.03676678,Low,One year,DSL,71,71.0,5041.0,185.34133131429553,0.021644096478239255,Loyal / High Value
7817-BOQPW,1,0.7435992,0.7435992,High,Month-to-month,Fiber optic,2,75.55,151.1,112.35783555507659,0.011531574812292247,Automated Retention
7402-EYFXX,0,0.6000018,0.6000018,High,Month-to-month,Fiber optic,26,93.6,2433.6,1460.1644096374512,0.16983359616140806,Priority Retention
1853-UDXBW,1,0.7978019,0.7978019,High,Month-to-month,Fiber optic,1,70.0,70.0,55.84613382816315,0.004788008473103689,Automated Retention
9895-VFOXH,0,0.5584291,0.5584291,Medium,Month-to-month,DSL,1,24.4,24.4,13.62567057609558,0.0003665607514814245,Low Priority
5458-CQJTA,1,0.016302615,0.016302615,Low,Two year,DSL,65,74.8,4862.0,79.26331609487534,0.00925506692203649,Loyal / High Value
1230-QAJDW,0,0.4375737,0.4375737,Medium,Month-to-month,DSL,3,65.25,195.75,85.65505199879408,0.00907594083098517,Low Priority
5701-ZIKJE,0,0.1705717,0.1705717,Low,Month-to-month,DSL,13,50.55,657.15,112.09119248315692,0.012763086614787261,Low Priority
5219-YIPTK,1,0.5601929,0.5601929,Medium,Month-to-month,Fiber optic,33,104.4,3445.2000000000003,1929.976520562172,0.22499119635707707,Loyal / High Value
5032-MIYKT,0,0.75524634,0.75524634,High,Month-to-month,Fiber optic,1,70.7,70.7,53.3959163248539,0.004594580493923291,Automated Retention
7396-VJUZB,0,0.3334451,0.3334451,Medium,Month-to-month,DSL,4,45.25,181.0,60.35356345772743,0.006339646889132971,Low Priority
9717-QEBGU,0,0.65148,0.65148,High,Month-to-month,Fiber optic,2,70.3,140.6,91.5980906844139,0.009301184631174252,Automated Retention
5172-RKOCB,0,0.04661453,0.04661453,Low,Two year,Fiber optic,72,108.95,7844.400000000001,365.6630303308368,0.04275912850947082,Loyal / High Value
6509-TSGWN,0,0.0702037,0.0702037,Low,Month-to-month,No,37,26.45,978.65,68.70485019423067,0.007898656771591999,Low Priority
3540-RZJYU,1,0.39805567,0.39805567,Medium,Month-to-month,Fiber optic,15,86.2,1293.0,514.6859847307205,0.05945266059698328,Low Priority
3178-CIFOT,0,0.033620354,0.033620354,Low,One year,No,23,19.65,451.95,15.194718894548714,0.0017069880255218175,Low Priority
2091-MJTFX,1,0.12592791,0.12592791,Low,Month-to-month,DSL,30,51.2,1536.0,193.4252700805664,0.022395187707314655,Loyal / High Value
4530-NDRKU,0,0.04339829,0.04339829,Low,One year,No,42,19.05,800.1,34.72297252714634,0.003974480103472191,Low Priority
5985-TBABQ,0,0.090842195,0.090842195,Low,One year,DSL,32,74.75,2392.0,217.2945300936699,0.025270383630719224,Loyal / High Value
9800-ONTFE,0,0.34980732,0.34980732,Medium,Month-to-month,Fiber optic,22,75.8,1667.6,583.3386902093887,0.06760623506134109,Loyal / High Value
6743-HHQPF,0,0.21172425,0.21172425,Low,Month-to-month,DSL,42,25.1,1054.2,223.19970594048502,0.025696184594444064,Low Priority
8455-HIRAQ,0,0.23024231,0.23024231,Low,Month-to-month,DSL,8,44.45,355.6,81.87416613101959,0.009089648662119634,Low Priority
6616-AALSR,0,0.07996524,0.07996524,Low,Two year,Fiber optic,65,104.3,6779.5,542.1243530772626,0.06336986667077306,Loyal / High Value
0883-EIBTI,1,0.1886646,0.1886646,Low,Month-to-month,No,2,19.5,39.0,7.357919409871101,0.0004467161624522604,Low Priority
9415-ZNBSX,0,0.019328069,0.019328069,Low,Two year,DSL,70,89.0,6230.0,120.4138695076108,0.014071936165076935,Loyal / High Value
4018-KJYUY,0,0.06490324,0.06490324,Low,Month-to-month,No,22,20.15,443.29999999999995,28.771604929119345,0.003229489881249769,Low Priority
0722-TROQR,1,0.7344305,0.7344305,High,Month-to-month,Fiber optic,4,74.9,299.6,220.03537538051606,0.024173396724064548,Automated Retention
7571-YXDAD,1,0.66629,0.66629,High,Month-to-month,Fiber optic,2,74.9,149.8,99.8102397799492,0.010231150138147863,Automated Retention
3884-UEBXB,0,0.019786833,0.019786833,Low,Two year,DSL,67,36.15,2422.0499999999997,47.92469851439818,0.005573976235083003,Loyal / High Value
8780-RSYYU,0,0.06995056,0.06995056,Low,Month-to-month,No,25,19.2,480.0,33.57626795768738,0.003781554466274141,Low Priority
5537-UXXVS,0,0.06770753,0.06770753,Low,Month-to-month,No,20,19.25,385.0,26.067399494349957,0.0029063318066217913,Low Priority
1791-PQHBB,0,0.37360618,0.37360618,Medium,Month-to-month,DSL,2,61.2,122.4,45.72939584255219,0.004536946707273102,Low Priority
8701-DGLVH,0,0.0150564965,0.0150564965,Low,Two year,No,51,20.45,1042.95,15.703173010144383,0.0018074961173347606,Low Priority
8741-LQOBK,0,0.11564819,0.11564819,Low,Month-to-month,DSL,46,35.05,1612.3,186.45957302376627,0.021601344136236864,Loyal / High Value
3393-FMZPV,1,0.65826935,0.65826935,High,Month-to-month,Fiber optic,25,100.25,2506.25,1649.7875478118658,0.19193221165973967,Priority Retention
8082-GHXOP,0,0.15322214,0.15322214,Low,Month-to-month,DSL,13,44.0,572.0,87.64306616783142,0.009935588178358306,Low Priority
6402-ZFPPI,1,0.51070875,0.51070875,Medium,Month-to-month,Fiber optic,25,102.8,2570.0,1312.5214856863022,0.1527241374249308,Loyal / High Value
0980-FEXWF,0,0.04323804,0.04323804,Low,One year,DSL,26,50.35,1309.1000000000001,56.60291824229062,0.0065395305571509625,Low Priority
7486-KSRVI,1,0.38684982,0.38684982,Medium,One year,Fiber optic,43,100.0,4300.0,1663.4542286396027,0.19413229698190895,Loyal / High Value
3011-WQKSZ,0,0.1200816,0.1200816,Low,Month-to-month,No,19,20.0,380.0,45.631009340286255,0.005084100149331554,Low Priority
8443-WVPSS,1,0.63756144,0.63756144,High,Month-to-month,Fiber optic,10,99.85,998.5,636.6050983071327,0.07321583636842852,Automated Retention
3006-XIMLN,1,0.8177154,0.8177154,Critical,Month-to-month,Fiber optic,2,94.2,188.4,154.05758256912233,0.0162561577419902,Automated Retention
8218-FFJDS,0,0.0133113945,0.0133113945,Low,Two year,DSL,72,86.4,6220.8,82.80752284526825,0.009677099192241486,Loyal / High Value
1986-PHGZF,0,0.21205325,0.21205325,Low,Month-to-month,DSL,18,58.4,1051.2,222.91038086414338,0.025661545818209067,Low Priority
9965-YOKZB,1,0.72459984,0.72459984,High,Month-to-month,Fiber optic,9,83.85,754.65,546.8192679405212,0.06249962384908251,Automated Retention
0504-HHAPI,1,0.3978059,0.3978059,Medium,Month-to-month,Fiber optic,27,88.3,2384.1,948.4090447157621,0.1102928420160572,Loyal / High Value
9360-OMDZZ,0,0.6183595,0.6183595,High,Month-to-month,Fiber optic,24,94.1,2258.3999999999996,1396.5031086444853,0.16233096749920725,Priority Retention
6305-YLBMM,1,0.23813845,0.23813845,Low,One year,Fiber optic,69,104.05,7179.45,1709.703110448271,0.1998811547669064,Loyal / High Value
0345-XMMUG,0,0.19038679,0.19038679,Low,Two year,Fiber optic,46,108.9,5009.400000000001,953.7235710829498,0.11137287831562728,Loyal / High Value
8024-XNAFQ,0,0.038030364,0.038030364,Low,Two year,Fiber optic,72,107.4,7732.8,294.0811957955361,0.03438745135027811,Loyal / High Value
3647-GMGDH,1,0.43453074,0.43453074,Medium,Month-to-month,Fiber optic,22,94.7,2083.4,905.3013333320619,0.10515896421532296,Loyal / High Value
2988-GBIVW,0,0.22553669,0.22553669,Low,Month-to-month,Fiber optic,70,90.85,6359.5,1434.3005747273564,0.16762711986251708,Loyal / High Value
2832-SCUCO,0,0.19178854,0.19178854,Low,Month-to-month,No,2,19.9,39.8,7.63318386375904,0.0004720976328182425,Low Priority
7036-ZZKBD,0,0.0988714,0.0988714,Low,Month-to-month,DSL,31,66.4,2058.4,203.51689478754997,0.023637719479279798,Loyal / High Value
3791-LGQCY,1,0.4206251,0.4206251,Medium,Month-to-month,Fiber optic,56,100.65,5636.400000000001,2370.8112606525424,0.2769719979544823,Loyal / High Value
0265-PSUAE,0,0.44026202,0.44026202,Medium,Month-to-month,Fiber optic,16,100.7,1611.2,709.3501660346985,0.08217756471136237,Loyal / High Value
0463-TXOAK,0,0.018034508,0.018034508,Low,Two year,No,52,25.6,1331.2,24.007537651062012,0.0027743446282079668,Low Priority
0594-UFTUL,0,0.1029848,0.1029848,Low,Month-to-month,No,13,19.85,258.05,26.575227881222965,0.002888118157310681,Low Priority
9509-MPYOD,0,0.025854073,0.025854073,Low,One year,No,35,20.75,726.25,18.776520853862166,0.0021439497694020304,Low Priority
9128-CPXKI,0,0.13602272,0.13602272,Low,Two year,Fiber optic,59,95.8,5652.2,768.8275996744633,0.08981976423004538,Loyal / High Value
0129-KPTWJ,0,0.2565883,0.2565883,Low,Month-to-month,Fiber optic,72,94.65,6814.8,1748.598015010357,0.2043996336719682,Loyal / High Value
8166-ZZTFS,1,0.04415551,0.04415551,Low,Two year,DSL,66,80.55,5316.3,234.74392866790296,0.02741862869376438,Loyal / High Value
5855-EIBDE,0,0.12812471,0.12812471,Low,Two year,Fiber optic,49,106.65,5225.85,669.5605361223221,0.07820140091675792,Loyal / High Value
5365-LLFYV,0,0.49895364,0.49895364,Medium,Month-to-month,DSL,2,45.85,91.7,45.75404883027077,0.004263611260972028,Low Priority
5956-YHHRX,0,0.7026467,0.7026467,High,Month-to-month,Fiber optic,21,104.35,2191.35,1539.7447862774134,0.17893555758043067,Priority Retention
6008-NAIXK,0,0.2764305,0.2764305,Low,One year,DSL,54,55.45,2994.3,827.7158091187478,0.096413038722718,Loyal / High Value
2956-GGUCQ,1,0.3978695,0.3978695,Medium,Month-to-month,Fiber optic,24,78.85,1892.3999999999999,752.9282371401787,0.08737906631968204,Loyal / High Value
1928-BXYIV,0,0.43628773,0.43628773,Medium,Month-to-month,DSL,1,61.15,61.15,26.678994746506213,0.0021657897370803846,Low Priority
5760-FXFVO,0,0.45619467,0.45619467,Medium,Month-to-month,Fiber optic,6,78.95,473.70000000000005,216.0994147092104,0.024325177575470647,Low Priority
6595-COKXZ,1,0.5526433,0.5526433,Medium,Month-to-month,DSL,1,44.45,44.45,24.564994645118716,0.0016615834374984046,Low Priority
0961-ZWLVI,0,0.21659273,0.21659273,Low,One year,Fiber optic,49,109.2,5350.8,1158.9443748235703,0.13537045568227768,Loyal / High Value
5181-OABFK,0,0.018264996,0.018264996,Low,Two year,DSL,56,61.3,3432.7999999999997,62.700077883899205,0.007309252621109238,Loyal / High Value
4007-NHVHI,0,0.3309209,0.3309209,Medium,Month-to-month,Fiber optic,56,96.85,5423.599999999999,1794.782619678974,0.20964944048519873,Loyal / High Value
7816-VGHTO,0,0.04329076,0.04329076,Low,Two year,DSL,6,40.55,243.29999999999998,10.532641997560859,0.0011392038286103258,Low Priority
5871-DGTXZ,0,0.026513362,0.026513362,Low,One year,No,32,19.8,633.6,16.79886635541916,0.0019106825703436427,Low Priority
7550-WIQVA,0,0.24641213,0.24641213,Low,One year,Fiber optic,50,108.25,5412.5,1333.7056439369917,0.15578970085411692,Loyal / High Value
7544-ZVIKX,0,0.23960409,0.23960409,Low,One year,Fiber optic,58,105.05,6092.9,1459.8837336629629,0.1705948960113591,Loyal / High Value
0016-QLJIS,0,0.016857136,0.016857136,Low,Two year,DSL,65,90.45,5879.25,99.10731706861407,0.011579895314966787,Loyal / High Value
7508-DQAKK,0,0.020233322,0.020233322,Low,Two year,DSL,64,86.4,5529.6,111.88217697143556,0.013069883547339026,Loyal / High Value
5176-OLSKT,0,0.018567199,0.018567199,Low,Two year,DSL,66,66.9,4415.400000000001,81.9816099677235,0.009568706234602296,Loyal / High Value
9356-AXGMP,0,0.33598217,0.33598217,Medium,One year,Fiber optic,38,110.7,4206.6,1413.342611807585,0.16492710837190278,Loyal / High Value
3556-BVQGL,0,0.03239322,0.03239322,Low,One year,No,20,20.0,400.0,12.957288324832916,0.001447427767906715,Low Priority
0362-ZBZWJ,1,0.5050325,0.5050325,Medium,Month-to-month,Fiber optic,36,84.9,3056.4,1543.581271147728,0.17982073571457508,Loyal / High Value
8979-CAMGB,0,0.22735845,0.22735845,Low,One year,Fiber optic,64,102.1,6534.4,1485.6510264396666,0.17364224114588725,Loyal / High Value
4211-MMAZN,1,0.32069984,0.32069984,Medium,Month-to-month,No,1,20.25,20.25,6.494171775877476,5.450754514451723e-05,Low Priority
7581-EBBOU,0,0.042503618,0.042503618,Low,One year,DSL,60,70.15,4209.0,178.89772691577673,0.020876155629095918,Loyal / High Value
4274-OWWYO,1,0.79964525,0.79964525,High,Month-to-month,Fiber optic,1,74.35,74.35,59.453623971343035,0.005206804829792853,Automated Retention
5073-RZGBK,0,0.059726793,0.059726793,Low,One year,DSL,50,80.05,4002.5,239.05649025924504,0.02788981931555327,Loyal / High Value
1541-ETJZO,1,0.43988755,0.43988755,Medium,Month-to-month,DSL,1,62.05,62.05,27.295022691786286,0.002230065721922064,Low Priority
2192-CKRLV,0,0.07621482,0.07621482,Low,Two year,DSL,72,49.2,3542.4,269.9833788871765,0.03147863609672978,Loyal / High Value
3154-HMWUU,0,0.0132829705,0.0132829705,Low,Two year,No,60,20.5,1230.0,16.338053746148944,0.0018858230847094016,Low Priority
6119-SPUDB,0,0.020697769,0.020697769,Low,Two year,DSL,46,38.25,1759.5,36.41772416420281,0.00422315806817139,Loyal / High Value
6522-OIQSX,0,0.025420548,0.025420548,Low,Two year,DSL,69,54.95,3791.55,96.38328026449308,0.011241721440674209,Loyal / High Value
7813-ZGGAW,0,0.38062242,0.38062242,Medium,Month-to-month,Fiber optic,31,96.6,2994.6,1139.811889153719,0.13276633858297854,Loyal / High Value
8748-HFWBO,0,0.029430939,0.029430939,Low,One year,No,19,19.9,378.09999999999997,11.12783799227327,0.0012395133558283113,Low Priority
1052-QJIBV,0,0.01042452,0.01042452,Low,Two year,No,71,19.9,1412.8999999999999,14.728804151248186,0.001703491088866035,Loyal / High Value
1319-YLZJG,0,0.4349919,0.4349919,Medium,Month-to-month,Fiber optic,12,84.6,1015.1999999999999,441.60377297401425,0.05080480182463748,Low Priority
4106-HADHQ,1,0.09667135,0.09667135,Low,One year,DSL,39,80.0,3120.0,301.6146129369736,0.03514126870209673,Loyal / High Value
0723-FDLAY,0,0.11076228,0.11076228,Low,One year,DSL,44,85.25,3751.0,415.4693243056536,0.0484559022624462,Loyal / High Value
3050-RLLXC,0,0.021935442,0.021935442,Low,Two year,DSL,56,81.25,4550.0,99.80626320466399,0.01165063260577267,Loyal / High Value
9298-WGMRW,0,0.024582341,0.024582341,Low,Two year,Fiber optic,72,115.5,8316.0,204.4267503619194,0.02390807885704569,Loyal / High Value
2369-UAPKZ,1,0.7360294,0.7360294,High,Month-to-month,Fiber optic,5,104.1,520.5,383.1032956838608,0.043284173764215755,Automated Retention
3088-LHEFH,0,0.42266548,0.42266548,Medium,Month-to-month,Fiber optic,11,79.0,869.0,367.29629933834076,0.04212188067030656,Low Priority
2778-OCLGR,1,0.27159917,0.27159917,Low,Month-to-month,DSL,24,39.1,938.4000000000001,254.86866445541384,0.02927637378009566,Low Priority
6583-KQJLK,0,0.63735926,0.63735926,High,Month-to-month,Fiber optic,15,94.65,1419.75,904.8908115327358,0.10466387582242778,Priority Retention
8544-JNBOX,0,0.010770145,0.010770145,Low,Two year,No,72,20.8,1497.6000000000001,16.12936896085739,0.0018668991744721591,Loyal / High Value
6681-ZSEXG,0,0.023885906,0.023885906,Low,Two year,DSL,56,59.5,3332.0,79.58783793449402,0.009276395220664417,Loyal / High Value
6139-ZZRBQ,0,0.017480109,0.017480109,Low,Two year,No,64,20.05,1283.2,22.430475723743438,0.0025907081860311143,Low Priority
6116-RFVHN,0,0.5724212,0.5724212,Medium,Month-to-month,Fiber optic,34,100.45,3415.3,1954.9901008725167,0.22789626107016675,Loyal / High Value
0637-KVDLV,1,0.75898004,0.75898004,High,Month-to-month,Fiber optic,2,76.5,153.0,116.12394547462463,0.011939131751913638,Automated Retention
8884-FEEWR,0,0.02465032,0.02465032,Low,One year,No,35,20.6,721.0,17.772881016135216,0.0020289589966726272,Low Priority
3125-RAHBV,0,0.027507702,0.027507702,Low,One year,No,22,20.3,446.6,12.284939663484693,0.0013793833069178428,Low Priority
6633-MPWBS,1,0.39777446,0.39777446,Medium,Month-to-month,DSL,5,49.2,246.0,97.85251665115356,0.010593393290749369,Low Priority
0373-AIVNJ,0,0.10462441,0.10462441,Low,One year,DSL,9,39.55,355.95,37.24105979092419,0.004134719714388567,Low Priority
8785-EPNCG,1,0.13135572,0.13135572,Low,Month-to-month,No,11,23.15,254.64999999999998,33.44973353222012,0.003631405433935419,Low Priority
1682-VCOIO,0,0.02451209,0.02451209,Low,One year,No,23,20.45,470.34999999999997,11.52926143221557,0.0012974064778910343,Low Priority
5729-KLZAR,1,0.64208746,0.64208746,High,Month-to-month,Fiber optic,4,80.85,323.4,207.65108442306516,0.022925243832433658,Automated Retention
2072-ZVJJX,0,0.014579825,0.014579825,Low,Two year,No,68,25.25,1717.0,25.033559702336788,0.0029022246566010722,Loyal / High Value
8849-AYPTR,0,0.4053367,0.4053367,Medium,Month-to-month,Fiber optic,33,91.25,3011.25,1220.5701614543796,0.14217810288671787,Loyal / High Value
9518-IMLHK,0,0.09641054,0.09641054,Low,Month-to-month,DSL,31,72.45,2245.9500000000003,216.53325843662026,0.025168878965838536,Loyal / High Value
1582-RAFML,1,0.41583282,0.41583282,Medium,Month-to-month,DSL,1,60.1,60.1,24.99155233502388,0.0020130691303685026,Low Priority
3646-ITDGM,0,0.021332836,0.021332836,Low,Two year,No,56,19.7,1103.2,23.53438443094492,0.002711614675345479,Low Priority
8740-CRYFY,1,0.8478792,0.8478792,Critical,Month-to-month,Fiber optic,1,78.95,78.95,66.94006057977677,0.00597804906203035,Automated Retention
3569-VLDHH,0,0.05651066,0.05651066,Low,One year,DSL,66,75.1,4956.599999999999,280.1007413081824,0.03270798256812548,Loyal / High Value
8224-KDLKN,0,0.010330302,0.010330302,Low,Two year,No,72,25.0,1800.0,18.59454307705164,0.0021568282779577956,Loyal / High Value
7594-LZNWR,0,0.2760456,0.2760456,Low,Month-to-month,Fiber optic,34,69.15,2351.1000000000004,649.0107881516219,0.075466655458506,Loyal / High Value
4001-TSBTV,0,0.28462532,0.28462532,Low,Month-to-month,Fiber optic,58,91.55,5309.9,1511.3319953054188,0.17652628460929734,Loyal / High Value
2962-XPMCQ,1,0.5750858,0.5750858,Medium,Month-to-month,DSL,2,45.15,90.3,51.930249434709545,0.004819795109935255,Low Priority
8727-XDPUD,0,0.039779495,0.039779495,Low,Two year,DSL,37,35.8,1324.6,52.69191967025399,0.006088717314777985,Low Priority
1043-UXOVO,0,0.040116165,0.040116165,Low,Two year,Fiber optic,71,113.15,8033.650000000001,322.27922761309895,0.03768813809478534,Loyal / High Value
1064-FBXNK,0,0.11429192,0.11429192,Low,One year,No,1,19.85,19.85,2.268694636970759,1.4066780443650532e-05,Low Priority
3996-ZNWYK,0,0.016585724,0.016585724,Low,Two year,No,71,19.8,1405.8,23.31621140129864,0.0026965022250148483,Loyal / High Value
2878-DHMIN,0,0.038365975,0.038365975,Low,One year,No,35,19.9,696.5,26.72190160304308,0.0030477097328187757,Low Priority
7762-ONLJY,0,0.047504835,0.047504835,Low,One year,No,6,19.7,118.19999999999999,5.615071476995944,0.0005534954733422776,Low Priority
1678-FYZOW,1,0.7146946,0.7146946,High,Month-to-month,Fiber optic,3,79.4,238.20000000000002,170.2402582883835,0.01838006370121701,Automated Retention
5795-BKOYE,0,0.030760247,0.030760247,Low,One year,DSL,69,59.1,4077.9,125.4372123029083,0.014635563537886117,Loyal / High Value
8627-EHGIP,1,0.17870049,0.17870049,Low,One year,DSL,44,53.95,2373.8,424.1992274016142,0.049329479810113146,Loyal / High Value
7402-PWYJJ,0,0.20751143,0.20751143,Low,One year,Fiber optic,53,91.15,4830.950000000001,1002.4773186922075,0.11704989965091232,Loyal / High Value
5480-TBGPH,1,0.4816434,0.4816434,Medium,Month-to-month,Fiber optic,24,99.3,2383.2,1147.8525712251662,0.13348622411204428,Loyal / High Value
0018-NYROU,0,0.62701416,0.62701416,High,Month-to-month,Fiber optic,5,68.95,344.75,216.1631317138672,0.023956215479994568,Automated Retention
7501-VTYLJ,0,0.36575365,0.36575365,Medium,Month-to-month,DSL,2,51.55,103.1,37.709201383590695,0.00361414956290831,Low Priority
7608-RGIRO,0,0.012527673,0.012527673,Low,Two year,No,62,24.4,1512.8,18.951863069832324,0.0021938698923296314,Loyal / High Value
0480-BIXDE,0,0.6102817,0.6102817,High,Month-to-month,Fiber optic,19,96.8,1839.2,1122.4301134109498,0.13022280773406447,Priority Retention
5895-QSXOD,0,0.4001267,0.4001267,Medium,Month-to-month,Fiber optic,9,70.05,630.4499999999999,252.25987526178358,0.028687346842634614,Low Priority
9814-AOUDH,0,0.020729166,0.020729166,Low,Two year,No,53,19.5,1033.5,21.423592569306493,0.002465524692593152,Low Priority
6175-IRFIT,0,0.56620914,0.56620914,Medium,Month-to-month,Fiber optic,5,78.75,393.75,222.94484786689281,0.024885141138764288,Low Priority
8760-ZRHKE,0,0.053775534,0.053775534,Low,One year,DSL,71,69.2,4913.2,264.20995381474495,0.030851342574890982,Loyal / High Value
1622-HSHSF,0,0.39516154,0.39516154,Medium,Month-to-month,No,1,19.55,19.55,7.725408093631268,3.473967958635749e-05,Low Priority
8854-CCVSQ,1,0.5473525,0.5473525,Medium,Month-to-month,Fiber optic,18,80.65,1451.7,794.5916138112545,0.09193330210831298,Loyal / High Value
6749-UTDVX,0,0.14347462,0.14347462,Low,Two year,Fiber optic,72,103.65,7462.8,1070.7224207103252,0.1251904887691509,Loyal / High Value
5542-DHSXL,0,0.23759331,0.23759331,Low,Month-to-month,DSL,4,54.7,218.8,51.98541581034661,0.005569985654800347,Low Priority
9102-OXKFY,0,0.025912378,0.025912378,Low,Two year,DSL,59,54.15,3194.85,82.78616080004721,0.009646826717690427,Loyal / High Value
0511-JTEOY,1,0.72795707,0.72795707,High,Month-to-month,Fiber optic,1,71.1,71.1,51.757747668027875,0.004462696309358619,Automated Retention
5216-WASFJ,0,0.54879695,0.54879695,Medium,Month-to-month,Fiber optic,31,84.85,2630.35,1443.5280620902777,0.16799637558573083,Loyal / High Value
7808-DVWEP,0,0.15068209,0.15068209,Low,Month-to-month,No,3,20.0,60.0,9.0409255027771,0.0007276938975259762,Low Priority
7067-KSAZT,1,0.3056718,0.3056718,Medium,One year,Fiber optic,65,106.25,6906.25,2111.0459454357624,0.24677645763632436,Loyal / High Value
2284-VFLKH,0,0.20248842,0.20248842,Low,One year,Fiber optic,49,99.25,4863.25,984.7518202066422,0.1149832424354884,Loyal / High Value
0366-NQSHS,0,0.15363471,0.15363471,Low,Month-to-month,No,2,19.35,38.7,5.945663358271123,0.00035837054233760516,Low Priority
6532-YLWSI,1,0.029360143,0.029360143,Low,One year,No,53,20.8,1102.4,32.36662215888501,0.003729211771109652,Low Priority
3807-BPOMJ,0,0.20677498,0.20677498,Low,One year,Fiber optic,55,94.75,5211.25,1077.5561136379838,0.12585201894424977,Loyal / High Value
3892-NXAZG,0,0.025894238,0.025894238,Low,Two year,Fiber optic,72,114.05,8211.6,212.63312215134502,0.02486711253785156,Loyal / High Value
4948-WBBKL,0,0.39369488,0.39369488,Medium,Month-to-month,Fiber optic,36,74.9,2696.4,1061.5588680267335,0.12356496206013134,Loyal / High Value
4182-BGSIQ,0,0.12533085,0.12533085,Low,Month-to-month,No,10,19.8,198.0,24.815508395433426,0.0026326060116246327,Low Priority
9300-AGZNL,1,0.8995547,0.8995547,Critical,Month-to-month,Fiber optic,1,94.0,94.0,84.55814456939697,0.007929308380476084,Automated Retention
0988-AADSA,0,0.012181653,0.012181653,Low,Two year,DSL,72,80.85,5821.2,70.91183675453067,0.008285214469662606,Loyal / High Value
9972-NKTFD,0,0.09338132,0.09338132,Low,Month-to-month,DSL,28,54.65,1530.2,142.89210033267736,0.016543573173970285,Loyal / High Value
3717-LNXKW,0,0.233347,0.233347,Low,Month-to-month,Fiber optic,38,91.7,3484.6,813.1209516406059,0.09479721821844576,Loyal / High Value
5734-EJKXG,0,0.19190113,0.19190113,Low,One year,Fiber optic,61,118.6,7234.599999999999,1388.3279329270124,0.16231247557631767,Loyal / High Value
2207-RYYRL,0,0.015464263,0.015464263,Low,Two year,No,52,24.55,1276.6000000000001,19.74167819283903,0.0022799782032710877,Low Priority
6729-FZWSY,0,0.026719157,0.026719157,Low,One year,No,67,19.45,1303.1499999999999,34.81906899195164,0.004022499630401477,Low Priority
9695-IDRZR,0,0.08452541,0.08452541,Low,Two year,Fiber optic,34,116.15,3949.1000000000004,333.79928225874903,0.038940618508436005,Loyal / High Value
8144-DGHXP,0,0.038233012,0.038233012,Low,Two year,DSL,54,80.6,4352.4,166.4053612589836,0.01942125148093083,Loyal / High Value
7814-LEEVE,0,0.4241145,0.4241145,Medium,Month-to-month,No,1,20.3,20.3,8.609524258971215,7.457001866955821e-05,Low Priority
1112-CUNAO,1,0.54922116,0.54922116,Medium,Month-to-month,Fiber optic,15,89.85,1347.75,740.2128157317638,0.08555507524859855,Low Priority
5175-AOBHI,1,0.4048269,0.4048269,Medium,Month-to-month,DSL,4,46.0,184.0,74.48815131187439,0.0078391557362347,Low Priority
5174-RNGBH,1,0.18854894,0.18854894,Low,Month-to-month,DSL,9,66.25,596.25,112.42230394855142,0.012762282436782743,Low Priority
8631-WUXGY,0,0.430039,0.430039,Medium,Month-to-month,Fiber optic,46,99.8,4590.8,1974.2229888200761,0.23046444296635635,Loyal / High Value
7270-BDIOA,1,0.5483897,0.5483897,Medium,Month-to-month,Fiber optic,22,90.0,1980.0,1085.8115530014038,0.12606688709028305,Loyal / High Value
9565-JSNFM,1,0.09622997,0.09622997,Low,One year,Fiber optic,38,70.45,2677.1,257.6172539055347,0.029985011541281123,Loyal / High Value
5906-DVAPM,0,0.043018345,0.043018345,Low,One year,DSL,55,75.0,4125.0,177.45067225769162,0.020705402214887054,Loyal / High Value
6654-QGBZZ,0,0.35809097,0.35809097,Medium,Month-to-month,No,1,19.9,19.9,7.12601024210453,4.6171706633758196e-05,Low Priority
8348-JLBUG,0,0.05917966,0.05917966,Low,One year,Fiber optic,64,80.3,5139.2,304.13610832691194,0.035519449868737604,Loyal / High Value
0607-DAAHE,1,0.019770866,0.019770866,Low,Two year,No,53,19.75,1046.75,20.695154257584363,0.0023822512626474157,Low Priority
5641-DMBFJ,0,0.039749242,0.039749242,Low,Two year,DSL,58,84.3,4889.4,194.34994562119243,0.022693485074165846,Loyal / High Value
9200-NLNPD,0,0.09542801,0.09542801,Low,One year,DSL,56,54.05,3026.7999999999997,288.8415076643228,0.03364678603629822,Loyal / High Value
2664-XJZNO,0,0.04990703,0.04990703,Low,Two year,Fiber optic,72,104.9,7552.8,376.9378061771393,0.04407346610536007,Loyal / High Value
9732-KPKBW,1,0.46239105,0.46239105,Medium,Month-to-month,DSL,1,53.95,53.95,24.945997075736525,0.0019051300357211178,Low Priority
3339-EAQNV,0,0.14070576,0.14070576,Low,One year,Fiber optic,72,97.25,7002.0,985.2217615842819,0.11517447641780298,Loyal / High Value
0921-OHLVP,0,0.45198986,0.45198986,Medium,Month-to-month,Fiber optic,22,83.05,1827.1,825.8306720048189,0.09580519301495434,Loyal / High Value
3389-YGYAI,1,0.80517906,0.80517906,Critical,Month-to-month,Fiber optic,8,105.5,844.0,679.5711262226105,0.07788280193922399,Automated Retention
9560-ARGQJ,1,0.53278947,0.53278947,Medium,Month-to-month,Fiber optic,16,81.0,1296.0,690.4951515197754,0.07976353965526403,Low Priority
8350-NYMVI,0,0.12116573,0.12116573,Low,Month-to-month,DSL,39,41.1,1602.9,194.21654871180655,0.022498433161418623,Loyal / High Value
1600-DILPE,0,0.22868207,0.22868207,Low,Month-to-month,DSL,12,45.0,540.0,123.48831832408905,0.013970964857211528,Low Priority
0536-ESJEP,0,0.023918457,0.023918457,Low,Two year,DSL,54,74.55,4025.7,96.28853367045521,0.011233925669620318,Loyal / High Value
4654-GGUII,0,0.080098055,0.080098055,Low,One year,DSL,18,40.2,723.6,57.95895281732083,0.006617253068457263,Low Priority
6478-HRRCZ,0,0.05668338,0.05668338,Low,One year,DSL,32,70.5,2256.0,127.87770563364029,0.014864504183080137,Loyal / High Value
8510-BBWMU,0,0.029989293,0.029989293,Low,One year,No,41,19.75,809.75,24.28382988134399,0.0027803862499830674,Low Priority
6857-TKDJV,0,0.012914266,0.012914266,Low,Two year,No,67,24.65,1651.55,21.328556734509764,0.002471606400680874,Loyal / High Value
2360-RDGRO,0,0.3050341,0.3050341,Medium,Month-to-month,Fiber optic,65,104.25,6776.25,2066.987326964736,0.24161345248801572,Loyal / High Value
0584-BJQGZ,0,0.13643171,0.13643171,Low,Month-to-month,DSL,25,78.35,1958.7499999999998,267.23560987040395,0.031023852886168865,Loyal / High Value
5134-IKDAY,1,0.8056098,0.8056098,Critical,Month-to-month,Fiber optic,1,69.8,69.8,56.23156559467316,0.004815981448792195,Automated Retention
1360-XFJMR,0,0.21743965,0.21743965,Low,One year,Fiber optic,67,109.7,7349.900000000001,1598.1596944808962,0.18685200546615927,Loyal / High Value
3070-DVEYC,1,0.6061972,0.6061972,High,Month-to-month,Fiber optic,7,73.75,516.25,312.9492933303118,0.035347053917042424,Automated Retention
5730-RIITO,0,0.25470352,0.25470352,Low,Month-to-month,DSL,43,33.45,1438.3500000000001,366.3528104782105,0.04238142163701641,Loyal / High Value
9058-MJLZC,0,0.49553284,0.49553284,Medium,Month-to-month,Fiber optic,24,94.6,2270.3999999999996,1125.0577610492705,0.1307836815041321,Loyal / High Value
5707-ORNDZ,1,0.33382317,0.33382317,Medium,Month-to-month,DSL,9,54.55,490.95,163.8904873922467,0.018475081080805568,Low Priority
0902-XKXPN,0,0.011032055,0.011032055,Low,Two year,No,69,20.2,1393.8,15.376478443108498,0.001778070588736073,Low Priority
5177-RVZNU,0,0.02399546,0.02399546,Low,One year,No,37,20.3,751.1,18.02298931479454,0.0020597189942910005,Low Priority
0056-EPFBG,0,0.027485287,0.027485287,Low,Two year,DSL,20,39.4,788.0,21.658406011760235,0.002478160472102575,Low Priority
8993-IZEUX,0,0.4561666,0.4561666,Medium,Month-to-month,Fiber optic,7,69.15,484.05000000000007,220.8074404165149,0.024877099168507156,Low Priority
8696-JKZNU,1,0.50451297,0.50451297,Medium,Month-to-month,Fiber optic,37,76.25,2821.25,1423.3572044223547,0.16572959966564915,Loyal / High Value
5380-AFSSK,1,0.81902605,0.81902605,Critical,Month-to-month,Fiber optic,5,93.9,469.5,384.5327318608761,0.04326882994952433,Automated Retention
8190-ZTQFB,0,0.24537435,0.24537435,Low,One year,DSL,41,51.35,2105.35,516.5988914355636,0.060013345557817614,Loyal / High Value
0931-MHTEM,0,0.19495459,0.19495459,Low,One year,Fiber optic,54,100.05,5402.7,1053.2811580404639,0.12303263453759017,Loyal / High Value
2055-PDADH,1,0.66145414,0.66145414,High,Month-to-month,Fiber optic,3,70.4,211.20000000000002,139.69911460876466,0.014917453201816033,Automated Retention
7515-LODFU,0,0.01762729,0.01762729,Low,Two year,No,69,20.3,1400.7,24.690544428862633,0.00285530187850605,Loyal / High Value
0440-UEDAI,0,0.11413712,0.11413712,Low,One year,Fiber optic,53,94.45,5005.85,571.3533048797399,0.06672068724370493,Loyal / High Value
1337-BOZWO,0,0.08754751,0.08754751,Low,One year,DSL,18,46.4,835.1999999999999,73.1196810722351,0.008377928998033444,Low Priority
0868-VJRDR,0,0.06291202,0.06291202,Low,Two year,Fiber optic,64,104.05,6659.2,418.94370431900023,0.048968604463309785,Loyal / High Value
8714-EUHJO,1,0.4681157,0.4681157,Medium,Month-to-month,Fiber optic,31,91.15,2825.65,1322.731092017889,0.1540147361561477,Loyal / High Value
6344-SFJVH,0,0.17923374,0.17923374,Low,Month-to-month,DSL,20,24.9,498.0,89.2584048807621,0.010067611881053188,Low Priority
3950-VPYJB,0,0.025479032,0.025479032,Low,One year,DSL,57,59.6,3397.2000000000003,86.55736658200622,0.010089830362146465,Loyal / High Value
8041-TMEID,0,0.13972564,0.13972564,Low,Two year,Fiber optic,63,108.5,6835.5,955.0946150645614,0.11164522845845107,Loyal / High Value
7321-ZNSLA,0,0.026240336,0.026240336,Low,Two year,DSL,13,40.55,527.15,13.832593005057424,0.00156358714980803,Low Priority
6941-KXRRV,0,0.114189126,0.114189126,Low,One year,DSL,48,58.95,2829.6000000000004,323.10954979062086,0.037622233007008184,Loyal / High Value
3721-CNEYS,1,0.653224,0.653224,High,Month-to-month,Fiber optic,2,70.95,141.9,92.6924843788147,0.009425622812805548,Automated Retention
8727-JQFHV,0,0.014471173,0.014471173,Low,Two year,No,57,20.75,1182.75,17.11578020453453,0.0019743672808924294,Low Priority
9475-NNDGC,0,0.25218984,0.25218984,Low,One year,Fiber optic,71,113.15,8033.650000000001,2026.0049470528961,0.23692608050095854,Loyal / High Value
1355-KUSBG,0,0.37068084,0.37068084,Medium,Month-to-month,DSL,7,48.8,341.59999999999997,126.62457454204558,0.01402566752299409,Low Priority
3688-FTHLT,0,0.28493518,0.28493518,Low,Month-to-month,DSL,16,63.05,1008.8,287.4426059246063,0.03306519887106184,Low Priority
0899-LIIBW,0,0.46415016,0.46415016,Medium,Month-to-month,Fiber optic,34,100.85,3428.8999999999996,1591.5244855135677,0.18553057746802412,Loyal / High Value
2568-OIADY,1,0.5975739,0.5975739,Medium,Month-to-month,Fiber optic,37,99.5,3681.5,2199.9682258963585,0.2565563856222333,Loyal / High Value
1384-RCUXW,0,0.45359156,0.45359156,Medium,Month-to-month,Fiber optic,16,80.55,1288.8,584.588796544075,0.0675240617150417,Low Priority
5825-XJOCM,0,0.045695588,0.045695588,Low,One year,DSL,48,64.4,3091.2000000000003,141.2542016029358,0.01645666782500394,Loyal / High Value
6848-YLDFR,0,0.06585098,0.06585098,Low,One year,DSL,58,75.2,4361.6,287.2156368970871,0.033521384853500785,Loyal / High Value
8125-QPFJD,0,0.013629923,0.013629923,Low,Two year,DSL,72,84.9,6112.8,83.31699113398791,0.009736115504066695,Loyal / High Value
2320-YKQBO,0,0.11950845,0.11950845,Low,Month-to-month,No,7,19.3,135.1,16.145591961592434,0.001629176792312785,Low Priority
1193-RTSLK,1,0.25254503,0.25254503,Low,Month-to-month,Fiber optic,38,83.9,3188.2000000000003,805.1640612185003,0.09382223071487145,Loyal / High Value
2302-ANTDP,1,0.36784646,0.36784646,Medium,Month-to-month,Fiber optic,48,117.45,5637.6,2073.7711981058123,0.24227021810223487,Loyal / High Value
5923-GXUOC,1,0.66406304,0.66406304,High,Month-to-month,Fiber optic,10,104.4,1044.0,693.2818100452423,0.07980089846213152,Automated Retention
4973-RLZVI,0,0.061485864,0.061485864,Low,One year,DSL,30,74.65,2239.5,137.69759292528033,0.016004976870534718,Loyal / High Value
7869-ZYDST,0,0.155206,0.155206,Low,Month-to-month,DSL,31,59.05,1830.55,284.11233386248347,0.03296071609614217,Loyal / High Value
4501-UYKBC,0,0.11676231,0.11676231,Low,One year,DSL,46,69.1,3178.6,371.1406794130802,0.04324661805842907,Loyal / High Value
1215-EXRMO,0,0.014829935,0.014829935,Low,Two year,No,50,20.55,1027.5,15.23775777546689,0.0017534408999277022,Low Priority
2305-MRGLV,0,0.18183821,0.18183821,Low,Month-to-month,Fiber optic,28,76.55,2143.4,389.7520287394524,0.0452847747454966,Loyal / High Value
8404-VIOMB,0,0.017861525,0.017861525,Low,Two year,DSL,66,62.5,4125.0,73.67878896184266,0.008597031167880558,Loyal / High Value
5233-GEEAX,1,0.5578263,0.5578263,Medium,Month-to-month,DSL,8,29.4,235.2,131.20074119567872,0.014149663250247782,Low Priority
2359-KLTEK,0,0.31298393,0.31298393,Medium,Month-to-month,Fiber optic,41,94.9,3890.9,1217.789173668623,0.14205563997826065,Loyal / High Value
5304-EFJLP,0,0.051681012,0.051681012,Low,Two year,Fiber optic,72,111.65,8038.8,415.4533185839653,0.048584222097707165,Loyal / High Value
2673-ZALNP,0,0.054537933,0.054537933,Low,One year,No,7,19.9,139.29999999999998,7.5971341114491215,0.0007703278513030697,Low Priority
9184-GALIL,0,0.052430715,0.052430715,Low,Month-to-month,No,38,20.45,777.1,40.74390894658864,0.004660330492409613,Low Priority
4393-RYCRE,0,0.31549725,0.31549725,Medium,One year,Fiber optic,44,106.05,4666.2,1472.1732649862765,0.17186819166098757,Loyal / High Value
9746-MDMBK,0,0.19813049,0.19813049,Low,One year,Fiber optic,47,113.45,5332.150000000001,1056.4614836990834,0.12339842349461322,Loyal / High Value
3162-ZJZFU,0,0.23626761,0.23626761,Low,Month-to-month,Fiber optic,53,92.55,4905.15,1158.9280739821493,0.13532518788542322,Loyal / High Value
8404-GFGCZ,0,0.46345475,0.46345475,Medium,Month-to-month,DSL,4,65.6,262.4,121.61052722930907,0.013233493279947967,Low Priority
8875-AKBYH,0,0.6129913,0.6129913,High,Month-to-month,Fiber optic,20,84.35,1687.0,1034.116278231144,0.11986497119879552,Priority Retention
4432-ADRLB,1,0.4439208,0.4439208,Medium,Month-to-month,DSL,2,44.65,89.3,39.64212664961815,0.003668465840211732,Low Priority
0533-UCAAU,0,0.080420196,0.080420196,Low,One year,DSL,57,71.1,4052.7,325.91892855763433,0.038025955184707264,Loyal / High Value
1394-SUIUH,0,0.25579214,0.25579214,Low,Month-to-month,Fiber optic,44,85.15,3746.6000000000004,958.3508353233339,0.11177113923870882,Loyal / High Value
3521-MNKLV,0,0.15616879,0.15616879,Low,Month-to-month,DSL,24,49.7,1192.8000000000002,186.2781311273575,0.021490781824401426,Low Priority
2533-TIBIX,0,0.18202284,0.18202284,Low,Month-to-month,DSL,15,30.2,453.0,82.45634642243385,0.009264150064994718,Low Priority
8993-PHFWD,1,0.5466903,0.5466903,Medium,Month-to-month,DSL,3,25.25,75.75,41.41178910434246,0.0036494293584106163,Low Priority
1565-RHDJD,1,0.6659742,0.6659742,High,Month-to-month,Fiber optic,4,84.05,336.2,223.90052596330642,0.024777312805653956,Automated Retention
7137-RYLPP,1,0.53942424,0.53942424,Medium,Month-to-month,Fiber optic,37,85.7,3170.9,1710.4603244841098,0.19930597673961856,Loyal / High Value
3765-JXVKY,1,0.8009751,0.8009751,Critical,Month-to-month,Fiber optic,1,74.7,74.7,59.83283879756928,0.005248324645142402,Automated Retention
5092-STPKP,0,0.09675842,0.09675842,Low,Month-to-month,DSL,24,56.35,1352.4,130.8560842126608,0.01512530780643985,Low Priority
7330-WZLNC,1,0.79001963,0.79001963,High,Month-to-month,Fiber optic,5,90.8,454.0,358.66891264915466,0.040301076469793404,Automated Retention
0114-PEGZZ,0,0.4071086,0.4071086,Medium,Month-to-month,Fiber optic,33,107.55,3549.15,1444.889505109191,0.16846819478349126,Loyal / High Value
3359-DSRKA,0,0.017517097,0.017517097,Low,Two year,No,58,19.85,1151.3000000000002,20.16743411496282,0.0023253601704132363,Low Priority
8639-NHQEI,0,0.04271857,0.04271857,Low,Two year,Fiber optic,72,95.9,6904.8,294.96318682730197,0.034480504231354174,Loyal / High Value
7161-DFHUF,0,0.011348503,0.011348503,Low,Two year,No,71,23.85,1693.3500000000001,19.21698706476018,0.002227545387964589,Loyal / High Value
3957-LXOLK,1,0.5934987,0.5934987,Medium,Month-to-month,Fiber optic,28,106.15,2972.2000000000003,1763.996856403351,0.20546219532014012,Loyal / High Value
3720-DBRWL,0,0.020690927,0.020690927,Low,Two year,DSL,51,83.85,4276.349999999999,88.48164688227698,0.010325939779793677,Loyal / High Value
6635-MYYYZ,1,0.094128914,0.094128914,Low,One year,DSL,30,85.35,2560.5,241.01708475127816,0.028043822810946018,Loyal / High Value
8565-WUXZU,0,0.019552754,0.019552754,Low,Two year,Fiber optic,72,84.8,6105.599999999999,119.38129627704619,0.013950406097309537,Loyal / High Value
5281-BUZGT,1,0.4169096,0.4169096,Medium,Month-to-month,Fiber optic,36,90.85,3270.6,1363.544554978609,0.15891160146282274,Loyal / High Value
4994-OBRSZ,0,0.02702794,0.02702794,Low,Two year,DSL,14,76.1,1065.3999999999999,28.79556767828762,0.0033157635970542097,Low Priority
0562-FGDCR,0,0.011941831,0.011941831,Low,Two year,DSL,72,74.55,5367.599999999999,64.09897007681428,0.007487160500400297,Loyal / High Value
2436-QBZFP,0,0.24035245,0.24035245,Low,Month-to-month,DSL,22,39.2,862.4000000000001,207.2799544334412,0.02376703492352503,Low Priority
3420-YJLQT,0,0.6644899,0.6644899,High,Month-to-month,Fiber optic,2,79.55,159.1,105.72034705281257,0.010927880774632888,Automated Retention
6040-CGACY,0,0.09956627,0.09956627,Low,Month-to-month,No,15,19.6,294.0,29.272484377026558,0.0032118152706853806,Low Priority
6582-PLFUU,0,0.01763312,0.01763312,Low,Two year,No,51,19.55,997.0500000000001,17.581101895216854,0.0020219428974556767,Low Priority
8242-PDSGJ,0,0.019669412,0.019669412,Low,Two year,DSL,70,39.15,2740.5,53.9040227746591,0.006275112274313688,Loyal / High Value
0264-CNITK,0,0.0100300005,0.0100300005,Low,Two year,No,71,20.1,1427.1000000000001,14.313813671562823,0.0016557166240055259,Loyal / High Value
0089-IIQKO,0,0.3745511,0.3745511,Medium,Month-to-month,Fiber optic,39,99.95,3898.05,1460.0188670888544,0.17031335646118229,Loyal / High Value
7839-NUIAA,0,0.08254307,0.08254307,Low,Month-to-month,DSL,61,59.8,3647.7999999999997,301.10060211569066,0.035112152152589254,Loyal / High Value
6075-QMNRR,0,0.10383982,0.10383982,Low,Month-to-month,DSL,52,49.75,2587.0,268.6336198076606,0.03125954509939123,Loyal / High Value
5378-IKEEG,1,0.7460805,0.7460805,High,Month-to-month,DSL,1,35.75,35.75,26.67237851023674,0.0014823312987835443,Automated Retention
5966-EMAZU,0,0.17369658,0.17369658,Low,One year,Fiber optic,64,108.5,6944.0,1206.149034500122,0.14099816424913272,Loyal / High Value
0440-EKDCF,0,0.01521279,0.01521279,Low,Two year,DSL,62,60.15,3729.2999999999997,56.73305815430358,0.006616543710175625,Loyal / High Value
4774-HHGGS,0,0.017981537,0.017981537,Low,Two year,No,30,19.05,571.5,10.276448216289282,0.0011649469390688973,Low Priority
2718-GAXQD,1,0.47726348,0.47726348,Medium,Month-to-month,DSL,4,46.0,184.0,87.8164803981781,0.009241833149637838,Low Priority
2055-BFOCC,0,0.07476946,0.07476946,Low,One year,DSL,63,84.0,5292.0,395.67998054623604,0.046215575148225024,Loyal / High Value
8180-AKMJV,0,0.5428122,0.5428122,Medium,Month-to-month,DSL,1,44.55,44.55,24.18228476643562,0.0016383879027830326,Low Priority
4298-OYIFC,0,0.6474653,0.6474653,High,Month-to-month,Fiber optic,15,103.45,1551.75,1004.7042616456747,0.11634141905233264,Priority Retention
5566-SOEZD,0,0.078048855,0.078048855,Low,One year,Fiber optic,27,80.65,2177.55,169.95528434962034,0.019749620906129722,Loyal / High Value
9842-EFSYY,0,0.35703442,0.35703442,Medium,Month-to-month,DSL,4,57.2,228.8,81.68947415351867,0.008788590954542607,Low Priority
2272-WUSPA,0,0.036331013,0.036331013,Low,Two year,Fiber optic,72,110.75,7974.0,289.7034964263439,0.03387805623884766,Loyal / High Value
4584-LBNMK,0,0.05092698,0.05092698,Low,One year,No,45,24.7,1111.5,56.60533786006272,0.006522870246037654,Low Priority
3898-GUYTS,0,0.37004602,0.37004602,Medium,Month-to-month,Fiber optic,45,97.05,4367.25,1616.08347889781,0.18861667921631095,Loyal / High Value
0930-EHUZA,0,0.058160663,0.058160663,Low,One year,DSL,36,76.35,2748.6,159.86039736270905,0.018610157645450705,Loyal / High Value
6413-XKKPU,1,0.46115115,0.46115115,Medium,Month-to-month,Fiber optic,17,89.4,1519.8000000000002,700.8575221002103,0.08113605125031008,Loyal / High Value
9975-SKRNR,0,0.20724207,0.20724207,Low,Month-to-month,No,1,18.9,18.9,3.916875153779983,2.429225333230567e-06,Low Priority
3703-KBKZP,0,0.5000807,0.5000807,Medium,Month-to-month,Fiber optic,16,74.45,1191.2,595.6961354255676,0.06872358146303145,Low Priority
1449-XQEMT,1,0.17944163,0.17944163,Low,Month-to-month,No,3,19.8,59.400000000000006,10.65883287191391,0.0008539631250136255,Low Priority
2626-URJFX,1,0.49794132,0.49794132,Medium,Month-to-month,DSL,4,50.9,203.6,101.38085176944732,0.01078623816628073,Low Priority
4973-MGTON,0,0.014065048,0.014065048,Low,Two year,DSL,71,84.4,5992.400000000001,84.28339199349286,0.009848435049728453,Loyal / High Value
3682-YEUWS,0,0.11945967,0.11945967,Low,Month-to-month,No,10,24.4,244.0,29.148158580064774,0.003153403607160076,Low Priority
1223-UNPKS,0,0.016653588,0.016653588,Low,Two year,No,20,20.05,401.0,6.678088804706931,0.0007460851169265358,Low Priority
2612-RRIDN,1,0.71376395,0.71376395,High,Month-to-month,Fiber optic,4,81.0,324.0,231.25952053070068,0.0255345975042552,Automated Retention
4735-ASGMA,1,0.6446322,0.6446322,High,Month-to-month,Fiber optic,26,98.35,2557.1,1648.3890504479407,0.19179833607310784,Priority Retention
3446-QDSZF,0,0.34513533,0.34513533,Medium,Month-to-month,DSL,4,55.5,222.0,76.62004351615906,0.008220590220656684,Low Priority
3669-LVWZB,1,0.48400176,0.48400176,Medium,Month-to-month,DSL,5,51.0,255.0,123.42044770717621,0.013400367439486258,Low Priority
6892-EZDTG,1,0.7970413,0.7970413,High,Month-to-month,Fiber optic,4,91.65,366.6,292.19533946514133,0.03249378318200412,Automated Retention
5117-IFGPS,0,0.54616785,0.54616785,Medium,Month-to-month,Fiber optic,29,84.3,2444.7,1335.2165441036223,0.15530623927634185,Loyal / High Value
7379-FNIUJ,0,0.553267,0.553267,Medium,Month-to-month,Fiber optic,2,100.2,200.4,110.87470722198486,0.011777157677981697,Low Priority
1627-AFWVJ,0,0.019212369,0.019212369,Low,Two year,No,29,19.4,562.5999999999999,10.808878729492424,0.0012246443870297817,Low Priority
9725-SCPZG,1,0.8197319,0.8197319,Critical,Month-to-month,Fiber optic,1,90.85,90.85,74.47264231145381,0.006923021703597998,Automated Retention
5884-GCYMI,1,0.7265613,0.7265613,High,Month-to-month,Fiber optic,1,69.4,69.4,50.42335476875306,0.0043093588451917075,Automated Retention
3217-FZDMN,1,0.7499164,0.7499164,High,Month-to-month,Fiber optic,8,94.45,755.6,566.636812710762,0.06476678367248621,Automated Retention
4486-EFAEB,0,0.1339664,0.1339664,Low,Month-to-month,No,13,20.4,265.2,35.52788960337639,0.003869247146995999,Low Priority
0060-FUALY,0,0.26834646,0.26834646,Low,Month-to-month,Fiber optic,59,94.75,5590.25,1500.1237905994058,0.17524836801110563,Loyal / High Value
7853-GVUDZ,1,0.4056438,0.4056438,Medium,Month-to-month,No,1,20.15,20.15,8.173722387850283,6.419016290749486e-05,Low Priority
7480-QNVZJ,1,0.5815509,0.5815509,Medium,Month-to-month,Fiber optic,50,95.7,4785.0,2782.7210381627083,0.32490011737091545,Loyal / High Value
6954-OOYZZ,0,0.18176302,0.18176302,Low,Month-to-month,DSL,18,44.35,798.3000000000001,145.10142137110233,0.016607778101100323,Low Priority
7088-FBAWU,0,0.13846985,0.13846985,Low,Month-to-month,DSL,17,74.55,1267.35,175.48975813239812,0.02026520595523904,Low Priority
8313-AFGBW,0,0.042197,0.042197,Low,Two year,DSL,47,73.6,3459.2,145.96786321401595,0.017016897928731237,Loyal / High Value
3943-KDREE,1,0.34587547,0.34587547,Medium,Month-to-month,Fiber optic,26,74.95,1948.7,674.0075319558382,0.07824281145506227,Loyal / High Value
9239-ZBZZV,1,0.57726324,0.57726324,Medium,Month-to-month,DSL,6,47.95,287.70000000000005,166.07863301038745,0.018195105515370135,Low Priority
3097-IDVPU,0,0.15351681,0.15351681,Low,Month-to-month,DSL,19,50.1,951.9,146.13265535384417,0.016790901543572545,Low Priority
4398-HSCJH,1,0.53370667,0.53370667,Medium,Month-to-month,DSL,3,63.6,190.8,101.83123168945313,0.01076021502094884,Low Priority
2197-OMWGI,0,0.105428115,0.105428115,Low,Two year,DSL,68,53.0,3604.0,379.96292477846146,0.044305710360234556,Loyal / High Value
2303-PJYHN,0,0.17426884,0.17426884,Low,Month-to-month,No,2,19.85,39.7,6.918473017215729,0.0004269292470506502,Low Priority
9795-VOWON,0,0.15879558,0.15879558,Low,One year,DSL,7,24.35,170.45000000000002,27.066706656664614,0.0028227388582647193,Low Priority
1237-WIYYZ,0,0.09598574,0.09598574,Low,Month-to-month,No,18,19.55,351.90000000000003,33.77738205492497,0.003747755314020156,Low Priority
1987-AUELQ,0,0.01332039,0.01332039,Low,Two year,No,71,25.05,1778.55,23.690979874692857,0.00274762712633087,Loyal / High Value
7852-LECYP,0,0.47041154,0.47041154,Medium,Month-to-month,Fiber optic,13,93.8,1219.3999999999999,573.619830751419,0.06620124880635281,Low Priority
4430-UZIPO,1,0.44038188,0.44038188,Medium,Month-to-month,DSL,3,36.85,110.55000000000001,48.68421733975411,0.004736149417402731,Low Priority
4822-LPTYJ,0,0.09385641,0.09385641,Low,Two year,Fiber optic,72,103.75,7470.0,701.1073766648769,0.08197473698566037,Loyal / High Value
8165-CBKXO,0,0.024785468,0.024785468,Low,Two year,DSL,66,56.75,3745.5,92.83397172298282,0.010827082346904559,Loyal / High Value
6527-PZFPV,0,0.02798727,0.02798727,Low,One year,No,24,20.8,499.20000000000005,13.971245026588441,0.00157598982048441,Low Priority
4855-SNKMY,1,0.6361267,0.6361267,High,Month-to-month,DSL,1,44.1,44.1,28.05318734049797,0.0018864878839676932,Automated Retention
9593-CVZKR,0,0.01615745,0.01615745,Low,Two year,No,56,24.45,1369.2,22.12278075143695,0.002557555875906529,Low Priority
8595-SIZNC,0,0.05218245,0.05218245,Low,One year,No,22,25.6,563.2,29.389156341552738,0.003329909774101013,Low Priority
8008-HAWED,1,0.49152076,0.49152076,Medium,Month-to-month,DSL,14,50.75,710.5,349.22550171613693,0.03985194478879857,Low Priority
7124-UGSUR,1,0.22895402,0.22895402,Low,One year,Fiber optic,61,104.4,6368.400000000001,1458.0707628965379,0.17040585467154515,Loyal / High Value
1862-SKORY,1,0.3857711,0.3857711,Medium,Month-to-month,DSL,40,39.3,1572.0,606.4321625232697,0.07023392558176089,Loyal / High Value
5236-XMZJY,0,0.10070614,0.10070614,Low,Month-to-month,DSL,42,59.65,2505.2999999999997,252.2990868218243,0.02935176896951765,Loyal / High Value
4827-DPADN,0,0.0131852515,0.0131852515,Low,Two year,DSL,72,83.3,5997.599999999999,79.07986442148685,0.009240432962913565,Loyal / High Value
2694-CIUMO,0,0.5193775,0.5193775,Medium,Month-to-month,Fiber optic,12,79.55,954.5999999999999,495.7977897763252,0.05697129269263972,Low Priority
5846-ABOBJ,0,0.012217722,0.012217722,Low,Two year,No,71,24.45,1735.95,21.20935433548875,0.0024591688348338183,Loyal / High Value
1439-LCGVL,0,0.023866652,0.023866652,Low,One year,No,26,19.2,499.2,11.914232468605041,0.001343953889125325,Low Priority
0909-SDHNU,0,0.22186399,0.22186399,Low,Month-to-month,DSL,7,29.8,208.6,46.28082728385925,0.004935974348825524,Low Priority
4647-XXZAM,0,0.24748375,0.24748375,Low,Month-to-month,DSL,6,45.5,273.0,67.56306244432926,0.007374152292085941,Low Priority
1502-XFCVR,1,0.28488377,0.28488377,Low,One year,Fiber optic,58,106.45,6174.1,1758.9008680969478,0.20554494716692365,Loyal / High Value
7740-KKCXF,0,0.16418691,0.16418691,Low,Month-to-month,DSL,51,30.05,1532.55,251.62464860603214,0.029132822428484827,Loyal / High Value
5360-XGYAZ,0,0.01296781,0.01296781,Low,Two year,DSL,72,65.65,4726.8,61.29624447226524,0.007156373035869737,Loyal / High Value
9692-TUSXH,1,0.5754886,0.5754886,Medium,Month-to-month,Fiber optic,18,96.05,1728.8999999999999,994.962287145853,0.11535810917093287,Loyal / High Value
7912-SYRQT,1,0.6328203,0.6328203,High,Month-to-month,Fiber optic,7,75.1,525.6999999999999,332.6736360251903,0.03760040958257586,Automated Retention
3557-HTYWR,0,0.020354705,0.020354705,Low,Two year,DSL,47,74.05,3480.35,70.8414973079227,0.008258958746156786,Loyal / High Value
4816-JBHOV,1,0.64473915,0.64473915,High,Month-to-month,DSL,2,44.7,89.4,57.63968009948731,0.005335542955348479,Automated Retention
8920-NAVAY,0,0.2433714,0.2433714,Low,One year,Fiber optic,62,110.75,6866.5,1671.1096992641687,0.19534582672962067,Loyal / High Value
1699-TLDLZ,0,0.024273206,0.024273206,Low,Two year,No,16,19.7,315.2,7.650914388895035,0.0008433254553383775,Low Priority
5600-PDUJF,0,0.25530258,0.25530258,Low,Month-to-month,DSL,6,49.5,297.0,75.82486572861671,0.008325344296025541,Low Priority
8292-TYSPY,1,0.15971817,0.15971817,Low,Month-to-month,DSL,19,55.0,1045.0,166.90548844635487,0.019212160872565186,Low Priority
0567-XRHCU,0,0.02243343,0.02243343,Low,Two year,DSL,69,43.95,3032.55,68.03049801439047,0.007924881556077628,Loyal / High Value
1867-BDVFH,1,0.5828856,0.5828856,Medium,Month-to-month,Fiber optic,11,74.35,817.8499999999999,476.71300675272937,0.054594284161752035,Low Priority
2067-QYTCF,0,0.3365739,0.3365739,Medium,Month-to-month,Fiber optic,64,111.15,7113.6,2394.2520864486696,0.2799048782294841,Loyal / High Value
2359-QWQUL,1,0.24883984,0.24883984,Low,One year,Fiber optic,39,104.7,4083.3,1016.0877198681236,0.11855419294713714,Loyal / High Value
9103-TCIHJ,1,0.19190104,0.19190104,Low,Month-to-month,DSL,15,55.7,835.5,160.33332147449255,0.01837087184276686,Low Priority
7407-SUJIZ,0,0.05956276,0.05956276,Low,Month-to-month,No,25,20.6,515.0,30.674822088330984,0.003464347591804618,Low Priority
9150-KPBJQ,0,0.028468406,0.028468406,Low,Two year,No,6,19.65,117.89999999999999,3.3564250471070407,0.0003306942771876053,Low Priority
0052-DCKON,0,0.29009932,0.29009932,Low,One year,Fiber optic,66,115.8,7642.8,2217.1711042642596,0.25925042631701245,Loyal / High Value
3654-ARMGP,0,0.022023208,0.022023208,Low,Two year,DSL,61,88.65,5407.650000000001,119.09380311705173,0.013911262987433413,Loyal / High Value
9699-UBQFS,0,0.4051241,0.4051241,Medium,Month-to-month,Fiber optic,43,94.5,4063.5,1646.2217724770308,0.19207209295684727,Loyal / High Value
9367-TCUYN,0,0.11343457,0.11343457,Low,Month-to-month,No,12,20.1,241.20000000000002,27.36041781306267,0.002957127711666498,Low Priority
1261-FWTTE,0,0.34233442,0.34233442,Medium,Month-to-month,DSL,23,34.65,796.9499999999999,272.8234156116843,0.031225094772750945,Low Priority
3528-HFRIQ,0,0.16927673,0.16927673,Low,Month-to-month,DSL,71,52.3,3713.2999999999997,628.575278635323,0.07330655430957803,Loyal / High Value
0708-SJDIS,0,0.10479182,0.10479182,Low,Month-to-month,DSL,34,65.0,2210.0,231.5899223089218,0.026915303367872657,Loyal / High Value
4140-WJAWW,1,0.14155294,0.14155294,Low,Month-to-month,No,5,19.85,99.25,14.04912929609418,0.0013348572327324315,Low Priority
2073-QBVBI,0,0.057822935,0.057822935,Low,One year,DSL,41,35.45,1453.45,84.04274528734386,0.009723799008817048,Loyal / High Value
6928-ONTRW,0,0.011309882,0.011309882,Low,Two year,No,72,19.7,1418.3999999999999,16.041936195641753,0.0018554611801133482,Loyal / High Value
3320-VEOYC,0,0.7305717,0.7305717,High,Month-to-month,Fiber optic,14,95.6,1338.3999999999999,977.7971461772918,0.11300431339759084,Automated Retention
5231-FIQPA,0,0.017537558,0.017537558,Low,Two year,No,41,19.85,813.85,14.272941945586354,0.0016343815461719348,Low Priority
6617-WLBQC,0,0.08909862,0.08909862,Low,One year,Fiber optic,23,81.85,1882.55,167.73260225132108,0.019464735118570945,Loyal / High Value
2599-CIPQE,0,0.06437193,0.06437193,Low,Two year,Fiber optic,71,109.3,7760.3,499.5454773023725,0.05841326953361854,Loyal / High Value
6653-CBBOM,1,0.8098559,0.8098559,Critical,Month-to-month,Fiber optic,1,70.3,70.3,56.93286824822425,0.004888828973085336,Automated Retention
8774-GSBUN,0,0.011306396,0.011306396,Low,Two year,No,72,25.4,1828.8,20.677136555314064,0.0023987922349886018,Loyal / High Value
7326-RIGQZ,0,0.5873565,0.5873565,Medium,Month-to-month,Fiber optic,6,69.8,418.79999999999995,245.9849054574966,0.02753922110737845,Low Priority
1401-FTHFQ,0,0.028866949,0.028866949,Low,One year,No,23,20.0,460.0,13.278796337544918,0.0014928846709277906,Low Priority
3247-ZVOUO,1,0.6726487,0.6726487,High,Month-to-month,Fiber optic,10,85.55,855.5,575.450986713171,0.06597022583326695,Automated Retention
0254-FNMCI,0,0.05336008,0.05336008,Low,Two year,Fiber optic,72,109.9,7912.8,422.2276290267706,0.04937458499991499,Loyal / High Value
1848-LBZHY,0,0.23482405,0.23482405,Low,Month-to-month,DSL,7,50.3,352.09999999999997,82.6815467700362,0.009174190582330242,Low Priority
6101-IMRMM,1,0.6567958,0.6567958,High,Month-to-month,Fiber optic,6,94.5,567.0,372.4032184481621,0.04220455005312225,Automated Retention
8118-TJAFG,0,0.5337722,0.5337722,Medium,Month-to-month,Fiber optic,9,101.5,913.5,487.60087779164314,0.05597875574191463,Low Priority
5429-LWCMV,0,0.69819665,0.69819665,High,Month-to-month,Fiber optic,12,89.15,1069.8000000000002,746.9307756900789,0.08601423934247382,Automated Retention
7298-IZWLY,0,0.33878013,0.33878013,Medium,Month-to-month,No,1,19.4,19.4,6.572334617376327,2.3826434845013898e-05,Low Priority
9758-MFWGD,0,0.095199585,0.095199585,Low,One year,DSL,48,29.9,1435.1999999999998,136.63044433593748,0.015805595008752796,Loyal / High Value
3955-JBZZM,0,0.41386566,0.41386566,Medium,Month-to-month,Fiber optic,20,78.8,1576.0,652.2522733211517,0.07554290123250326,Loyal / High Value
1268-ASBGA,1,0.6066744,0.6066744,High,Month-to-month,Fiber optic,16,85.35,1365.6,828.4745239734649,0.09577422235538345,Automated Retention
8943-URTMR,1,0.69679755,0.69679755,High,Month-to-month,Fiber optic,2,79.65,159.3,110.99984967112542,0.011475531664514173,Automated Retention
4815-TUMEQ,0,0.047417212,0.047417212,Low,One year,No,10,19.3,193.0,9.15152196958661,0.0009682199900092336,Low Priority
4713-LZDRV,1,0.7272906,0.7272906,High,Month-to-month,Fiber optic,2,79.6,159.2,115.78465886116027,0.011969194970382215,Automated Retention
9909-IDLEK,0,0.29460552,0.29460552,Low,Month-to-month,Fiber optic,20,96.8,1936.0,570.3562932014465,0.06620612684763068,Loyal / High Value
4092-OFQZS,0,0.026065314,0.026065314,Low,One year,No,20,20.65,413.0,10.76497475989163,0.0012043964334614071,Low Priority
1561-BWHIN,0,0.033310633,0.033310633,Low,One year,No,19,19.8,376.2,12.53146019205451,0.0013954918755606843,Low Priority
4325-NFSKC,1,0.54971206,0.54971206,Medium,Month-to-month,Fiber optic,19,90.6,1721.3999999999999,946.2743433237075,0.10970786718871033,Loyal / High Value
9927-DSWDF,0,0.4610924,0.4610924,Medium,Month-to-month,Fiber optic,22,104.6,2301.2,1061.0658595800398,0.1233586508610243,Loyal / High Value
9500-LTVBP,0,0.2566836,0.2566836,Low,Month-to-month,Fiber optic,35,80.05,2801.75,719.1632427573204,0.08373236957314267,Loyal / High Value
7252-NTGSS,0,0.52465624,0.52465624,Medium,Month-to-month,DSL,1,45.15,45.15,23.688229063153265,0.00162048619457109,Low Priority
8149-AIQCG,0,0.3210222,0.3210222,Medium,Month-to-month,Fiber optic,39,73.15,2852.8500000000004,915.828218945861,0.10664302810281795,Loyal / High Value
1360-JYXKQ,0,0.2559789,0.2559789,Low,One year,Fiber optic,54,99.1,5351.4,1369.8455502927302,0.16000482308994823,Loyal / High Value
2955-PSXOE,1,0.43574405,0.43574405,Medium,Month-to-month,No,1,20.2,20.2,8.802029752731324,7.150713452162452e-05,Low Priority
7762-URZQH,1,0.18502931,0.18502931,Low,Two year,Fiber optic,66,106.05,6999.3,1295.075670258701,0.15139688662496453,Loyal / High Value
0899-WZRSD,0,0.26081115,0.26081115,Low,Month-to-month,Fiber optic,56,105.35,5899.599999999999,1538.6814609766004,0.17978458028826064,Loyal / High Value
3255-GRXMG,0,0.16407612,0.16407612,Low,Month-to-month,DSL,18,45.65,821.6999999999999,134.82134752571582,0.015441756901266267,Low Priority
4828-FAZPK,0,0.4349235,0.4349235,Medium,Month-to-month,Fiber optic,16,79.95,1279.2,556.3541409730911,0.06425562396572884,Low Priority
6094-ZIVKX,0,0.038396228,0.038396228,Low,One year,DSL,68,54.45,3702.6000000000004,142.16587418094278,0.01657961659468445,Loyal / High Value
6925-BAYGL,0,0.03168539,0.03168539,Low,Two year,No,53,25.1,1330.3000000000002,42.15107375606895,0.0048709898293318775,Low Priority
3262-EIDHV,0,0.013866341,0.013866341,Low,Two year,DSL,72,84.7,6098.400000000001,84.56249237805606,0.009881588190654957,Loyal / High Value
7354-OIJLX,0,0.63082504,0.63082504,High,Month-to-month,Fiber optic,9,75.85,682.65,430.6327154159546,0.049087256729736954,Automated Retention
1376-HHBDV,0,0.111076474,0.111076474,Low,Month-to-month,DSL,30,48.8,1464.0,162.61595821380615,0.01881654638257674,Loyal / High Value
6907-NZZIJ,1,0.5606104,0.5606104,Medium,Month-to-month,Fiber optic,36,99.15,3569.4,2001.0428101301193,0.23332043960466925,Loyal / High Value
6133-OZILE,0,0.32631877,0.32631877,Medium,Month-to-month,DSL,18,35.2,633.6,206.75557308197023,0.023516126710639264,Low Priority
4135-FRWKJ,0,0.09090162,0.09090162,Low,One year,DSL,55,76.25,4193.75,381.2186717521399,0.04448491669205294,Loyal / High Value
2911-UREFD,1,0.2546539,0.2546539,Low,Month-to-month,DSL,39,55.9,2180.1,555.1709692686796,0.06451419213387083,Loyal / High Value
3744-ZRRDZ,1,0.53418845,0.53418845,Medium,Month-to-month,Fiber optic,21,82.35,1729.35,923.798794940114,0.10710756424555955,Loyal / High Value
5673-TIYIB,1,0.4900391,0.4900391,Medium,Month-to-month,DSL,2,40.4,80.8,39.59516010284424,0.0035613307426142133,Low Priority
6551-ZCOTS,0,0.051270958,0.051270958,Low,One year,No,33,24.9,821.6999999999999,42.12934621833264,0.004825282751225194,Low Priority
7191-ADRGF,0,0.040187698,0.040187698,Low,Two year,DSL,44,54.3,2389.2,96.01644772142171,0.011166180490634198,Loyal / High Value
5018-LXQQG,0,0.080700375,0.080700375,Low,Month-to-month,DSL,30,66.3,1989.0,160.51304615288973,0.0186369888292694,Loyal / High Value
6892-BOGQE,0,0.0114265075,0.0114265075,Low,Two year,No,71,20.9,1483.8999999999999,16.955794472340493,0.0019623237213320555,Loyal / High Value
1602-IJQQE,1,0.6676853,0.6676853,High,Month-to-month,Fiber optic,4,75.35,301.4,201.24034047126767,0.02211738763473486,Automated Retention
4628-WQCQQ,1,0.23594444,0.23594444,Low,One year,Fiber optic,35,85.15,2980.25,703.1734024100006,0.08190379396005164,Loyal / High Value
1746-TGTWV,0,0.7114281,0.7114281,High,Month-to-month,Fiber optic,1,75.35,75.35,53.606107774376866,0.0047157796540640605,Automated Retention
5995-SNNEW,0,0.65937525,0.65937525,High,Month-to-month,Fiber optic,23,104.45,2402.35,1584.050132653117,0.18422424488310368,Priority Retention
8050-WYBND,0,0.17505959,0.17505959,Low,One year,DSL,22,49.45,1087.9,190.44732443988326,0.02193785214374668,Low Priority
2821-WARNZ,0,0.028236363,0.028236363,Low,One year,No,49,19.45,953.05,26.91066583637148,0.0030921584548959987,Low Priority
4879-GZLFH,0,0.3945715,0.3945715,Medium,Month-to-month,Fiber optic,42,92.15,3870.3,1527.1101265221835,0.17813346095261598,Loyal / High Value
1644-IRKSF,1,0.28790715,0.28790715,Low,One year,Fiber optic,33,93.8,3095.4,891.1878025352955,0.1038277320953649,Loyal / High Value
8314-HTWVE,0,0.028130323,0.028130323,Low,Two year,No,7,19.85,138.95000000000002,3.908708338439465,0.0003961761852702586,Low Priority
9402-ROUMJ,0,0.11657179,0.11657179,Low,One year,Fiber optic,67,100.25,6716.75,782.9835803564638,0.09152194658158602,Loyal / High Value
2507-QZPQS,0,0.4185138,0.4185138,Medium,Month-to-month,Fiber optic,15,95.7,1435.5,600.7765666097403,0.06949884038375213,Loyal / High Value
7159-NOKYQ,0,0.103970245,0.103970245,Low,Two year,Fiber optic,67,93.15,6241.05,648.8834946043789,0.07583093281218045,Loyal / High Value
5707-ZMDJP,0,0.013422513,0.013422513,Low,Two year,DSL,53,69.7,3694.1000000000004,49.584106679447,0.005782511654619613,Loyal / High Value
8779-YIQQA,0,0.032678228,0.032678228,Low,One year,No,21,19.8,415.8,13.587607149034739,0.0015206836629134937,Low Priority
7136-IHZJA,0,0.08222668,0.08222668,Low,Month-to-month,DSL,40,71.35,2854.0,234.67494109272957,0.027326645669146575,Loyal / High Value
8966-OIQHG,0,0.02751946,0.02751946,Low,One year,No,22,20.75,456.5,12.562633840367198,0.0014119078181191456,Low Priority
7074-STDCN,0,0.2135979,0.2135979,Low,Month-to-month,DSL,39,40.6,1583.4,338.2109049081803,0.03917330088455786,Loyal / High Value
3705-PSNGL,1,0.04144018,0.04144018,Low,One year,No,45,20.4,917.9999999999999,38.04208655655383,0.00436785108139438,Low Priority
8739-QOTTN,0,0.15725029,0.15725029,Low,Month-to-month,No,2,20.35,40.7,6.400086605548859,0.0004036690318776715,Low Priority
1399-OUPJN,0,0.016595038,0.016595038,Low,Two year,No,57,19.75,1125.75,18.681863639038056,0.002153258267435069,Low Priority
0277-BKSQP,0,0.35358593,0.35358593,Medium,Month-to-month,DSL,8,54.4,435.2,153.88059616088867,0.017258202914212845,Low Priority
6502-HCJTI,1,0.6947945,0.6947945,High,Month-to-month,Fiber optic,7,94.7,662.9,460.57925816178323,0.052456526867542284,Automated Retention
2606-RMDHZ,1,0.35338596,0.35338596,Medium,Month-to-month,DSL,6,30.5,183.0,64.66962978243828,0.006801619212613325,Low Priority
5774-XZTQC,0,0.1029477,0.1029477,Low,Month-to-month,No,7,20.45,143.15,14.736962831765414,0.001500556325880197,Low Priority
2676-SSLTO,0,0.025548713,0.025548713,Low,Two year,DSL,49,66.15,3241.3500000000004,82.81232179580257,0.009650694625153045,Loyal / High Value
6266-QHOJZ,0,0.09351742,0.09351742,Low,One year,Fiber optic,65,89.85,5840.25,546.1651277840137,0.06381364875254399,Loyal / High Value
7269-JISCY,0,0.04794657,0.04794657,Low,One year,DSL,55,45.05,2477.75,118.79961029533297,0.013819651960575005,Loyal / High Value
0363-SVHYR,0,0.014317395,0.014317395,Low,Two year,DSL,71,86.85,6166.349999999999,88.28606967916711,0.010317060044314343,Loyal / High Value
8547-NSBBO,0,0.2026378,0.2026378,Low,Month-to-month,Fiber optic,35,96.75,3386.25,686.1822723783553,0.07998554501306986,Loyal / High Value
8258-GSTJK,1,0.7644919,0.7644919,High,Month-to-month,Fiber optic,3,77.0,231.0,176.59763252735138,0.01901551768943857,Automated Retention
6861-OKBCE,1,0.10929275,0.10929275,Low,Month-to-month,No,11,20.1,221.10000000000002,24.164627697318796,0.0025916546253929025,Low Priority
9940-RHLFB,1,0.77969545,0.77969545,High,Month-to-month,Fiber optic,1,75.3,75.3,58.71106747984886,0.005163727611141238,Automated Retention
6591-QGOYB,0,0.4078589,0.4078589,Medium,Month-to-month,Fiber optic,17,106.65,1813.0500000000002,739.4685934692621,0.08577935647922279,Loyal / High Value
9070-BCKQP,0,0.027422693,0.027422693,Low,Two year,Fiber optic,72,110.15,7930.8,217.483890683949,0.025432335903807994,Loyal / High Value
6421-SZVEM,0,0.12625651,0.12625651,Low,One year,Fiber optic,28,82.85,2319.7999999999997,292.8898533254862,0.03405338415767038,Loyal / High Value
1328-EUZHC,0,0.01882266,0.01882266,Low,Two year,No,18,20.1,361.8,6.81003863029182,0.000756771920679594,Low Priority
2995-UPRYS,1,0.21888414,0.21888414,Low,One year,Fiber optic,40,99.2,3968.0,868.5322685241699,0.10132422715296935,Loyal / High Value
8878-RYUKI,0,0.19907075,0.19907075,Low,Month-to-month,DSL,52,59.45,3091.4,615.407321703434,0.07169739211038235,Loyal / High Value
9633-DENPU,0,0.14279974,0.14279974,Low,Month-to-month,DSL,47,58.6,2754.2000000000003,393.29903032779697,0.04578657109298745,Loyal / High Value
7811-JIVPF,0,0.13546978,0.13546978,Low,Month-to-month,DSL,23,49.7,1143.1000000000001,154.8555048003793,0.01785313589508881,Low Priority
7113-HIPFI,0,0.012389139,0.012389139,Low,Two year,DSL,66,65.85,4346.099999999999,53.84443819122388,0.006284171320905049,Loyal / High Value
8541-QVFKM,0,0.63762194,0.63762194,High,Month-to-month,Fiber optic,8,73.5,588.0,374.9217002391815,0.042542011414871836,Automated Retention
6686-YPGHK,1,0.27430072,0.27430072,Low,Month-to-month,Fiber optic,47,85.5,4018.5,1102.2774604707956,0.12860097135860815,Loyal / High Value
1383-EZRWL,1,0.12588722,0.12588722,Low,Month-to-month,No,7,20.05,140.35,17.668270644545554,0.0017936035962069694,Low Priority
9258-CNWAC,0,0.034391858,0.034391858,Low,Two year,Fiber optic,71,113.65,8069.150000000001,277.5130584280938,0.032453405324414035,Loyal / High Value
5371-VYLSX,0,0.35274798,0.35274798,Medium,Month-to-month,Fiber optic,50,83.4,4170.0,1470.9590631723404,0.17164377827373375,Loyal / High Value
6374-AFWOX,0,0.018045032,0.018045032,Low,Two year,DSL,46,65.65,3019.9,54.494193335436286,0.006347869786943727,Loyal / High Value
4759-TRPLW,1,0.76492715,0.76492715,High,Month-to-month,Fiber optic,1,70.4,70.4,53.85087127685547,0.00462657549688893,Automated Retention
5317-FLPJF,0,0.017864134,0.017864134,Low,Two year,DSL,66,61.35,4049.1,72.33366563804448,0.008439354359971209,Loyal / High Value
7621-VPNET,0,0.26940408,0.26940408,Low,Month-to-month,Fiber optic,42,85.9,3607.8,971.9560524165631,0.11333590299687546,Loyal / High Value
6034-YMTOB,0,0.5305183,0.5305183,Medium,Month-to-month,Fiber optic,5,75.65,378.25,200.66854447126389,0.022352635098896522,Low Priority
8563-IIOXK,1,0.17908372,0.17908372,Low,One year,DSL,7,49.75,348.25,62.365905437618494,0.006915689645588694,Low Priority
4903-CNOZC,0,0.08457899,0.08457899,Low,One year,DSL,29,70.9,2056.1000000000004,173.9028632640839,0.02019795318765025,Loyal / High Value
4353-HYOJD,0,0.0867488,0.0867488,Low,Month-to-month,DSL,27,49.85,1345.95,116.7595489371568,0.013495014942227043,Low Priority
8020-BWHYL,1,0.50312203,0.50312203,Medium,Month-to-month,Fiber optic,15,75.3,1129.5,568.2763347923756,0.06550281796190785,Low Priority
7267-FRMJW,0,0.0153332725,0.0153332725,Low,Two year,No,25,20.1,502.50000000000006,7.704969439655543,0.0008693623307789134,Low Priority
2982-VPSGI,1,0.7873209,0.7873209,High,Month-to-month,Fiber optic,11,94.0,1034.0,814.0898228883743,0.09369000723754563,Automated Retention
4188-FRABG,0,0.28029856,0.28029856,Low,Month-to-month,Fiber optic,57,103.05,5873.849999999999,1646.4317016944287,0.19237177521923088,Loyal / High Value
8199-ZLLSA,1,0.2982355,0.2982355,Low,One year,Fiber optic,67,118.35,7929.45,2364.843531619012,0.2765421868095472,Loyal / High Value
4128-ETESU,0,0.4995341,0.4995341,Medium,Month-to-month,Fiber optic,47,99.7,4685.900000000001,2340.766840568185,0.2732763971636646,Loyal / High Value
0620-DLSLK,0,0.539538,0.539538,Medium,Month-to-month,Fiber optic,13,81.9,1064.7,574.4461361289025,0.06614577330771865,Low Priority
4625-EWPTF,1,0.40441844,0.40441844,Medium,Month-to-month,DSL,8,30.45,243.6,98.51633166074753,0.010656562384388451,Low Priority
5980-NOPLP,1,0.5788472,0.5788472,Medium,Month-to-month,Fiber optic,44,96.1,4228.4,2447.5976251363754,0.2856239798881912,Loyal / High Value
3850-OKINF,0,0.05403761,0.05403761,Low,One year,DSL,71,66.2,4700.2,253.98756609112024,0.029652529428080724,Loyal / High Value
6892-XPFPU,1,0.66933864,0.66933864,High,Month-to-month,Fiber optic,24,104.25,2502.0,1674.6852861642838,0.19482625183626304,Priority Retention
8010-EZLOU,1,0.60486835,0.60486835,High,Month-to-month,Fiber optic,15,80.2,1203.0,727.6566279530525,0.08396065066200356,Automated Retention
1156-ZFYDO,0,0.37369087,0.37369087,Medium,Month-to-month,No,1,19.75,19.75,7.380394749343395,4.161270744036614e-05,Low Priority
3295-YVUSR,0,0.7082289,0.7082289,High,Month-to-month,Fiber optic,2,72.6,145.2,102.83483426570892,0.010493263691686098,Automated Retention
8016-NCFVO,0,0.3676237,0.3676237,Medium,Month-to-month,Fiber optic,55,116.5,6407.5,2355.548773109913,0.2752997758578221,Loyal / High Value
4119-ZYPZY,0,0.2137648,0.2137648,Low,Two year,Fiber optic,71,106.8,7582.8,1620.9357377350332,0.18952983864691367,Loyal / High Value
5549-ZGHFB,0,0.0151614845,0.0151614845,Low,Two year,No,50,24.95,1247.5,18.913951888680458,0.002183621996959192,Low Priority
7577-SWIFR,0,0.8454395,0.8454395,Critical,Month-to-month,Fiber optic,1,89.25,89.25,75.45547480881214,0.006981574963437308,Automated Retention
0303-WMMRN,0,0.121661685,0.121661685,Low,Month-to-month,No,5,19.25,96.25,11.709937220439315,0.001104498491980574,Low Priority
6408-OTUBZ,0,0.10874716,0.10874716,Low,One year,Fiber optic,66,104.55,6900.3,750.3880414299667,0.08771844462511483,Loyal / High Value
5204-HMGYF,0,0.068143316,0.068143316,Low,One year,DSL,49,87.2,4272.8,291.16275895237925,0.03397900232310223,Loyal / High Value
1078-TDCRN,0,0.677104,0.677104,High,Month-to-month,DSL,3,30.75,92.25,62.46284365653992,0.005829577143489196,Automated Retention
3727-OVPRY,0,0.02651812,0.02651812,Low,One year,No,66,25.7,1696.2,44.98003429435194,0.005213978531480811,Loyal / High Value
3797-FKOGQ,0,0.5711367,0.5711367,Medium,Month-to-month,Fiber optic,11,86.2,948.2,541.5518312931061,0.06222037475245928,Low Priority
7622-NXQZR,0,0.1488776,0.1488776,Low,Month-to-month,DSL,28,30.1,842.8000000000001,125.47404616475106,0.01437958870683947,Low Priority
6196-HBOBZ,0,0.07864922,0.07864922,Low,Two year,Fiber optic,65,99.35,6457.75,507.89701886475086,0.05936074801612385,Loyal / High Value
3970-XGJDU,0,0.01821411,0.01821411,Low,Two year,No,62,19.2,1190.3999999999999,21.68207688331604,0.002501365764482982,Low Priority
7017-VFULY,0,0.16551538,0.16551538,Low,Month-to-month,No,2,20.1,40.2,6.653718200325966,0.00041518533051807633,Low Priority
5562-YJQGT,0,0.17053738,0.17053738,Low,Month-to-month,No,2,20.35,40.7,6.940871462225915,0.0004377776483704028,Low Priority
8807-OPMBM,0,0.017660778,0.017660778,Low,Two year,No,55,25.65,1410.75,24.914942585863173,0.0028815313155435523,Loyal / High Value
5439-WIKXB,0,0.4364619,0.4364619,Medium,Month-to-month,Fiber optic,41,94.55,3876.5499999999997,1691.9663617923854,0.19736506917586563,Loyal / High Value
9874-QLCLH,1,0.59740037,0.59740037,Medium,Month-to-month,Fiber optic,17,104.2,1771.4,1058.2350105643272,0.12272644922869462,Loyal / High Value
8294-UIMBA,0,0.17351857,0.17351857,Low,One year,Fiber optic,30,94.4,2832.0,491.4045853614807,0.05721849637540631,Loyal / High Value
8109-YUOHE,0,0.05432693,0.05432693,Low,One year,DSL,17,56.1,953.7,51.811592332273726,0.005953470328232359,Low Priority
5840-NVDCG,0,0.026317868,0.026317868,Low,Two year,DSL,16,68.25,1092.0,28.73911227285862,0.003310710843407954,Low Priority
8092-NLTGF,0,0.012037101,0.012037101,Low,Two year,No,72,24.75,1782.0,21.450114341452718,0.002487787982799666,Loyal / High Value
5928-QLDHB,0,0.63832015,0.63832015,High,Month-to-month,Fiber optic,9,76.25,686.25,438.04720155894756,0.049939842317225404,Automated Retention
9840-EFJQB,0,0.71982324,0.71982324,High,Month-to-month,Fiber optic,1,74.35,74.35,53.51885798573493,0.0046870523549487775,Automated Retention
0696-UKTOX,0,0.100901134,0.100901134,Low,Month-to-month,DSL,23,54.15,1245.45,125.66731772907079,0.01450796797683823,Low Priority
4801-KFYKL,0,0.1174273,0.1174273,Low,Month-to-month,No,8,19.45,155.6,18.271687403321266,0.0018829770982880295,Low Priority
3472-OAOOR,0,0.15692478,0.15692478,Low,Month-to-month,DSL,19,34.95,664.0500000000001,104.20590293705465,0.011868871553170105,Low Priority
6135-OZQVA,0,0.33127773,0.33127773,Medium,Month-to-month,DSL,7,53.65,375.55,124.41135078072548,0.01385307219298661,Low Priority
8062-YBDOE,1,0.8352293,0.8352293,Critical,Month-to-month,Fiber optic,1,69.65,69.65,58.17371918559075,0.00497836280552655,Automated Retention
2252-JHJGE,0,0.21343178,0.21343178,Low,One year,Fiber optic,61,104.0,6344.0,1354.0111842155457,0.1582425294020573,Loyal / High Value
4188-PCPIG,0,0.019603236,0.019603236,Low,Two year,DSL,57,70.35,4009.95,78.60799478301779,0.009170978754788613,Loyal / High Value
6000-APYLU,1,0.6075477,0.6075477,High,Month-to-month,Fiber optic,9,80.8,727.1999999999999,441.80868773460384,0.05044856420749573,Automated Retention
7105-BENQF,0,0.09444721,0.09444721,Low,One year,DSL,15,64.85,972.7499999999999,91.87352394685148,0.010560989824496766,Low Priority
7721-DVEKZ,0,0.33965644,0.33965644,Medium,Month-to-month,No,1,19.65,19.65,6.674249093234539,3.384142629914005e-05,Low Priority
3566-VVORZ,0,0.20063299,0.20063299,Low,Month-to-month,DSL,12,45.9,550.8,110.50865056514739,0.012511340768508954,Low Priority
9507-HSMMZ,0,0.01770067,0.01770067,Low,Two year,No,54,20.0,1080.0,19.116723909974098,0.002201794742659679,Low Priority
2480-SQIOB,0,0.39387316,0.39387316,Medium,Month-to-month,DSL,4,44.8,179.2,70.58206939697266,0.007405435821545901,Low Priority
0947-IDHRQ,1,0.64006376,0.64006376,High,Month-to-month,Fiber optic,7,80.3,562.1,359.77984099388124,0.040761750076868795,Automated Retention
7813-TKCVO,0,0.029674107,0.029674107,Low,One year,No,20,20.35,407.0,12.077361634001136,0.0013502776184446258,Low Priority
0128-MKWSG,0,0.117069624,0.117069624,Low,Month-to-month,DSL,26,45.8,1190.8,139.40650869309903,0.01608280192177522,Low Priority
3672-YITQD,1,0.54446363,0.54446363,Medium,Month-to-month,Fiber optic,36,84.1,3027.6,1648.418099784851,0.19202248024386026,Loyal / High Value
4350-ZTLPI,0,0.2712297,0.2712297,Low,One year,Fiber optic,53,108.95,5774.35,1566.1752999320627,0.18298436108706218,Loyal / High Value
9048-JVYVF,1,0.4518652,0.4518652,Medium,Month-to-month,DSL,3,69.35,208.04999999999998,94.01055407524107,0.01002385225831702,Low Priority
0361-HJRDX,0,0.02302417,0.02302417,Low,Two year,DSL,68,64.35,4375.799999999999,100.7491618964821,0.011758756975055405,Loyal / High Value
5727-MYATE,0,0.014968837,0.014968837,Low,Two year,DSL,72,90.8,6537.599999999999,97.86026667952537,0.011437881253509509,Loyal / High Value
3823-KYNQY,0,0.061040234,0.061040234,Low,One year,No,12,24.95,299.4,18.275446005910634,0.002007676482802174,Low Priority
8988-ECPJR,1,0.3569472,0.3569472,Medium,Month-to-month,Fiber optic,34,79.6,2706.3999999999996,966.0419383764265,0.11244975276213116,Loyal / High Value
7570-WELNY,0,0.027817452,0.027817452,Low,Two year,Fiber optic,68,84.7,5759.6,160.2173984192312,0.018718870770289588,Loyal / High Value
3021-VLNRJ,0,0.045610595,0.045610595,Low,One year,DSL,50,70.8,3540.0,161.46150805056095,0.018825491004227327,Loyal / High Value
3776-EKTKM,1,0.81010747,0.81010747,Critical,Month-to-month,DSL,1,36.45,36.45,29.528417265415193,0.0016760123825149257,Automated Retention
2080-CAZNM,0,0.59259516,0.59259516,Medium,Month-to-month,Fiber optic,41,104.4,4280.400000000001,2536.544322896004,0.29601973156037403,Loyal / High Value
1028-FFNJK,0,0.5282346,0.5282346,Medium,Month-to-month,Fiber optic,30,101.5,3045.0,1608.4743601083755,0.18737616626139159,Loyal / High Value
6907-FLBER,0,0.54383695,0.54383695,Medium,Month-to-month,DSL,1,54.3,54.3,29.53034645318985,0.0022630124448589695,Low Priority
3001-UNBTL,0,0.60496,0.60496,High,Month-to-month,Fiber optic,29,103.95,3014.55,1823.6822414249182,0.21243306838041653,Priority Retention
5982-PSMKW,0,0.027503463,0.027503463,Low,Two year,DSL,23,91.1,2095.2999999999997,57.628004993684584,0.006694361859823722,Loyal / High Value
3507-GASNP,0,0.014137724,0.014137724,Low,Two year,No,60,19.95,1197.0,16.92285612411797,0.0019524881499819455,Low Priority
7096-ZNBZI,0,0.012635266,0.012635266,Low,Two year,No,72,26.45,1904.3999999999999,24.062601348012684,0.002792697198464013,Loyal / High Value
1902-XBTFB,1,0.4745778,0.4745778,Medium,Month-to-month,Fiber optic,22,89.4,1966.8000000000002,933.3996452450754,0.10836430775687736,Loyal / High Value
1676-MQAOA,0,0.012823381,0.012823381,Low,Two year,DSL,72,75.1,5407.2,69.33858823701739,0.00809938914402977,Loyal / High Value
0786-IVLAW,0,0.21970803,0.21970803,Low,One year,Fiber optic,66,108.1,7134.599999999999,1567.5288784146308,0.18325656033571686,Loyal / High Value
7566-DSRLQ,0,0.049563646,0.049563646,Low,Two year,Fiber optic,72,110.15,7930.8,393.0793662071228,0.04596628489032868,Loyal / High Value
0643-OKLRP,1,0.3164121,0.3164121,Medium,Month-to-month,Fiber optic,47,80.35,3776.45,1194.9144420206546,0.1393667824813692,Loyal / High Value
7245-JMTTQ,0,0.36549878,0.36549878,Medium,One year,Fiber optic,51,111.5,5686.5,2078.4088193178177,0.24281899876115645,Loyal / High Value
6050-IJRHS,0,0.22985394,0.22985394,Low,One year,Fiber optic,70,106.5,7455.0,1713.5611449927092,0.2003516376200876,Loyal / High Value
6202-JVYEU,0,0.079739384,0.079739384,Low,One year,No,9,19.9,179.1,14.281323737651109,0.0014982913671947303,Low Priority
8591-TKMZH,0,0.08240118,0.08240118,Low,Two year,Fiber optic,59,111.1,6554.9,540.1314867667853,0.06313090123379754,Loyal / High Value
0734-OXWBT,0,0.33297113,0.33297113,Medium,Month-to-month,DSL,3,70.7,212.10000000000002,70.62317579090596,0.00754446251700728,Low Priority
4282-ACRXS,0,0.37518808,0.37518808,Medium,Month-to-month,DSL,38,24.85,944.3000000000001,354.2901062637568,0.0407019610738903,Low Priority
0365-TRTPY,0,0.1899083,0.1899083,Low,Month-to-month,Fiber optic,37,91.2,3374.4,640.8265535831451,0.07469714431976654,Loyal / High Value
7349-ALMUX,0,0.019022206,0.019022206,Low,Two year,DSL,37,65.6,2427.2,46.17069802582264,0.005370062893373222,Loyal / High Value
9381-NDKME,1,0.35057682,0.35057682,Medium,Month-to-month,DSL,24,40.65,975.5999999999999,342.0227436304092,0.03931825528087601,Low Priority
6502-KUGLL,0,0.11500803,0.11500803,Low,Month-to-month,DSL,14,59.45,832.3000000000001,95.7211803406477,0.010966690435700975,Low Priority
1841-YSJGV,0,0.035338916,0.035338916,Low,Two year,Fiber optic,72,109.95,7916.400000000001,279.75699370801453,0.03271434523740927,Loyal / High Value
2794-XIMMO,1,0.16147883,0.16147883,Low,One year,DSL,53,60.45,3203.8500000000004,517.3539570696653,0.06028673047416781,Loyal / High Value
8382-SHQEH,1,0.7508823,0.7508823,High,Month-to-month,Fiber optic,8,84.9,679.2,509.99927687644964,0.05812578407708006,Automated Retention
3511-BFTJW,0,0.018490901,0.018490901,Low,Two year,DSL,72,38.5,2772.0,51.25677817314863,0.005967407777366792,Loyal / High Value
7668-XCFYV,0,0.6662934,0.6662934,High,Month-to-month,Fiber optic,17,92.55,1573.35,1048.3126935839653,0.12141156906299767,Priority Retention
2983-ZANRP,1,0.59412915,0.59412915,Medium,Month-to-month,Fiber optic,2,73.55,147.1,87.39639725089073,0.008935058294513888,Low Priority
7845-URHJN,1,0.12858534,0.12858534,Low,Month-to-month,No,8,20.15,161.2,20.72795658111572,0.002146304413866299,Low Priority
3034-ZBEQN,1,0.08192906,0.08192906,Low,One year,DSL,48,34.7,1665.6000000000001,136.4610387325287,0.015814981766363687,Loyal / High Value
5018-HEKFO,0,0.14348663,0.14348663,Low,Month-to-month,No,10,24.5,245.0,35.154225304722786,0.003804467904569395,Low Priority
3976-NLDEZ,0,0.30244076,0.30244076,Medium,Month-to-month,No,1,20.6,20.6,6.230279707908631,6.381205135686724e-05,Low Priority
2282-YGNOR,0,0.04321066,0.04321066,Low,One year,DSL,29,58.0,1682.0,72.68032873421907,0.008424133573437286,Loyal / High Value
5336-UFNZP,0,0.22616388,0.22616388,Low,One year,Fiber optic,65,107.45,6984.25,1579.5850721634924,0.18465552222871326,Loyal / High Value
6854-EXGSF,0,0.21097867,0.21097867,Low,Month-to-month,DSL,8,65.5,524.0,110.55282407999039,0.012493720115354564,Low Priority
1241-EZFMJ,0,0.01502226,0.01502226,Low,Two year,No,61,25.45,1552.45,23.321307749534025,0.002700544971277225,Loyal / High Value
9233-PSYHO,0,0.30886093,0.30886093,Medium,One year,Fiber optic,45,100.15,4506.75,1391.958986453712,0.162480354582086,Loyal / High Value
5376-PCKNB,0,0.14555246,0.14555246,Low,One year,Fiber optic,72,104.45,7520.400000000001,1094.612692952156,0.12798625126268662,Loyal / High Value
8044-BGWPI,0,0.127976,0.127976,Low,Month-to-month,No,12,21.15,253.79999999999998,32.48030887842178,0.0035252203761033333,Low Priority
4060-LDNLU,0,0.77872616,0.77872616,High,Month-to-month,Fiber optic,7,96.2,673.4,524.394196498394,0.059751751767688016,Automated Retention
3589-PPVKW,0,0.27810785,0.27810785,Low,Month-to-month,DSL,9,44.4,399.59999999999997,111.13189755678177,0.012413666300637687,Low Priority
8327-LZKAS,1,0.43876097,0.43876097,Medium,One year,Fiber optic,43,107.55,4624.65,2029.115901701152,0.23687959437584116,Loyal / High Value
5887-IKKYO,0,0.081577145,0.081577145,Low,Two year,Fiber optic,58,94.35,5472.299999999999,446.4146081931888,0.052147524132056526,Loyal / High Value
1075-BGWOH,1,0.73980284,0.73980284,High,Month-to-month,Fiber optic,16,98.75,1580.0,1168.8884830474854,0.13538308675273056,Priority Retention
1755-RMCXH,0,0.14348702,0.14348702,Low,Month-to-month,No,2,20.3,40.6,5.825573065876961,0.0003666561638373275,Low Priority
0302-JOIVN,1,0.65487486,0.65487486,High,Month-to-month,Fiber optic,8,101.15,809.2,529.9247377157211,0.06067295226045596,Automated Retention
3858-XHYJO,0,0.23012185,0.23012185,Low,One year,Fiber optic,40,105.75,4230.0,973.4154295921326,0.1135935318353743,Loyal / High Value
4299-SIMNS,0,0.48999733,0.48999733,Medium,Month-to-month,Fiber optic,9,81.15,730.35,357.86954801380637,0.040868529428456146,Low Priority
7025-IWFHT,0,0.16918105,0.16918105,Low,One year,Fiber optic,41,89.55,3671.5499999999997,621.1566799789666,0.07243718073192622,Loyal / High Value
6261-LHRTG,0,0.13270584,0.13270584,Low,Month-to-month,DSL,26,54.75,1423.5,188.9067596644163,0.021850606001458016,Loyal / High Value
7841-FCRQD,0,0.048285,0.048285,Low,One year,DSL,33,53.75,1773.75,85.64551879651845,0.00993268951566314,Loyal / High Value
2056-EVGZL,0,0.15844263,0.15844263,Low,One year,Fiber optic,68,105.75,7191.0,1139.36096213758,0.1332030946019246,Loyal / High Value
8777-MBMTS,0,0.105030775,0.105030775,Low,Two year,Fiber optic,65,105.85,6880.25,722.6379901766777,0.08447386201300615,Loyal / High Value
7753-USQYQ,0,0.075579196,0.075579196,Low,One year,DSL,55,64.2,3531.0,266.8701418340206,0.031115113107790776,Loyal / High Value
5366-IJEQJ,1,0.604547,0.604547,High,Month-to-month,Fiber optic,20,88.7,1774.0,1072.466420173645,0.12437886066751558,Priority Retention
7661-CPURM,0,0.16634539,0.16634539,Low,One year,Fiber optic,19,87.7,1666.3,277.18131951987743,0.03212373713324851,Loyal / High Value
6233-HXJMX,0,0.35017228,0.35017228,Medium,Month-to-month,Fiber optic,45,89.3,4018.5,1407.1673122644424,0.16417198909610084,Loyal / High Value
5902-WBLSE,0,0.011775629,0.011775629,Low,Two year,No,70,20.15,1410.5,16.609524230007082,0.0019209656802245184,Loyal / High Value
1981-INRFU,1,0.73008156,0.73008156,High,Month-to-month,Fiber optic,2,79.75,159.5,116.44800853729248,0.012040800267560804,Automated Retention
4971-PUYQO,1,0.46556827,0.46556827,Medium,Month-to-month,Fiber optic,27,94.55,2552.85,1188.5259689435363,0.13828925419489124,Loyal / High Value
3239-TPHPZ,0,0.042066526,0.042066526,Low,Two year,No,12,20.05,240.60000000000002,10.121206075698138,0.0010936744412440814,Low Priority
5115-GZDEL,0,0.0153106665,0.0153106665,Low,Two year,DSL,72,67.2,4838.400000000001,74.07912890911103,0.008649579001601439,Loyal / High Value
3338-CVVEH,0,0.6606263,0.6606263,High,Month-to-month,Fiber optic,12,94.55,1134.6,749.5465911626815,0.08640364976425145,Automated Retention
8485-GJCDN,1,0.5832314,0.5832314,Medium,Month-to-month,Fiber optic,5,69.05,345.25,201.36063723266125,0.022317597420015618,Low Priority
2615-YVMYX,0,0.2620668,0.2620668,Low,Month-to-month,Fiber optic,71,107.5,7632.5,2000.2249374240637,0.2338824645268178,Loyal / High Value
2851-STERV,0,0.1564316,0.1564316,Low,One year,DSL,35,73.0,2555.0,399.6827391535044,0.0465048088270134,Loyal / High Value
4393-GEADV,0,0.0843501,0.0843501,Low,Two year,Fiber optic,70,114.75,8032.5,677.5421915017068,0.07923345011143698,Loyal / High Value
8486-AYEQH,0,0.46904075,0.46904075,Medium,Month-to-month,Fiber optic,31,76.05,2357.5499999999997,1105.7870235979556,0.12858320722413724,Loyal / High Value
1527-SXDPN,1,0.12926699,0.12926699,Low,Two year,Fiber optic,52,96.25,5005.0,646.981296017766,0.07555221733920113,Loyal / High Value
6029-WTIPC,1,0.6066455,0.6066455,High,Month-to-month,Fiber optic,37,101.1,3740.7,2269.278913503885,0.2646607719480555,Priority Retention
8634-CILSZ,1,0.27436733,0.27436733,Low,One year,Fiber optic,69,104.7,7224.3,1982.1119198799133,0.23173220813363812,Loyal / High Value
5419-JKZNQ,0,0.32625532,0.32625532,Medium,Month-to-month,Fiber optic,30,77.9,2337.0,762.4586863517761,0.08865400955405166,Loyal / High Value
2495-KZNFB,0,0.38914552,0.38914552,Medium,Month-to-month,Fiber optic,33,90.65,2991.4500000000003,1164.109375704825,0.13559563014190296,Loyal / High Value
1409-PHXTF,0,0.22571258,0.22571258,Low,Two year,Fiber optic,54,110.45,5964.3,1346.2175556197762,0.15730192224650216,Loyal / High Value
4560-WQAQW,0,0.046248082,0.046248082,Low,One year,DSL,59,68.7,4053.3,187.4573510605842,0.02187123583055598,Loyal / High Value
9591-YVTEB,0,0.3191338,0.3191338,Medium,Month-to-month,DSL,55,44.85,2466.75,787.2232724055648,0.09157252873975953,Loyal / High Value
9309-BZGNT,0,0.07257828,0.07257828,Low,One year,DSL,69,29.8,2056.2000000000003,149.23546172976495,0.017332964886988766,Loyal / High Value
4274-DRSQT,0,0.10827939,0.10827939,Low,One year,Fiber optic,66,88.9,5867.400000000001,635.3185053437949,0.0742313921572438,Loyal / High Value
2027-DNKIV,0,0.034301892,0.034301892,Low,One year,DSL,37,58.75,2173.75,74.56373756751418,0.008664532773743752,Loyal / High Value
8075-GXIUB,0,0.06503527,0.06503527,Low,One year,No,9,19.85,178.65,11.618550746887923,0.0012185727325578996,Low Priority
2885-HIJDH,0,0.020051658,0.020051658,Low,Two year,DSL,69,86.9,5996.1,120.23174745440484,0.014048993843904537,Loyal / High Value
5424-RLQLC,0,0.23326321,0.23326321,Low,Month-to-month,DSL,10,59.65,596.5,139.14150444418192,0.015795685965197533,Low Priority
6682-QJDGB,1,0.08659559,0.08659559,Low,Month-to-month,DSL,40,55.25,2210.0,191.37624822556973,0.022241683606273547,Loyal / High Value
6507-DTJZV,0,0.18820795,0.18820795,Low,Month-to-month,DSL,13,66.4,863.2,162.4611060380936,0.01862842232039211,Low Priority
8780-IXSTS,1,0.777093,0.777093,High,Month-to-month,Fiber optic,6,90.1,540.5999999999999,420.09647215604775,0.04752990480621372,Automated Retention
7673-BQGKU,0,0.011500118,0.011500118,Low,Two year,No,69,20.15,1390.35,15.989189478848129,0.0018488591587118033,Low Priority
6723-WSNTY,0,0.22250232,0.22250232,Low,One year,Fiber optic,66,108.1,7134.599999999999,1587.4650594413279,0.1855872580418272,Loyal / High Value
9530-EHPOH,1,0.30965704,0.30965704,Medium,Month-to-month,DSL,11,53.75,591.25,183.08472327888012,0.020778222404635567,Low Priority
2725-IWWBA,0,0.034734778,0.034734778,Low,One year,DSL,46,56.9,2617.4,90.9148082152009,0.010580199079473473,Loyal / High Value
0345-HKJVM,1,0.68327,0.68327,High,Month-to-month,Fiber optic,6,89.3,535.8,366.096053981781,0.04140690388262763,Automated Retention
1061-PNTHC,0,0.21080936,0.21080936,Low,Month-to-month,Fiber optic,56,109.6,6137.599999999999,1293.863558101654,0.1511979958319174,Loyal / High Value
0394-YONDK,0,0.01373885,0.01373885,Low,Two year,No,70,25.15,1760.5,24.187245656736195,0.002804875665118803,Loyal / High Value
6574-MCOEH,0,0.14853245,0.14853245,Low,One year,DSL,33,79.15,2611.9500000000003,387.9593332976103,0.045148035825425106,Loyal / High Value
7399-QHBJS,0,0.014207606,0.014207606,Low,Two year,DSL,72,66.75,4806.0,68.28175541572273,0.007972460195410994,Loyal / High Value
3049-SOLAY,1,0.84357935,0.84357935,Critical,Month-to-month,Fiber optic,3,95.2,285.6,240.9262629032135,0.02638163108208174,Automated Retention
0997-YTLNY,0,0.115716375,0.115716375,Low,Month-to-month,DSL,19,48.8,927.1999999999999,107.29222328066825,0.012321450138661594,Low Priority
3317-HRTNN,1,0.6251505,0.6251505,High,Month-to-month,DSL,5,45.7,228.5,142.84688964486122,0.015366426787834503,Automated Retention
9479-HYNYL,0,0.016533231,0.016533231,Low,Two year,DSL,71,80.7,5729.7,94.73045573886483,0.011067567398401873,Loyal / High Value
3235-ETOOB,1,0.43616912,0.43616912,Medium,Month-to-month,Fiber optic,8,74.5,596.0,259.9567941427231,0.02951012925850612,Low Priority
9708-KFDBY,0,0.26680255,0.26680255,Low,Month-to-month,No,1,20.55,20.55,5.482792389392853,5.472904883062401e-05,Low Priority
8058-INTPH,1,0.84953696,0.84953696,Critical,Month-to-month,Fiber optic,1,79.65,79.65,67.66561849415302,0.006059443423369395,Automated Retention
3642-GKTCT,0,0.1453447,0.1453447,Low,One year,Fiber optic,61,115.1,7021.099999999999,1020.4797039896249,0.11929707702868304,Loyal / High Value
0774-RMNUW,0,0.013216849,0.013216849,Low,Two year,DSL,71,59.7,4238.7,56.02225962169468,0.006537624584192679,Loyal / High Value
1334-PDUKM,0,0.08519529,0.08519529,Low,One year,Fiber optic,68,86.45,5878.6,500.82902040183546,0.05851783441793276,Loyal / High Value
0756-MPZRL,0,0.057309862,0.057309862,Low,One year,DSL,46,33.7,1550.2,88.84174842312932,0.010287453466484886,Loyal / High Value
2242-MFOTG,0,0.079521015,0.079521015,Low,One year,Fiber optic,33,80.1,2643.2999999999997,210.19789970666167,0.024463487506948198,Loyal / High Value
2927-CVULT,0,0.07940328,0.07940328,Low,Two year,Fiber optic,53,104.05,5514.65,437.8813047349453,0.051152068061721956,Loyal / High Value
2144-BFDSO,0,0.32172385,0.32172385,Medium,Month-to-month,Fiber optic,50,108.75,5437.5,1749.3734266608953,0.20434698732975037,Loyal / High Value
8745-PVESG,0,0.0461918,0.0461918,Low,One year,DSL,57,41.1,2342.7000000000003,108.2135307636112,0.012582652489258226,Loyal / High Value
7647-GYYKX,0,0.01621443,0.01621443,Low,Two year,No,54,20.35,1098.9,17.818037492036822,0.0020528420622880445,Low Priority
5647-FXOTP,0,0.4197691,0.4197691,Medium,Month-to-month,Fiber optic,60,105.9,6354.0,2667.21291410923,0.311717138840172,Loyal / High Value
5569-OUICF,1,0.45501167,0.45501167,Medium,Month-to-month,Fiber optic,28,101.3,2836.4,1290.5950889348985,0.15027673359169427,Loyal / High Value
8821-XNHVZ,1,0.7954042,0.7954042,High,Month-to-month,Fiber optic,1,80.05,80.05,63.67210587263107,0.005710627695032733,Automated Retention
2082-OJVTK,1,0.4935705,0.4935705,Medium,Month-to-month,Fiber optic,29,89.2,2586.8,1276.768186402321,0.14857101707599793,Loyal / High Value
9700-ISPUP,0,0.2152391,0.2152391,Low,Month-to-month,DSL,10,65.5,655.0,140.98160572350025,0.016051096068618334,Low Priority
9839-ETQOE,0,0.19070277,0.19070277,Low,Month-to-month,DSL,43,40.45,1739.3500000000001,331.6988563552499,0.038460432805591846,Loyal / High Value
6078-VESFR,0,0.39909446,0.39909446,Medium,Month-to-month,Fiber optic,13,70.45,915.85,365.5106633841992,0.04196451700712426,Low Priority
9027-TMATR,0,0.034788366,0.034788366,Low,Two year,DSL,43,78.8,3388.4,117.87690073400736,0.013740491307852683,Loyal / High Value
5940-NFXKV,1,0.5570521,0.5570521,Medium,Month-to-month,Fiber optic,19,83.65,1589.3500000000001,885.3507167726756,0.10255041937200549,Loyal / High Value
1941-HOSAM,0,0.81636155,0.81636155,Critical,Month-to-month,Fiber optic,1,90.1,90.1,73.5541753411293,0.006822789087891578,Automated Retention
9110-HSGTV,0,0.02134884,0.02134884,Low,Two year,DSL,69,82.45,5689.05,121.4546160726808,0.014189476027723805,Loyal / High Value
0704-VCUMB,0,0.01374172,0.01374172,Low,Two year,No,61,20.25,1235.25,16.97445905744098,0.001959409547326882,Low Priority
6171-ZTVYB,0,0.07816797,0.07816797,Low,Month-to-month,DSL,43,66.25,2848.75,222.68099741078913,0.025929698005183445,Loyal / High Value
8053-WWDRO,1,0.12055563,0.12055563,Low,Month-to-month,No,6,19.5,117.0,14.1050089225173,0.0013876785263936162,Low Priority
9564-KCLHR,1,0.39842477,0.39842477,Medium,Month-to-month,DSL,1,51.25,51.25,20.41926968842745,0.0015154824561082435,Low Priority
1935-IMVBB,0,0.22000524,0.22000524,Low,Month-to-month,Fiber optic,56,89.7,5023.2,1105.1303417444228,0.129055026626607,Loyal / High Value
2535-PBCGC,0,0.021336488,0.021336488,Low,Two year,DSL,70,64.55,4518.5,96.4089229516685,0.011253727139120491,Loyal / High Value
2082-CEFLT,1,0.6576061,0.6576061,High,Month-to-month,DSL,1,45.6,45.6,29.986839294433594,0.002065810688616902,Automated Retention
1470-PSXNM,0,0.23814452,0.23814452,Low,One year,Fiber optic,49,93.65,4588.85,1092.8094665825367,0.1275708399362309,Loyal / High Value
1213-NGCUN,1,0.27465957,0.27465957,Low,Month-to-month,DSL,6,49.65,297.9,81.8210871040821,0.008985545657385092,Low Priority
2498-XLDZR,0,0.018859357,0.018859357,Low,Two year,DSL,32,73.6,2355.2,44.41755676269531,0.005164924144062973,Loyal / High Value
9866-OCCKE,0,0.035816,0.035816,Low,Two year,Fiber optic,72,109.75,7902.0,283.0180234014988,0.033095541380105474,Loyal / High Value
5338-YHWYT,0,0.01888005,0.01888005,Low,Two year,DSL,37,61.45,2273.65,42.926627113483846,0.004990116532451653,Loyal / High Value
7718-UPSKJ,0,0.16598865,0.16598865,Low,One year,Fiber optic,69,106.4,7341.6,1218.6223014593124,0.14247722650577005,Loyal / High Value
8731-WBBMB,0,0.11763965,0.11763965,Low,Month-to-month,DSL,26,81.9,2129.4,250.50187791734936,0.029103789904552372,Loyal / High Value
1448-CYWKC,0,0.22342564,0.22342564,Low,One year,Fiber optic,58,105.2,6101.6,1363.2538951277734,0.15930390719531154,Loyal / High Value
7901-IIDQV,0,0.051364824,0.051364824,Low,One year,DSL,24,54.6,1310.4,67.30846560001373,0.0077764918071910214,Low Priority
2690-DVRVK,0,0.058126897,0.058126897,Low,One year,No,5,20.55,102.75,5.972538627684116,0.0005719890485783873,Low Priority
5688-KZTSN,1,0.1397992,0.1397992,Low,Month-to-month,No,15,20.0,300.0,41.939762234687805,0.004607972751154276,Low Priority
1270-XKUCC,0,0.016704898,0.016704898,Low,Two year,No,30,19.7,591.0,9.87259491160512,0.0011204218425363895,Low Priority
0334-ZFJSR,0,0.0386087,0.0386087,Low,One year,DSL,55,66.05,3632.75,140.25575505942106,0.016355250316335966,Loyal / High Value
2894-QOJRX,1,0.2722637,0.2722637,Low,Month-to-month,DSL,25,34.0,850.0,231.4241498708725,0.026526818290878218,Low Priority
5747-PMBSQ,1,0.57286197,0.57286197,Medium,Month-to-month,Fiber optic,10,92.5,925.0,529.8973217606544,0.06085046848445706,Low Priority
5583-EJXRD,0,0.020396326,0.020396326,Low,Two year,DSL,44,54.05,2378.2,48.506541868299244,0.00564083492878366,Loyal / High Value
4565-EVZMJ,0,0.041525956,0.041525956,Low,One year,DSL,47,58.9,2768.2999999999997,114.95630466826259,0.0133833009061901,Loyal / High Value
3143-JQEGI,1,0.5099387,0.5099387,Medium,Month-to-month,Fiber optic,13,88.35,1148.55,585.6901132822037,0.06752898366052855,Low Priority
6386-SZZKH,1,0.17907529,0.17907529,Low,Two year,Fiber optic,49,107.95,5289.55,947.2276779629291,0.11063637736661112,Loyal / High Value
3327-YBAKM,0,0.10378947,0.10378947,Low,One year,Fiber optic,64,96.9,6201.6,643.6607839107514,0.07521914172147673,Loyal / High Value
9441-QHEVC,0,0.20886965,0.20886965,Low,Month-to-month,No,1,19.1,19.1,3.9894103333354,7.34490989403492e-06,Low Priority
6705-LNMDD,0,0.11109338,0.11109338,Low,Month-to-month,DSL,20,50.0,1000.0,111.09337955713272,0.012777197114293256,Low Priority
2580-ASVVY,0,0.05999963,0.05999963,Low,Two year,DSL,37,45.4,1679.8,100.78737823069095,0.01168175464054459,Loyal / High Value
3370-GQEAL,0,0.42492184,0.42492184,Medium,Month-to-month,Fiber optic,30,85.45,2563.5,1089.287137940526,0.12674636713949444,Loyal / High Value
5032-USPKF,0,0.09989724,0.09989724,Low,One year,DSL,38,84.1,3195.7999999999997,319.2516094431281,0.037201512246011884,Loyal / High Value
2982-IHMFT,1,0.83069146,0.83069146,Critical,Month-to-month,Fiber optic,1,74.45,74.45,61.8449789583683,0.005418696029940362,Automated Retention
3521-SYVOR,1,0.23811255,0.23811255,Low,Month-to-month,DSL,37,64.75,2395.75,570.4581511355937,0.06634255850539855,Loyal / High Value
4254-QPEDE,0,0.022485863,0.022485863,Low,Two year,DSL,52,66.25,3445.0,77.46379947289824,0.00903050745975377,Loyal / High Value
6283-GITPX,0,0.015239379,0.015239379,Low,Two year,DSL,71,76.9,5459.900000000001,83.20548741528765,0.009719498673475673,Loyal / High Value
9526-JAWYF,1,0.37462577,0.37462577,Medium,Month-to-month,Fiber optic,26,89.8,2334.7999999999997,874.6762530207633,0.1017012012967335,Loyal / High Value
0771-CHWSK,0,0.026869075,0.026869075,Low,Two year,DSL,66,74.6,4923.599999999999,132.29257950559256,0.015447702654794594,Loyal / High Value
9788-HNGUT,0,0.032561824,0.032561824,Low,Two year,Fiber optic,72,116.95,8420.4,274.18358049988746,0.03206716736377582,Loyal / High Value
9495-REDIY,0,0.08541561,0.08541561,Low,One year,DSL,25,40.65,1016.25,86.80361283011734,0.009986613767994644,Low Priority
5375-XLDOF,0,0.10496095,0.10496095,Low,Two year,Fiber optic,69,114.35,7890.15,828.1576256677508,0.09684269034145825,Loyal / High Value
1172-VIYBP,0,0.01775609,0.01775609,Low,Two year,DSL,53,69.7,3694.1000000000004,65.59277047365904,0.0076494462666187694,Loyal / High Value
5649-VUKMC,1,0.45419502,0.45419502,Medium,One year,Fiber optic,12,95.5,1146.0,520.507495880127,0.060011326595973184,Low Priority
6559-PDZLR,0,0.45847306,0.45847306,Medium,Month-to-month,Fiber optic,26,98.65,2564.9,1175.937542757392,0.13682931466782652,Loyal / High Value
8992-OBVDG,0,0.13108166,0.13108166,Low,Month-to-month,DSL,21,61.65,1294.6499999999999,169.70486545041203,0.019603400497553363,Low Priority
4273-MBHYA,0,0.82334876,0.82334876,Critical,Month-to-month,Fiber optic,1,89.35,89.35,73.5662117600441,0.006808802403023343,Automated Retention
4724-WXVWF,0,0.30501541,0.30501541,Medium,Month-to-month,Fiber optic,48,95.4,4579.200000000001,1396.7265881538394,0.1630476718811795,Loyal / High Value
5701-GUXDC,0,0.076910906,0.076910906,Low,One year,DSL,26,35.4,920.4,70.7887974590063,0.008128149900934746,Low Priority
1460-UZPRJ,0,0.013211895,0.013211895,Low,Two year,No,60,19.95,1197.0,15.814638052135706,0.0018246265976960138,Low Priority
6082-GLJIX,0,0.07127185,0.07127185,Low,Month-to-month,No,18,19.25,346.5,24.695696599781513,0.0027376905697434916,Low Priority
5143-EGQFK,1,0.447951,0.447951,Medium,Month-to-month,DSL,10,29.65,296.5,132.81746824085712,0.014581300361907778,Low Priority
4919-IKATY,1,0.5224353,0.5224353,Medium,Month-to-month,Fiber optic,5,84.5,422.5,220.72891741991043,0.02472186018835085,Low Priority
2495-TTHBQ,0,0.050463706,0.050463706,Low,One year,No,4,20.4,81.6,4.117838430404663,0.0003714742067717826,Low Priority
0485-ZBSLN,0,0.013698907,0.013698907,Low,Two year,No,65,24.75,1608.75,22.038116053445265,0.0025530495837228027,Loyal / High Value
3810-PJUHR,0,0.012381802,0.012381802,Low,Two year,No,70,25.35,1774.5,21.97150820447132,0.0025481444956144926,Loyal / High Value
9050-QLROH,1,0.46809536,0.46809536,Medium,Month-to-month,Fiber optic,18,90.7,1632.6000000000001,764.2124883055687,0.08854701513227492,Loyal / High Value
0847-HGRML,0,0.012495747,0.012495747,Low,Two year,No,62,20.0,1240.0,15.494726076722145,0.0017887056962917407,Low Priority
8232-CTLKO,0,0.033822298,0.033822298,Low,Two year,DSL,66,59.75,3943.5,133.37823235988617,0.015559636763473782,Loyal / High Value
9227-YBAXE,0,0.018251162,0.018251162,Low,Two year,DSL,65,82.5,5362.5,97.87185634486377,0.011432006575727158,Loyal / High Value
6168-WFVVF,1,0.6598601,0.6598601,High,Month-to-month,Fiber optic,3,70.3,210.89999999999998,139.1644897162914,0.014858298986697454,Automated Retention
9860-LISIZ,0,0.059540387,0.059540387,Low,Month-to-month,No,34,20.35,691.9000000000001,41.19599393345416,0.004697655037191151,Low Priority
0112-QAWRZ,0,0.53668696,0.53668696,Medium,Month-to-month,Fiber optic,16,90.8,1452.8,779.6988109588623,0.09021111873704422,Loyal / High Value
0877-SDMBN,1,0.2580334,0.2580334,Low,One year,Fiber optic,54,103.95,5613.3,1448.4188551068307,0.16921040736172355,Loyal / High Value
2786-GCDPI,0,0.5130002,0.5130002,Medium,Month-to-month,Fiber optic,50,104.95,5247.5,2691.968498378992,0.31441345822418193,Loyal / High Value
4043-MKDTV,0,0.09845432,0.09845432,Low,Two year,Fiber optic,71,105.25,7472.75,735.7245118636638,0.08602231464126732,Loyal / High Value
8065-YKXKD,1,0.6255488,0.6255488,High,Month-to-month,Fiber optic,10,74.75,747.5,467.59771302342415,0.053431802789770784,Automated Retention
9637-EIHEQ,1,0.56068206,0.56068206,Medium,Month-to-month,DSL,1,50.8,50.8,28.48264856338501,0.002103083489626221,Low Priority
9229-RQABD,0,0.039130863,0.039130863,Low,One year,No,18,23.75,427.5,16.728443847969174,0.00187462298706941,Low Priority
8313-KTIHG,0,0.37860143,0.37860143,Medium,Month-to-month,DSL,4,61.3,245.2,92.83307108879089,0.010047281058945336,Low Priority
5320-BRKGK,0,0.016123474,0.016123474,Low,Two year,DSL,58,75.8,4396.4,70.88523952960968,0.008273410332086652,Loyal / High Value
6284-KMNUF,0,0.219357,0.219357,Low,One year,Fiber optic,56,98.0,5488.0,1203.8312094211578,0.14062585542991543,Loyal / High Value
9689-PTNPG,1,0.7220515,0.7220515,High,Month-to-month,Fiber optic,2,80.25,160.5,115.88926595449448,0.01199300189077049,Automated Retention
9465-RWMXL,1,0.48188478,0.48188478,Medium,Month-to-month,Fiber optic,32,78.9,2524.8,1216.6626863479614,0.14155139400437194,Loyal / High Value
6229-UOLQL,0,0.0355281,0.0355281,Low,One year,DSL,56,52.0,2912.0,103.45783019065857,0.012048703803843624,Loyal / High Value
2362-IBOOY,1,0.52132636,0.52132636,Medium,Month-to-month,Fiber optic,36,84.75,3051.0,1590.566733777523,0.18529231504964047,Loyal / High Value
3137-LUPIX,0,0.3982343,0.3982343,Medium,Month-to-month,DSL,4,64.4,257.6,102.58515768051149,0.011147124987634965,Low Priority
0843-WTBXE,1,0.28566724,0.28566724,Low,Month-to-month,Fiber optic,53,85.45,4528.85,1293.7440826803447,0.1510190288068144,Loyal / High Value
6143-JQKEA,0,0.24062532,0.24062532,Low,Month-to-month,DSL,10,45.8,458.0,110.20639741420746,0.012387781480113455,Low Priority
8676-OOQEJ,0,0.39316183,0.39316183,Medium,Month-to-month,DSL,4,30.5,122.0,47.96574366092682,0.00475598991878571,Low Priority
5515-IDEJJ,1,0.34632942,0.34632942,Medium,Month-to-month,No,1,19.9,19.9,6.89195547401905,4.4655190698316105e-05,Low Priority
9701-CDXHR,0,0.15975182,0.15975182,Low,Month-to-month,Fiber optic,51,69.15,3526.65,563.3887474827469,0.06568658726933689,Loyal / High Value
7450-NWRTR,1,0.78690773,0.78690773,High,Month-to-month,Fiber optic,12,99.45,1193.4,939.0956879496575,0.10834370575990565,Automated Retention
8124-NZVGJ,0,0.25754732,0.25754732,Low,One year,DSL,6,49.25,295.5,76.10523274540901,0.008353261340658242,Low Priority
2162-FRZAA,0,0.015719984,0.015719984,Low,Two year,DSL,63,39.35,2479.05,38.97062565777451,0.0045333704477344096,Loyal / High Value
5376-DEQCP,1,0.8098559,0.8098559,Critical,Month-to-month,Fiber optic,1,70.6,70.6,57.17582501173019,0.004917307588462531,Automated Retention
5118-MUEYH,0,0.36552396,0.36552396,Medium,Month-to-month,Fiber optic,48,105.1,5044.799999999999,1843.9952944278714,0.21534173901696574,Loyal / High Value
9095-HFAFX,1,0.669774,0.669774,High,Month-to-month,Fiber optic,5,81.0,405.0,271.25846832990646,0.030320085944231967,Automated Retention
5627-TVBPP,0,0.026044436,0.026044436,Low,One year,No,35,20.1,703.5,18.322260584682226,0.0020902833354813784,Low Priority
2379-ENZGV,1,0.69709784,0.69709784,High,Month-to-month,Fiber optic,6,84.85,509.09999999999997,354.8925092875957,0.04006318805497544,Automated Retention
3936-QQFLL,0,0.16553587,0.16553587,Low,Month-to-month,No,2,19.75,39.5,6.538666754961014,0.00040165421644481426,Low Priority
2589-AYCRP,0,0.029011609,0.029011609,Low,One year,No,50,19.75,987.5,28.648963919840753,0.0032942078101586003,Low Priority
4067-HLYQI,0,0.28203085,0.28203085,Low,Month-to-month,Fiber optic,33,70.4,2323.2000000000003,655.2140722274781,0.07618059502007679,Loyal / High Value
5124-EOGYE,0,0.014944003,0.014944003,Low,Two year,No,31,20.45,633.9499999999999,9.473750678775831,0.0010775510388995808,Low Priority
5057-RKGLH,0,0.023090856,0.023090856,Low,Two year,No,9,20.35,183.15,4.2290903038345276,0.0004448356864472085,Low Priority
0292-WEGCH,0,0.15939793,0.15939793,Low,Month-to-month,DSL,54,86.2,4654.8,741.9654841303826,0.08661956149757756,Loyal / High Value
8910-ICHIU,0,0.118825085,0.118825085,Low,One year,Fiber optic,46,95.65,4399.900000000001,522.8184935204686,0.061021261008275395,Loyal / High Value
4097-YODCF,0,0.25459737,0.25459737,Low,One year,Fiber optic,34,103.8,3529.2,898.5250235795975,0.10476118167450081,Loyal / High Value
9715-WZCLW,0,0.07204947,0.07204947,Low,Two year,Fiber optic,71,97.2,6901.2,497.22779377698896,0.058124679267205236,Loyal / High Value
9786-YWNHU,0,0.011761958,0.011761958,Low,Two year,DSL,63,63.55,4003.6499999999996,47.09076226400211,0.005493909116858942,Loyal / High Value
6407-GSJNL,0,0.01880532,0.01880532,Low,Two year,No,51,24.95,1272.45,23.928828725684436,0.0027634200018929983,Low Priority
6005-OBZPH,1,0.5579109,0.5579109,Medium,Month-to-month,Fiber optic,26,89.15,2317.9,1293.1817195892334,0.150353173563915,Loyal / High Value
4049-ZPALD,0,0.052727,0.052727,Low,Two year,Fiber optic,64,99.0,6336.0,334.0782651901245,0.03904339338080581,Loyal / High Value
7932-WPTDS,1,0.7913418,0.7913418,High,Month-to-month,DSL,1,24.8,24.8,19.625276184082033,0.000556551328030906,Automated Retention
3733-UOCWF,0,0.059904203,0.059904203,Low,One year,Fiber optic,61,85.55,5218.55,312.6130776204169,0.036511496460922506,Loyal / High Value
6833-JMZYP,0,0.5736952,0.5736952,Medium,Month-to-month,Fiber optic,15,94.0,1410.0,808.9102077484131,0.09355363117870492,Loyal / High Value
2722-VOJQL,1,0.24386515,0.24386515,Low,One year,Fiber optic,64,105.65,6761.6,1648.918579530716,0.19274356652789001,Loyal / High Value
1310-QRITU,0,0.3465145,0.3465145,Medium,Month-to-month,DSL,18,50.3,905.4,313.7342221677303,0.03601131724670183,Low Priority
8961-QDZZJ,0,0.18779987,0.18779987,Low,One year,Fiber optic,57,95.0,5415.0,1016.9363012909889,0.1187881732601267,Loyal / High Value
9715-SBVSU,0,0.032217085,0.032217085,Low,Two year,DSL,14,61.4,859.6,27.69380657672882,0.00317518348789537,Low Priority
8490-BXHEO,0,0.45470998,0.45470998,Medium,Month-to-month,Fiber optic,18,80.55,1449.8999999999999,659.2839955240487,0.07627712958998871,Loyal / High Value
7173-TETGO,0,0.020979488,0.020979488,Low,Two year,Fiber optic,72,78.5,5652.0,118.57606769353151,0.013852875716673364,Loyal / High Value
7929-SKFGK,0,0.082403086,0.082403086,Low,Two year,Fiber optic,70,114.3,8001.0,659.3070920929313,0.07710028062567578,Loyal / High Value
2300-RQGOI,0,0.015705545,0.015705545,Low,Two year,No,38,20.05,761.9,11.966054355725646,0.0013680127202617023,Low Priority
3563-SVYLG,0,0.015453167,0.015453167,Low,Two year,DSL,68,62.65,4260.2,65.83358315974473,0.0076827484545272055,Loyal / High Value
5228-EXCET,1,0.5792095,0.5792095,Medium,Month-to-month,Fiber optic,13,80.85,1051.05,608.7781518191099,0.07008263938211391,Low Priority
6435-VWCCY,0,0.063473165,0.063473165,Low,Two year,Fiber optic,65,92.7,6025.5,382.45755591988564,0.04469057816218386,Loyal / High Value
4998-IKFSE,0,0.48259917,0.48259917,Medium,Month-to-month,Fiber optic,30,100.45,3013.5,1454.3125958293676,0.16940638262517216,Loyal / High Value
8630-QSGXK,0,0.024010617,0.024010617,Low,Two year,DSL,51,75.2,3835.2000000000003,92.08551941514015,0.01074105867992357,Loyal / High Value
2455-USLMV,0,0.281037,0.281037,Low,Month-to-month,Fiber optic,31,84.75,2627.25,738.354465611279,0.08592823635111159,Loyal / High Value
7394-FKDNK,1,0.63399667,0.63399667,High,Month-to-month,Fiber optic,9,89.45,805.0500000000001,510.39901554286484,0.05843021828487002,Automated Retention
9488-FVZCC,0,0.012138694,0.012138694,Low,Two year,DSL,72,79.5,5724.0,69.48188212886453,0.008117694426259823,Loyal / High Value
6331-LWDTQ,1,0.34397942,0.34397942,Medium,Month-to-month,DSL,10,72.15,721.5,248.18115028738976,0.028332982138945077,Low Priority
5995-WWKKG,0,0.051079005,0.051079005,Low,One year,No,37,19.8,732.6,37.420479065179826,0.004273747394402181,Low Priority
1597-FZREH,1,0.49224263,0.49224263,Medium,Month-to-month,DSL,2,76.4,152.8,75.21467452049257,0.007731680536820131,Low Priority
7879-CGSFV,0,0.18319309,0.18319309,Low,One year,Fiber optic,55,100.9,5549.5,1016.6300395131111,0.11876242609089555,Loyal / High Value
9921-EZKBY,0,0.29029813,0.29029813,Low,Month-to-month,Fiber optic,33,95.3,3144.9,912.9586018949748,0.10637436667457222,Loyal / High Value
7432-FFVAR,0,0.10267537,0.10267537,Low,One year,Fiber optic,46,90.95,4183.7,429.5629491172731,0.05012573285644212,Loyal / High Value
7246-ZGQDF,0,0.41183454,0.41183454,Medium,Month-to-month,DSL,1,54.5,54.5,22.444982320070267,0.0017233792439505556,Low Priority
7000-WCEVQ,1,0.28024164,0.28024164,Low,Month-to-month,DSL,20,61.6,1232.0,345.2576985359192,0.03985244229810406,Low Priority
0727-IWKVK,1,0.56317234,0.56317234,Medium,Month-to-month,Fiber optic,9,79.9,719.1,404.9772299766541,0.0462290873472975,Low Priority
5959-BELXA,1,0.52351743,0.52351743,Medium,Month-to-month,Fiber optic,32,96.15,3076.8,1610.7584280967712,0.18765429252813118,Loyal / High Value
4456-RHSNB,0,0.1617521,0.1617521,Low,Month-to-month,DSL,19,49.6,942.4,152.43518352508545,0.01751151584250893,Low Priority
3512-IZIKN,1,0.024405135,0.024405135,Low,Two year,DSL,70,65.3,4571.0,111.5558713618666,0.013022441722951137,Loyal / High Value
2481-SBOYW,0,0.015577811,0.015577811,Low,Two year,No,61,25.0,1525.0,23.756161495111883,0.002750292883974389,Loyal / High Value
7109-MFBYV,0,0.16637385,0.16637385,Low,Month-to-month,DSL,26,45.45,1181.7,196.60397726297379,0.022678655863579558,Low Priority
1833-TCXKK,0,0.44079205,0.44079205,Medium,Month-to-month,Fiber optic,45,107.75,4848.75,2137.2904715314507,0.2495549958877318,Loyal / High Value
1832-PEUTS,0,0.04078542,0.04078542,Low,Two year,Fiber optic,62,89.1,5524.2,225.30682095363736,0.026319867667472383,Loyal / High Value
6141-OOXUQ,1,0.3311365,0.3311365,Medium,Month-to-month,No,1,19.65,19.65,6.50683212429285,3.2992547431042566e-05,Low Priority
8660-BUETV,0,0.4021006,0.4021006,Medium,Month-to-month,DSL,3,44.75,134.25,53.98200459033251,0.005441498668970566,Low Priority
0580-PIQHM,0,0.14233783,0.14233783,Low,One year,Fiber optic,41,101.6,4165.599999999999,592.9224599599837,0.06918680944968368,Loyal / High Value
5696-CEIQJ,0,0.07855974,0.07855974,Low,Two year,Fiber optic,67,103.15,6911.05,542.9303006492555,0.06346743453574552,Loyal / High Value
7503-ZGUZJ,1,0.85119236,0.85119236,Critical,Month-to-month,Fiber optic,1,84.65,84.65,72.05343286395073,0.006570121036550423,Automated Retention
1696-HXOWK,0,0.048980128,0.048980128,Low,One year,Fiber optic,71,95.65,6791.150000000001,332.63139640335,0.03888205293470708,Loyal / High Value
3026-ATZYV,0,0.083048806,0.083048806,Low,One year,DSL,37,75.1,2778.7,230.7677161052823,0.026866841541647913,Loyal / High Value
4012-YCFAI,0,0.011672419,0.011672419,Low,Two year,DSL,60,61.35,3681.0,42.966172736138105,0.005010635229173435,Loyal / High Value
2506-TNFCO,1,0.8387928,0.8387928,Critical,Month-to-month,Fiber optic,1,69.55,69.55,58.338039302825926,0.0049897710340683025,Automated Retention
9970-QBCDA,0,0.12347231,0.12347231,Low,Month-to-month,No,6,19.7,118.19999999999999,14.594427113234996,0.0014386191478226854,Low Priority
8718-PTMEZ,1,0.43310776,0.43310776,Medium,Month-to-month,DSL,13,31.05,403.65000000000003,174.82394874840978,0.01953787542128515,Low Priority
9496-IVVRP,0,0.14921364,0.14921364,Low,Month-to-month,DSL,11,51.0,561.0,83.70885309576988,0.009483265733822833,Low Priority
2207-OBZNX,1,0.224507,0.224507,Low,Month-to-month,DSL,7,51.0,357.0,80.14900043606758,0.008900069012617537,Low Priority
2657-VPXTA,0,0.629951,0.629951,High,Month-to-month,Fiber optic,10,88.85,888.5,559.7114636898041,0.06421938119910305,Automated Retention
6551-VLJMV,0,0.015785495,0.015785495,Low,Two year,No,34,20.05,681.7,10.760971818305553,0.0012265806118369072,Low Priority
1221-GHZEP,0,0.013101854,0.013101854,Low,Two year,DSL,62,65.1,4036.2,52.88170457426458,0.006169752169948731,Loyal / High Value
9289-LBQVU,0,0.05419626,0.05419626,Low,One year,DSL,64,70.15,4489.6,243.31953279972078,0.02840170703949903,Loyal / High Value
6142-VSJQO,1,0.53933436,0.53933436,Medium,Month-to-month,DSL,1,44.35,44.35,23.919478723406794,0.0016152467197876224,Low Priority
3458-IDMFK,0,0.016602937,0.016602937,Low,Two year,No,25,20.75,518.75,8.612773637287319,0.0009729743083274872,Low Priority
6933-FHBZC,0,0.055436894,0.055436894,Low,One year,DSL,26,56.05,1457.3,80.78818605989217,0.009347568038153753,Loyal / High Value
0221-NAUXK,0,0.047196057,0.047196057,Low,One year,No,10,19.95,199.5,9.415613310411572,0.0009996632882324028,Low Priority
9770-KXGQU,0,0.10272851,0.10272851,Low,One year,Fiber optic,53,98.6,5225.799999999999,536.8386392638087,0.06270012932596203,Loyal / High Value
6437-UKHMV,1,0.68634045,0.68634045,High,Month-to-month,Fiber optic,7,79.7,557.9,382.909337747097,0.04337093694483483,Automated Retention
6538-POCHL,0,0.29139733,0.29139733,Low,Month-to-month,Fiber optic,33,79.0,2607.0,759.6728475093842,0.08840427813745491,Loyal / High Value
6726-NNFWD,0,0.03642272,0.03642272,Low,Two year,Fiber optic,71,89.45,6350.95,231.31886289101092,0.027034193992247768,Loyal / High Value
3002-WQZWT,0,0.46205905,0.46205905,Medium,Month-to-month,Fiber optic,29,74.2,2151.8,994.258665508032,0.11552559491666138,Loyal / High Value
4277-UDIEF,0,0.112219974,0.112219974,Low,Month-to-month,DSL,24,81.0,1944.0,218.15563023090363,0.025324209338921804,Loyal / High Value
1208-NBVFH,0,0.25359157,0.25359157,Low,Month-to-month,DSL,20,49.6,992.0,251.56283473968506,0.02892855791387617,Low Priority
4912-PIGUY,0,0.8694459,0.8694459,Critical,Month-to-month,Fiber optic,1,84.6,84.6,73.55512483119963,0.006705919628584196,Automated Retention
1114-CENIM,1,0.11946279,0.11946279,Low,Month-to-month,DSL,54,55.0,2970.0,354.80448067188263,0.04132579007121019,Loyal / High Value
6060-DRTNL,1,0.724295,0.724295,High,Month-to-month,Fiber optic,5,84.85,424.25,307.2821622788906,0.03442252155628114,Automated Retention
2725-TTRIQ,0,0.013117845,0.013117845,Low,Two year,DSL,72,84.2,6062.400000000001,79.5256245598197,0.009292832083484146,Loyal / High Value
3374-TTZTK,0,0.15942656,0.15942656,Low,Two year,Fiber optic,52,106.3,5527.599999999999,881.2462256252765,0.10294554182185055,Loyal / High Value
8990-ZXLSU,0,0.46344063,0.46344063,Medium,Month-to-month,Fiber optic,9,69.05,621.4499999999999,288.00517756193875,0.03273777355787897,Low Priority
2275-RBYQS,0,0.5732597,0.5732597,Medium,Month-to-month,DSL,1,45.4,45.4,26.025990891456605,0.001787404857424981,Low Priority
8473-VUVJN,1,0.84455115,0.84455115,Critical,Month-to-month,Fiber optic,1,73.65,73.65,62.20119190514088,0.005429907909762855,Automated Retention
6289-CPNLD,1,0.10627445,0.10627445,Low,One year,DSL,33,73.9,2438.7000000000003,259.17149715498095,0.030145060193909376,Loyal / High Value
5536-SLHPM,1,0.40506205,0.40506205,Medium,Month-to-month,Fiber optic,55,77.75,4276.25,1732.146589718759,0.20214406217012443,Loyal / High Value
4419-UJMUS,0,0.10498256,0.10498256,Low,Two year,Fiber optic,69,99.35,6855.15,719.6712123837322,0.08412621204652393,Loyal / High Value
7794-JASDG,0,0.4747494,0.4747494,Medium,Month-to-month,DSL,1,50.75,50.75,24.093531355261803,0.001777972957218556,Low Priority
7609-YBPXG,0,0.025626175,0.025626175,Low,Two year,DSL,54,87.1,4703.4,120.53015199154615,0.014071687441340184,Loyal / High Value
5519-TEEUH,0,0.026243333,0.026243333,Low,One year,No,33,20.15,664.9499999999999,17.450504127703606,0.0019876605250800355,Low Priority
7856-GANIL,0,0.16687347,0.16687347,Low,One year,Fiber optic,45,98.7,4441.5,741.1685167774558,0.08650966986384317,Loyal / High Value
0804-XBFBV,0,0.2957782,0.2957782,Low,Month-to-month,DSL,11,25.2,277.2,81.98971291780471,0.00895877286165796,Low Priority
2676-OXPPQ,0,0.21644102,0.21644102,Low,Month-to-month,DSL,6,55.7,334.20000000000005,72.33458900749685,0.008001863492187462,Low Priority
3703-TTEPD,0,0.12914564,0.12914564,Low,Month-to-month,DSL,21,65.35,1372.35,177.2330151490867,0.02049009250405343,Low Priority
2799-TSLAG,0,0.013072409,0.013072409,Low,Two year,No,65,25.3,1644.5,21.497576165944338,0.0024910698239066246,Loyal / High Value
0196-VULGZ,1,0.77333206,0.77333206,High,Month-to-month,Fiber optic,6,84.35,506.09999999999997,391.38335525393484,0.044172532883712375,Automated Retention
8837-VVWLQ,1,0.5294891,0.5294891,Medium,Month-to-month,Fiber optic,8,84.95,679.6,359.8407923460007,0.04101256532098508,Low Priority
2696-NARTR,1,0.45722404,0.45722404,Medium,Month-to-month,Fiber optic,11,73.85,812.3499999999999,371.4259498879313,0.04252978923397986,Low Priority
2208-NKVVH,0,0.01709835,0.01709835,Low,Two year,No,43,24.25,1042.75,17.82930493215099,0.002052214922130947,Low Priority
7614-QVWQL,1,0.124644175,0.124644175,Low,One year,DSL,49,51.8,2538.2,316.371845421195,0.03680942129219385,Loyal / High Value
1976-CFOCS,1,0.6881961,0.6881961,High,Month-to-month,DSL,1,46.0,46.0,31.657021641731262,0.002194173684356271,Automated Retention
4631-OACRM,1,0.6165804,0.6165804,High,Month-to-month,Fiber optic,15,79.4,1191.0,734.3472881913185,0.08471909885707646,Automated Retention
7139-JZFVG,0,0.013702657,0.013702657,Low,Two year,DSL,60,60.5,3630.0,49.74064517766237,0.005800243251204535,Loyal / High Value
4987-GQWPO,0,0.19020495,0.19020495,Low,Month-to-month,DSL,17,25.1,426.70000000000005,81.16045139133931,0.009094218675617272,Low Priority
3755-JBMNH,1,0.44382784,0.44382784,Medium,Month-to-month,Fiber optic,16,71.8,1148.8,509.86941995620725,0.0587872112489851,Low Priority
1757-TCATG,0,0.024297515,0.024297515,Low,One year,No,35,20.05,701.75,17.050781102385372,0.0019450942214101724,Low Priority
6345-ULYRW,1,0.15794429,0.15794429,Low,One year,Fiber optic,44,88.4,3889.6000000000004,614.3401175022126,0.07166292723366083,Loyal / High Value
4776-XSKYQ,0,0.09182406,0.09182406,Low,One year,DSL,12,30.25,363.0,33.33213456720114,0.0037047358165828354,Low Priority
8048-DSDFQ,0,0.33054298,0.33054298,Medium,Month-to-month,No,1,20.2,20.2,6.676968228816986,5.424326873997141e-05,Low Priority
5753-QQWPW,0,0.06891168,0.06891168,Low,One year,DSL,28,59.9,1677.2,115.57866816818715,0.01339590310874351,Loyal / High Value
6010-DDPPW,0,0.014441518,0.014441518,Low,Two year,No,70,25.15,1760.5,25.424292637966573,0.0029483299063955658,Loyal / High Value
1809-DMJHQ,1,0.3184609,0.3184609,Medium,Month-to-month,DSL,5,46.0,230.0,73.24600964784622,0.007883878529563668,Low Priority
6693-FRIRW,0,0.36879045,0.36879045,Medium,Month-to-month,Fiber optic,18,101.3,1823.3999999999999,672.4525023579597,0.07801003867462668,Loyal / High Value
6586-MYGKD,0,0.023892576,0.023892576,Low,Two year,DSL,70,76.95,5386.5,128.69735995028168,0.015032841748386285,Loyal / High Value
3173-NVMPX,0,0.24361943,0.24361943,Low,Month-to-month,DSL,9,55.3,497.7,121.24938886016606,0.013675607608656402,Low Priority
0248-PGHBZ,0,0.057043754,0.057043754,Low,Two year,Fiber optic,67,92.45,6194.150000000001,353.33756614066664,0.04129139436112818,Loyal / High Value
0623-GDISB,0,0.5132465,0.5132465,Medium,Month-to-month,DSL,1,48.45,48.45,24.866791793704035,0.0017837769636955595,Low Priority
2892-GESUL,0,0.02665012,0.02665012,Low,Two year,No,18,19.35,348.3,9.282236647233367,0.001029305888885885,Low Priority
6923-EFPNL,1,0.41464165,0.41464165,Medium,Month-to-month,DSL,4,51.75,207.0,85.83082124590874,0.009147078752523288,Low Priority
7472-EQOAV,0,0.047537036,0.047537036,Low,One year,Fiber optic,71,86.7,6155.7,292.62373398318886,0.03419566270886568,Loyal / High Value
9574-RKJIF,1,0.3921349,0.3921349,Medium,Month-to-month,Fiber optic,30,94.4,2832.0,1110.526050567627,0.12930817638271658,Loyal / High Value
2043-WVTQJ,0,0.45152098,0.45152098,Medium,Month-to-month,DSL,1,55.7,55.7,25.149718552827835,0.001952963726090607,Low Priority
8034-RYTVV,0,0.076063246,0.076063246,Low,One year,Fiber optic,55,84.25,4633.75,352.4580639973283,0.041146389134151376,Loyal / High Value
3863-QSTYI,0,0.11380881,0.11380881,Low,Month-to-month,DSL,59,64.65,3814.3500000000004,434.1066371351481,0.050633794951915674,Loyal / High Value
2619-WFQWU,1,0.75864136,0.75864136,High,Month-to-month,Fiber optic,1,70.15,70.15,53.218691557645805,0.004566325247148017,Automated Retention
5044-LRQAQ,0,0.5103581,0.5103581,Medium,Month-to-month,Fiber optic,7,69.2,484.40000000000003,247.21746129989626,0.027853376911890212,Low Priority
1716-LSAMB,0,0.017943686,0.017943686,Low,Two year,DSL,45,54.65,2459.25,44.12800948647782,0.005133002179299532,Loyal / High Value
1333-PBMXB,0,0.030442638,0.030442638,Low,One year,No,54,24.75,1336.5,40.68658611830324,0.004702065889656352,Low Priority
6546-OPBBH,0,0.027233355,0.027233355,Low,One year,No,51,23.95,1221.45,33.26418115608394,0.003839107521431309,Low Priority
5985-BEHZK,0,0.15228124,0.15228124,Low,One year,Fiber optic,72,105.0,7560.0,1151.246171593666,0.1346098185822211,Loyal / High Value
9127-QRZMH,0,0.04169056,0.04169056,Low,One year,DSL,44,59.85,2633.4,109.78791595101357,0.01277711616852792,Loyal / High Value
5919-VCZYM,0,0.15540612,0.15540612,Low,Month-to-month,No,2,20.05,40.1,6.231785309314728,0.0003880052397618683,Low Priority
9644-KVCNC,0,0.11892969,0.11892969,Low,One year,Fiber optic,66,92.15,6081.900000000001,723.3184914194048,0.08452299948624878,Loyal / High Value
2137-DQMEV,0,0.042744786,0.042744786,Low,One year,DSL,68,44.8,3046.3999999999996,130.2177146911621,0.015169508711889728,Loyal / High Value
8174-LNWMW,0,0.018678296,0.018678296,Low,Two year,No,31,20.9,647.9,12.101668209955095,0.0013773579611820264,Low Priority
9279-CJEOJ,0,0.5725916,0.5725916,Medium,Month-to-month,Fiber optic,21,95.4,2003.4,1147.130017054081,0.13320110827567028,Loyal / High Value
7964-VEXDG,0,0.32326275,0.32326275,Medium,Month-to-month,Fiber optic,21,80.35,1687.35,545.4574030727148,0.06322440727588015,Loyal / High Value
2404-JIBFC,0,0.0213153,0.0213153,Low,Two year,DSL,55,85.1,4680.5,99.76626556832343,0.011647310801831493,Loyal / High Value
0778-NELLA,1,0.38895398,0.38895398,Medium,Month-to-month,DSL,9,34.7,312.3,121.47032913565636,0.013381235258875936,Low Priority
8029-XYPWT,0,0.05199991,0.05199991,Low,Two year,Fiber optic,71,115.05,8168.55,424.76387843862176,0.04967487341749138,Loyal / High Value
4614-NUVZD,1,0.83416414,0.83416414,Critical,Month-to-month,Fiber optic,1,81.1,81.1,67.6507119655609,0.006091572824985749,Automated Retention
4632-PAOYU,0,0.026659973,0.026659973,Low,One year,No,22,19.95,438.9,11.701062134653329,0.00131281116875678,Low Priority
3803-KMQFW,1,0.31893623,0.31893623,Medium,Month-to-month,No,1,20.55,20.55,6.5541395008564,6.542319958695592e-05,Low Priority
6804-GDMOI,1,0.20561318,0.20561318,Low,Two year,Fiber optic,61,106.6,6502.599999999999,1337.0202707380056,0.15626813847234852,Loyal / High Value
2990-OGYTD,0,0.022337722,0.022337722,Low,Two year,DSL,67,86.15,5772.05,128.93444631183522,0.015064058648796582,Loyal / High Value
6646-JPPHA,0,0.3560195,0.3560195,Medium,Month-to-month,Fiber optic,14,78.85,1103.8999999999999,393.0099226474762,0.04528281555999424,Low Priority
9572-MTILT,1,0.28422084,0.28422084,Low,Month-to-month,Fiber optic,59,106.75,6298.25,1790.093933917582,0.20920275952279235,Loyal / High Value
7658-UYUQS,0,0.3482231,0.3482231,Medium,Month-to-month,Fiber optic,21,86.55,1817.55,632.9128775417804,0.07342065400489384,Loyal / High Value
7880-XSOJX,0,0.26968417,0.26968417,Low,Month-to-month,DSL,4,42.4,169.6,45.73843450546264,0.004767016620170506,Low Priority
9611-CTWIH,1,0.7467753,0.7467753,High,Month-to-month,Fiber optic,3,89.45,268.35,200.39715956747534,0.021844263805812874,Automated Retention
4589-IUAJB,0,0.013464892,0.013464892,Low,Two year,No,70,24.25,1697.5,22.85665465053171,0.0026495117539865162,Loyal / High Value
0329-GTIAJ,1,0.73484486,0.73484486,High,Month-to-month,Fiber optic,3,97.9,293.70000000000005,215.82393638491635,0.023678832163437587,Automated Retention
8746-BFOAJ,0,0.033826023,0.033826023,Low,One year,No,21,20.5,430.5,14.562103047966957,0.001632381588659359,Low Priority
8457-XIGKN,0,0.088661134,0.088661134,Low,Month-to-month,No,20,19.6,392.0,34.7551646232605,0.0038785089201392392,Low Priority
6072-NUQCB,0,0.026722407,0.026722407,Low,One year,No,22,20.25,445.5,11.90483230445534,0.001336558872544076,Low Priority
6629-CZTTH,1,0.57711583,0.57711583,Medium,Month-to-month,DSL,1,55.7,55.7,32.14535194039345,0.0024961991590536454,Low Priority
8838-GPHZP,0,0.01243185,0.01243185,Low,Two year,No,63,20.6,1297.8000000000002,16.134054573811593,0.0018637865480789755,Low Priority
8750-QWZAJ,0,0.012771591,0.012771591,Low,Two year,No,70,19.8,1386.0,17.701424589380622,0.0020467599734925266,Low Priority
5364-EVNIB,1,0.5451866,0.5451866,Medium,Month-to-month,Fiber optic,13,79.8,1037.3999999999999,565.576557290554,0.06509366204063648,Low Priority
6918-UMQCG,0,0.6417006,0.6417006,High,Month-to-month,Fiber optic,5,80.2,401.0,257.3219507932663,0.028748356507335128,Automated Retention
0675-NCDYU,0,0.022725321,0.022725321,Low,Two year,Fiber optic,72,116.4,8380.800000000001,190.45637319087984,0.022274608161741982,Loyal / High Value
6339-DKLMK,0,0.40989068,0.40989068,Medium,Month-to-month,DSL,13,31.65,411.45,168.64952090531588,0.018865291646312128,Low Priority
1346-PJWTK,0,0.12031276,0.12031276,Low,Month-to-month,Fiber optic,61,94.15,5743.150000000001,690.9742149021478,0.08072865892907141,Loyal / High Value
5088-QZLRL,0,0.3153154,0.3153154,Medium,Month-to-month,No,1,20.65,20.65,6.511262919008732,6.837648652572196e-05,Low Priority
8023-QHAIO,0,0.23186663,0.23186663,Low,Month-to-month,Fiber optic,56,76.85,4303.599999999999,997.8612199664115,0.11645514433623609,Loyal / High Value
4397-FRLTA,0,0.13499784,0.13499784,Low,Month-to-month,No,4,20.15,80.6,10.88082628250122,0.0009779241844307454,Low Priority
3057-VJJQE,0,0.021610685,0.021610685,Low,Two year,DSL,35,55.25,1933.75,41.78966152481735,0.004850827627132359,Loyal / High Value
5087-SUURX,1,0.4666403,0.4666403,Medium,Month-to-month,DSL,18,39.05,702.9,328.00146237015724,0.03741895921447294,Low Priority
2302-OUZXB,0,0.019114928,0.019114928,Low,Two year,DSL,72,82.15,5914.8,113.06097802743317,0.013210523416988957,Loyal / High Value
8133-ANHHJ,0,0.17028032,0.17028032,Low,One year,Fiber optic,49,103.0,5047.0,859.4047873169184,0.1003614400383518,Loyal / High Value
2270-CHBFN,0,0.22172333,0.22172333,Low,Month-to-month,Fiber optic,44,95.1,4184.4,927.7791146099567,0.10826269644944851,Loyal / High Value
0013-EXCHZ,1,0.6829668,0.6829668,High,Month-to-month,Fiber optic,3,83.9,251.70000000000002,171.90275069475175,0.018644853516720062,Automated Retention
5982-FPVQN,0,0.42270762,0.42270762,Medium,Month-to-month,Fiber optic,37,95.15,3520.55,1488.163302025199,0.1735062357957006,Loyal / High Value
9107-UKCKY,0,0.12963782,0.12963782,Low,One year,DSL,61,79.8,4867.8,631.0509924083948,0.07368410087036162,Loyal / High Value
4654-ULTTN,0,0.02329032,0.02329032,Low,Two year,DSL,70,74.8,5236.0,121.94811221212149,0.014243043675918806,Loyal / High Value
5550-VFRLC,1,0.8314482,0.8314482,Critical,Month-to-month,Fiber optic,1,69.85,69.85,58.07665658593177,0.004975317713272857,Automated Retention
5546-BYZSM,0,0.076292664,0.076292664,Low,Month-to-month,No,41,20.45,838.4499999999999,63.967583973705764,0.007329951459821383,Low Priority
1492-KGETH,0,0.06489955,0.06489955,Low,One year,DSL,70,78.35,5484.5,355.94157587736845,0.04157931643359317,Loyal / High Value
4929-BSTRX,1,0.59848803,0.59848803,Medium,Month-to-month,DSL,1,53.55,53.55,32.04903415739536,0.0024378116959419493,Low Priority
4163-HFTUK,0,0.040909205,0.040909205,Low,One year,No,51,19.1,974.1,39.849656232073905,0.004580898722921919,Low Priority
8215-NGSPE,0,0.014165552,0.014165552,Low,Two year,No,42,20.0,840.0,11.89906395971775,0.001363553963786736,Low Priority
2225-ZRGSG,1,0.083925664,0.083925664,Low,Two year,Fiber optic,70,93.9,6573.0,551.643392264843,0.06447693053423374,Loyal / High Value
8859-YSTWS,0,0.02549605,0.02549605,Low,One year,No,48,19.95,957.5999999999999,24.41501816511154,0.0028056653708342493,Low Priority
5271-YNWVR,1,0.07333428,0.07333428,Low,Two year,Fiber optic,68,113.15,7694.200000000001,564.2485916018486,0.06597781170296517,Loyal / High Value
7601-DHFWZ,0,0.020697113,0.020697113,Low,Two year,No,48,24.0,1152.0,23.843074321746826,0.002749199244533983,Low Priority
2657-ALMWY,1,0.37447605,0.37447605,Medium,Month-to-month,Fiber optic,26,84.95,2208.7000000000003,827.1052414089443,0.09612540929247775,Loyal / High Value
6330-JKLPC,1,0.56300277,0.56300277,Medium,Month-to-month,Fiber optic,11,80.5,885.5,498.5389485657215,0.057196466684682375,Low Priority
4667-OHGKG,1,0.30644336,0.30644336,Medium,Month-to-month,No,1,19.3,19.3,5.914356914162636,1.7960155864832367e-05,Low Priority
1998-VHJHK,0,0.023687797,0.023687797,Low,One year,No,27,19.15,517.05,12.247775266785174,0.0013834448482559862,Low Priority
1707-HABPF,0,0.13827752,0.13827752,Low,One year,Fiber optic,46,91.3,4199.8,580.7379107266664,0.06776752314213816,Loyal / High Value
1660-HSOOQ,1,0.56812173,0.56812173,Medium,Month-to-month,DSL,1,49.65,49.65,28.207243958115576,0.002054406813816052,Low Priority
7253-UVNDW,1,0.028246198,0.028246198,Low,Two year,DSL,46,54.35,2500.1,70.6183192435652,0.008215408233776533,Loyal / High Value
0487-VVUVK,0,0.06792077,0.06792077,Low,Month-to-month,No,25,19.15,478.74999999999994,32.517067091539495,0.003661871328329861,Low Priority
7228-OMTPN,1,0.7398292,0.7398292,High,Month-to-month,Fiber optic,4,88.45,353.8,261.7515648126602,0.02905133816805533,Automated Retention
5063-IUOKK,0,0.025288124,0.025288124,Low,Two year,No,13,19.75,256.75,6.49272574391216,0.0007053297331592658,Low Priority
4508-OEBEY,0,0.07735314,0.07735314,Low,One year,DSL,31,75.5,2340.5,181.04502932354808,0.02105105849706399,Loyal / High Value
0027-KWYKW,0,0.5175011,0.5175011,Medium,Month-to-month,Fiber optic,23,83.75,1926.25,996.8365243077278,0.11570558694330312,Loyal / High Value
2308-STERM,0,0.16474447,0.16474447,Low,Month-to-month,No,2,19.4,38.8,6.392085301876068,0.00038621639756000937,Low Priority
5982-XMDEX,0,0.015205926,0.015205926,Low,Two year,No,65,26.5,1722.5,26.192207986023277,0.0030366579815618716,Loyal / High Value
6284-AHOOQ,1,0.40956393,0.40956393,Medium,Month-to-month,Fiber optic,22,90.5,1991.0,815.4417823255062,0.09468093356893124,Loyal / High Value
6051-PTVNS,0,0.025257478,0.025257478,Low,One year,No,55,19.15,1053.25,26.60243821563199,0.0030625934965702595,Low Priority
2344-JMOGN,1,0.5638893,0.5638893,Medium,Month-to-month,Fiber optic,9,94.85,853.65,481.36412200033664,0.055181334712189764,Low Priority
3799-ISUZQ,1,0.49856573,0.49856573,Medium,Month-to-month,Fiber optic,7,69.95,489.65000000000003,244.12271137535575,0.027516606759520307,Low Priority
2877-VDUER,0,0.05544631,0.05544631,Low,One year,DSL,35,40.9,1431.5,79.37139538675547,0.009181475610034198,Loyal / High Value
9152-AMKAK,0,0.047094263,0.047094263,Low,Two year,DSL,6,80.25,481.5,22.67588770017028,0.0025542145950401118,Low Priority
1794-HBQTJ,1,0.5063176,0.5063176,Medium,Month-to-month,DSL,1,48.6,48.6,24.607036113739014,0.0017685981974598166,Low Priority
9432-VOFYX,0,0.48579898,0.48579898,Medium,Month-to-month,Fiber optic,17,70.8,1203.6,584.7076580643653,0.0674670195459917,Low Priority
8049-WJCLQ,0,0.19423479,0.19423479,Low,Month-to-month,DSL,10,60.2,602.0,116.92934262752533,0.013278053334263688,Low Priority
6586-PSJOX,0,0.07073924,0.07073924,Low,One year,DSL,15,55.2,828.0,58.57209026813507,0.006709746878093914,Low Priority
2460-FPSYH,1,0.33072162,0.33072162,Medium,Month-to-month,DSL,40,55.8,2232.0,738.1706485748291,0.08579720111825102,Loyal / High Value
9705-ZJBCG,0,0.0638189,0.0638189,Low,One year,DSL,13,54.15,703.9499999999999,44.92531590610742,0.005125365781214224,Low Priority
4818-DRBQT,1,0.3394944,0.3394944,Medium,Month-to-month,Fiber optic,29,80.15,2324.3500000000004,789.1038253217937,0.09174809293732025,Loyal / High Value
1320-HTRDR,1,0.7367692,0.7367692,High,Month-to-month,Fiber optic,3,75.5,226.5,166.87822365760803,0.01793733152539231,Automated Retention
6847-KJLTS,0,0.33895892,0.33895892,Medium,Month-to-month,Fiber optic,58,100.4,5823.200000000001,1973.8255774021152,0.23061857062593855,Loyal / High Value
9670-BPNXF,0,0.047623504,0.047623504,Low,One year,DSL,45,62.55,2814.75,134.04825775232166,0.01560776161360666,Loyal / High Value
3913-FCUUW,0,0.0120368805,0.0120368805,Low,Two year,DSL,72,70.45,5072.400000000001,61.05587253794075,0.0071302488729544965,Loyal / High Value
3301-VKTGC,0,0.058728673,0.058728673,Low,One year,Fiber optic,68,85.5,5814.0,341.44850228726864,0.039894083275865626,Loyal / High Value
1493-AMTIE,1,0.41342834,0.41342834,Medium,Month-to-month,No,1,20.2,20.2,8.351252394914626,6.784504769958229e-05,Low Priority
9555-SAHUZ,0,0.1096843,0.1096843,Low,Month-to-month,DSL,38,54.5,2071.0,227.15619234740734,0.026384814263343114,Loyal / High Value
0816-TSPHQ,0,0.1461816,0.1461816,Low,Month-to-month,No,2,20.75,41.5,6.066536329686642,0.0003889631331511909,Low Priority
9932-WBWIK,0,0.100821376,0.100821376,Low,Month-to-month,No,11,20.35,223.85000000000002,22.56886498332024,0.00242327258971765,Low Priority
4619-EVPHY,0,0.2658554,0.2658554,Low,One year,Fiber optic,20,91.0,1820.0,483.8568311929703,0.05613029229651021,Loyal / High Value
5286-YHCVC,0,0.09928107,0.09928107,Low,Two year,Fiber optic,72,104.8,7545.599999999999,749.1352615356445,0.08759245796259058,Loyal / High Value
6424-ELEYH,1,0.7031726,0.7031726,High,Month-to-month,Fiber optic,3,74.75,224.25,157.6864609569311,0.016933938440505555,Automated Retention
4391-RESHN,1,0.4937496,0.4937496,Medium,Month-to-month,Fiber optic,23,104.05,2393.15,1181.6168282642961,0.13741728432063607,Loyal / High Value
9115-YQHGA,0,0.14255437,0.14255437,Low,Month-to-month,DSL,40,51.1,2044.0,291.3811374902725,0.03384062210314495,Loyal / High Value
4462-CYWMH,0,0.22265907,0.22265907,Low,Month-to-month,Fiber optic,62,89.8,5567.599999999999,1239.6766176402568,0.1448202629399675,Loyal / High Value
8963-MQVYN,0,0.105039895,0.105039895,Low,Month-to-month,No,22,20.55,452.1,47.48853633999825,0.005334980579740064,Low Priority
2458-EOMRE,0,0.16918157,0.16918157,Low,Month-to-month,DSL,11,64.05,704.55,119.19687543287873,0.013599055456343425,Low Priority
9334-GWGOW,0,0.69143146,0.69143146,High,Month-to-month,Fiber optic,7,74.85,523.9499999999999,362.27551491558546,0.04094108723457524,Automated Retention
6821-BUXUX,1,0.65290314,0.65290314,High,Month-to-month,Fiber optic,13,96.65,1256.45,820.3401497393846,0.09471886378411827,Automated Retention
5028-HTLJB,1,0.46448812,0.46448812,Medium,Month-to-month,No,1,20.05,20.05,9.3129867836833,6.805726610660687e-05,Low Priority
9801-GDWGV,1,0.5617493,0.5617493,Medium,Month-to-month,Fiber optic,39,103.45,4034.55,2266.4055556029084,0.2644229028915423,Loyal / High Value
6542-LWGXJ,0,0.45606232,0.45606232,Medium,Month-to-month,DSL,3,25.0,75.0,34.204673767089844,0.0030043490024231827,Low Priority
5567-GZKQY,0,0.0176811,0.0176811,Low,Two year,No,58,20.3,1177.4,20.817726521193983,0.002401223960412919,Low Priority
1222-LRYKO,0,0.12928604,0.12928604,Low,Month-to-month,No,6,26.35,158.10000000000002,20.440122275054456,0.002111021286597656,Low Priority
2320-JRSDE,1,0.48026663,0.48026663,Medium,Month-to-month,No,1,19.9,19.9,9.557305949926375,6.192485157006308e-05,Low Priority
2087-QAREY,0,0.16667163,0.16667163,Low,Month-to-month,DSL,22,54.7,1203.4,200.5726440191269,0.0231431940764703,Low Priority
0601-WZHJF,1,0.41678166,0.41678166,Medium,Month-to-month,DSL,14,46.35,648.9,270.4496217012405,0.030782788637005464,Low Priority
4423-JWZJN,0,0.10982389,0.10982389,Low,One year,Fiber optic,64,90.25,5776.0,634.3427888154984,0.0741136182111458,Loyal / High Value
5143-WMWOG,1,0.3883424,0.3883424,Medium,Month-to-month,No,1,19.95,19.95,7.74743108600378,5.234829471526913e-05,Low Priority
6490-FGZAT,0,0.10377978,0.10377978,Low,Month-to-month,No,6,20.65,123.89999999999999,12.858314479887484,0.001278513533343398,Low Priority
5393-RXQSZ,1,0.80803835,0.80803835,Critical,Month-to-month,Fiber optic,1,79.6,79.6,64.31985297203063,0.005758712949917357,Automated Retention
7452-FOLON,0,0.031867176,0.031867176,Low,One year,No,39,25.45,992.55,31.629765830934048,0.003637315139323976,Low Priority
2320-TZRRH,0,0.032674007,0.032674007,Low,One year,No,20,19.5,390.0,12.742862775921822,0.0014216747283041253,Low Priority
0231-LXVAP,1,0.71094173,0.71094173,High,Month-to-month,Fiber optic,1,75.9,75.9,53.96047745347023,0.0047583895458072,Automated Retention
9444-JTXHZ,1,0.7950869,0.7950869,High,Month-to-month,Fiber optic,1,76.2,76.2,60.58562332391739,0.00534953924688243,Automated Retention
4942-VZZOM,0,0.044053357,0.044053357,Low,One year,DSL,64,66.15,4233.6,186.50429259538652,0.021764357825629386,Loyal / High Value
5510-BOIUJ,1,0.21486984,0.21486984,Low,Month-to-month,No,1,19.25,19.25,4.136244457215071,1.1333860285770177e-05,Low Priority
7502-BNYGS,0,0.1547501,0.1547501,Low,Month-to-month,DSL,46,69.1,3178.6,491.8886482089758,0.05731659631062486,Loyal / High Value
4291-HYEBC,0,0.20145808,0.20145808,Low,One year,DSL,28,39.1,1094.8,220.5563077390194,0.025408957216438724,Low Priority
6147-CBCRA,0,0.060614076,0.060614076,Low,Month-to-month,No,33,20.05,661.65,40.1053030623123,0.004567441677922503,Low Priority
6047-SUHPR,0,0.07146969,0.07146969,Low,One year,DSL,39,59.8,2332.2,166.68160384744405,0.019380388894088323,Loyal / High Value
4471-KXAUH,1,0.39692664,0.39692664,Medium,Month-to-month,Fiber optic,42,84.3,3540.6,1405.3584667682646,0.16385693055006764,Loyal / High Value
9752-ZNQUT,0,0.621238,0.621238,High,Month-to-month,DSL,1,48.6,48.6,30.192166471481325,0.0021700220600340656,Automated Retention
7638-QVMVY,1,0.68292165,0.68292165,High,Month-to-month,Fiber optic,7,79.0,553.0,377.6556713581085,0.042762652894695816,Automated Retention
1576-PFZIW,0,0.14239244,0.14239244,Low,Two year,Fiber optic,70,105.35,7374.5,1050.0730608031154,0.12277242157029074,Loyal / High Value
5666-MBJPT,0,0.015107503,0.015107503,Low,Two year,No,65,25.1,1631.5,24.64789140690118,0.0028558550201000436,Loyal / High Value
7312-XSBAT,0,0.5147822,0.5147822,Medium,Month-to-month,DSL,1,49.75,49.75,25.61041396856308,0.0018675577633267312,Low Priority
3096-GKWEB,0,0.6527223,0.6527223,High,Month-to-month,Fiber optic,18,94.75,1705.5,1113.2178811132908,0.12904945399125914,Priority Retention
2371-JQHZZ,0,0.60099953,0.60099953,High,Month-to-month,Fiber optic,24,93.0,2232.0,1341.4309601783752,0.15591384200777492,Priority Retention
0674-GCDXG,0,0.017593877,0.017593877,Low,Two year,DSL,63,71.9,4529.700000000001,79.69498641360552,0.009302820414323074,Loyal / High Value
1121-QSIVB,0,0.1020562,0.1020562,Low,One year,DSL,44,77.55,3412.2,348.236158208549,0.04059423078693426,Loyal / High Value
4396-KLSEH,0,0.19573525,0.19573525,Low,Month-to-month,No,4,19.85,79.4,15.541378527879717,0.0013903736759365633,Low Priority
3244-DCJWY,1,0.81097,0.81097,Critical,Month-to-month,Fiber optic,1,70.25,70.25,56.97064308822155,0.004890801637613027,Automated Retention
2824-MYYBN,0,0.518615,0.518615,Medium,Month-to-month,Fiber optic,37,95.25,3524.25,1827.7289398312569,0.21309768586976358,Loyal / High Value
0875-CABNR,1,0.6305027,0.6305027,High,Month-to-month,Fiber optic,10,84.6,846.0,533.4052848815918,0.061134639219153845,Automated Retention
6345-HOVES,0,0.20189418,0.20189418,Low,Month-to-month,DSL,34,25.05,851.7,171.95327224284412,0.019710903703804503,Low Priority
8318-LCNBW,0,0.12326017,0.12326017,Low,One year,DSL,35,53.15,1860.25,229.29473165422678,0.026605570195759775,Loyal / High Value
6469-QJKZW,0,0.15297383,0.15297383,Low,Month-to-month,No,4,20.15,80.6,12.329690754413605,0.0011081422000720996,Low Priority
0147-ESWWR,0,0.5084661,0.5084661,Medium,Month-to-month,Fiber optic,39,101.25,3948.75,2007.8056092560291,0.2342280624196805,Loyal / High Value
1217-VASWC,0,0.27206963,0.27206963,Low,One year,Fiber optic,43,100.55,4323.65,1176.3338687509297,0.13728654346989838,Loyal / High Value
7812-FZHPE,1,0.102118105,0.102118105,Low,Month-to-month,No,17,24.1,409.70000000000005,41.837787494063384,0.004679056536685745,Low Priority
6370-ZVHDV,0,0.015088237,0.015088237,Low,Two year,No,61,25.3,1543.3,23.28567599346861,0.002696222939319536,Loyal / High Value
5915-DGNVC,0,0.07947642,0.07947642,Low,One year,DSL,49,71.8,3518.2,279.61395337432623,0.03260031374383072,Loyal / High Value
6260-XLACS,0,0.055566255,0.055566255,Low,One year,No,4,19.7,78.8,4.378620894253253,0.000390797929973841,Low Priority
3566-CAAYU,0,0.05571793,0.05571793,Low,Two year,DSL,64,49.85,3190.4,177.76248450279238,0.020713966079223944,Loyal / High Value
4983-CCWMC,0,0.5728057,0.5728057,Medium,Month-to-month,Fiber optic,3,69.6,208.79999999999998,119.60183072090148,0.012757066240434971,Low Priority
9103-CXVOK,0,0.34437883,0.34437883,Medium,Month-to-month,No,1,19.75,19.75,6.801481872797012,3.834863648165101e-05,Low Priority
2896-TBNBE,0,0.15473573,0.15473573,Low,One year,Fiber optic,40,80.8,3232.0,500.10587644577026,0.058279825199118736,Loyal / High Value
4797-AXPXK,1,0.43297696,0.43297696,Medium,Month-to-month,DSL,1,60.0,60.0,25.978617668151855,0.002090989637893568,Low Priority
5229-PRWKT,1,0.74683326,0.74683326,High,Month-to-month,Fiber optic,8,86.55,692.4,517.107352566719,0.05896789281554268,Automated Retention
6982-UQZLY,1,0.5576708,0.5576708,Medium,Month-to-month,No,1,20.85,20.85,11.627435597777367,0.00013400519068303276,Low Priority
2522-WLNSF,0,0.06800224,0.06800224,Low,One year,DSL,34,64.2,2182.8,148.43528700470927,0.01724925507712391,Loyal / High Value
3841-CONLJ,0,0.68577933,0.68577933,High,Month-to-month,DSL,1,35.0,35.0,24.00227665901184,0.0013022347614001439,Automated Retention
5057-LCOUI,1,0.34769502,0.34769502,Medium,Month-to-month,DSL,39,50.75,1979.25,688.1753739193082,0.07989951091174341,Loyal / High Value
0193-ESZXP,1,0.24668041,0.24668041,Low,One year,Fiber optic,58,105.5,6119.0,1509.4374209344387,0.1763878269470384,Loyal / High Value
4475-NVTLU,0,0.02561341,0.02561341,Low,Two year,No,45,19.2,864.0,22.129986584186554,0.002537562648712644,Low Priority
4369-HTUIF,1,0.5763025,0.5763025,Medium,Month-to-month,Fiber optic,6,85.15,510.90000000000003,294.43296175003053,0.03324250682394753,Low Priority
9386-LDCZR,0,0.07074277,0.07074277,Low,One year,Fiber optic,43,90.65,3897.9500000000003,275.7517843343318,0.032166848771448056,Loyal / High Value
9585-KKMFD,0,0.014382863,0.014382863,Low,Two year,No,41,20.0,820.0,11.793948002159595,0.0013507537239679014,Low Priority
5399-ZIMKF,0,0.6159636,0.6159636,High,Month-to-month,Fiber optic,5,74.65,373.25,229.90840557217598,0.025591744455828173,Automated Retention
0336-KXKFK,0,0.015902355,0.015902355,Low,Two year,DSL,72,61.2,4406.400000000001,70.07213845252991,0.008178588495480102,Loyal / High Value
5619-XZZKR,0,0.051584575,0.051584575,Low,One year,No,4,19.95,79.8,4.116449110955,0.00036884132300734804,Low Priority
3948-FVVRP,0,0.13747525,0.13747525,Low,Month-to-month,DSL,9,54.8,493.2,67.8027943611145,0.0076446759682889266,Low Priority
5327-XOKKY,0,0.032880917,0.032880917,Low,Two year,DSL,72,73.45,5288.400000000001,173.88744247555735,0.020310071412269905,Loyal / High Value
0983-TATYJ,0,0.043799732,0.043799732,Low,One year,DSL,33,51.45,1697.8500000000001,74.36537477318198,0.008620351159723129,Loyal / High Value
1813-JYWTO,0,0.015647497,0.015647497,Low,Two year,Fiber optic,72,80.45,5792.400000000001,90.63656178563834,0.010589646103890403,Loyal / High Value
0156-FVPTA,1,0.23009348,0.23009348,Low,Month-to-month,DSL,22,54.2,1192.4,274.36346454620366,0.031652957044502716,Low Priority
1984-FCOWB,1,0.35901,0.35901,Medium,One year,Fiber optic,70,109.5,7665.0,2751.8117339909077,0.32176743550554465,Loyal / High Value
0654-HMSHN,1,0.50573856,0.50573856,Medium,Month-to-month,Fiber optic,21,104.4,2192.4,1108.7812110185623,0.1288533062357609,Loyal / High Value
6719-OXYBR,0,0.5011938,0.5011938,Medium,Month-to-month,Fiber optic,15,85.3,1279.5,641.277494519949,0.07406402975865775,Low Priority
3312-ZWLGF,0,0.41704458,0.41704458,Medium,Month-to-month,Fiber optic,29,79.3,2299.7,959.0774205863476,0.11150095912446918,Loyal / High Value
6476-YHMGA,0,0.18572465,0.18572465,Low,Month-to-month,DSL,15,76.5,1147.5,213.1190311163664,0.024571854812257266,Low Priority
5287-QWLKY,1,0.25160134,0.25160134,Low,Month-to-month,Fiber optic,71,105.1,7462.099999999999,1877.4743471741674,0.21951709513462356,Loyal / High Value
0795-XCCTE,0,0.015680848,0.015680848,Low,Two year,No,72,25.4,1828.8,28.677134254574774,0.0033268865245231617,Loyal / High Value
0168-XZKBB,0,0.62573355,0.62573355,High,Month-to-month,Fiber optic,19,86.85,1650.1499999999999,1032.5542247325182,0.11965379242199091,Priority Retention
3785-NRHYR,0,0.3311365,0.3311365,Medium,Month-to-month,No,1,19.65,19.65,6.50683212429285,3.2992547431042566e-05,Low Priority
5196-SGOAK,1,0.8157173,0.8157173,Critical,Month-to-month,Fiber optic,1,75.7,75.7,61.74979808926582,0.005440537465648238,Automated Retention
4537-DKTAL,0,0.513304,0.513304,Medium,Month-to-month,DSL,2,45.55,91.1,46.76199395656585,0.004350135836468007,Low Priority
7072-MBHEV,0,0.586091,0.586091,Medium,Month-to-month,Fiber optic,11,78.1,859.0999999999999,503.5107626020908,0.057728367889773674,Low Priority
5602-BVFMK,0,0.047027055,0.047027055,Low,One year,No,12,19.3,231.60000000000002,10.891465978324414,0.00117303044601593,Low Priority
6297-NOOPG,0,0.113604635,0.113604635,Low,Two year,Fiber optic,70,110.5,7735.0,878.7318517267704,0.10275179161064868,Loyal / High Value
1891-UAWWU,1,0.5291581,0.5291581,Medium,Month-to-month,Fiber optic,20,90.8,1816.0,960.9511375427246,0.1114735283399111,Loyal / High Value
8204-TIFGJ,0,0.077583216,0.077583216,Low,Month-to-month,No,23,20.3,466.90000000000003,36.22360361143947,0.004075046786874259,Low Priority
8050-DVOJX,0,0.041925956,0.041925956,Low,Two year,DSL,49,81.35,3986.1499999999996,167.12314777057617,0.01949725007103069,Loyal / High Value
6108-OQZDQ,1,0.8181714,0.8181714,Critical,Month-to-month,Fiber optic,4,97.95,391.8,320.5595474481583,0.03577198113600562,Automated Retention
0363-QJVFX,1,0.28820273,0.28820273,Low,Month-to-month,Fiber optic,32,108.15,3460.8,997.4120176792145,0.11627834376202027,Loyal / High Value
8903-XEBGX,0,0.5217453,0.5217453,Medium,Month-to-month,DSL,2,55.3,110.6,57.70503284931183,0.005614241930276758,Low Priority
8169-SAEJD,0,0.036050208,0.036050208,Low,Two year,DSL,69,56.55,3901.95,140.6661087658256,0.0164089887538755,Loyal / High Value
9840-DVNDC,1,0.6362754,0.6362754,High,Month-to-month,Fiber optic,6,80.5,483.0,307.3210233449936,0.03462104342000339,Automated Retention
1089-XZWHH,0,0.018800063,0.018800063,Low,Two year,No,24,19.7,472.79999999999995,8.888669814169406,0.0010004722229774482,Low Priority
2325-WINES,0,0.29791775,0.29791775,Low,One year,Fiber optic,32,104.05,3329.6,991.9469519138336,0.11561633746118044,Loyal / High Value
6064-ZATLR,0,0.022820178,0.022820178,Low,Two year,DSL,27,52.85,1426.95,32.563253595493734,0.0037666722432025887,Loyal / High Value
3096-JRDSO,1,0.4329525,0.4329525,Medium,Month-to-month,Fiber optic,27,104.3,2816.1,1219.237516745925,0.14196103829114967,Loyal / High Value
7824-PANSQ,0,0.15844148,0.15844148,Low,Month-to-month,Fiber optic,58,80.65,4677.700000000001,741.1417295873166,0.0865251113194623,Loyal / High Value
8042-JVNFH,1,0.75566876,0.75566876,High,Month-to-month,Fiber optic,1,71.35,71.35,53.91696597933769,0.004654725396618615,Automated Retention
9648-BCHKM,0,0.026470684,0.026470684,Low,Two year,No,18,24.65,443.7,11.745042275637388,0.0013183835129353474,Low Priority
2888-ADFAO,0,0.015621972,0.015621972,Low,Two year,No,47,21.3,1001.1,15.639156439807266,0.0017987461741754312,Low Priority
8707-HOEDG,0,0.12649329,0.12649329,Low,Two year,Fiber optic,70,110.2,7714.0,975.7692395746708,0.11409780168339934,Loyal / High Value
3374-LXDEV,1,0.50035524,0.50035524,Medium,Month-to-month,Fiber optic,13,89.4,1162.2,581.5128642082215,0.06706045874284786,Low Priority
4072-IPYLT,0,0.091870464,0.091870464,Low,Month-to-month,DSL,36,51.05,1837.8,168.83953944593668,0.01958837850660013,Loyal / High Value
7167-PCEYD,0,0.014285418,0.014285418,Low,Two year,No,67,19.8,1326.6000000000001,18.951035790704193,0.0021898994195952365,Low Priority
4936-YPJNK,0,0.117353596,0.117353596,Low,Month-to-month,No,10,19.9,199.0,23.353365562856197,0.0024787975855616027,Low Priority
1580-BMCMR,0,0.43394157,0.43394157,Medium,Month-to-month,Fiber optic,19,87.3,1658.7,719.7788869768382,0.08341391426835988,Loyal / High Value
4817-KEQSP,0,0.011600073,0.011600073,Low,Two year,No,71,19.85,1409.3500000000001,16.348563484288754,0.001890763562436922,Loyal / High Value
6408-WHTEF,0,0.012448059,0.012448059,Low,Two year,DSL,72,89.4,6436.8,80.12566871345044,0.009364643332336045,Loyal / High Value
9251-AWQGT,0,0.014565158,0.014565158,Low,Two year,No,48,20.0,960.0,13.982551395893097,0.001606893101914954,Low Priority
8749-CLJXC,0,0.35376236,0.35376236,Medium,Month-to-month,No,1,20.05,20.05,7.092935286462307,5.1833616376806274e-05,Low Priority
7989-VCQOH,0,0.17340122,0.17340122,Low,Month-to-month,DSL,18,83.25,1498.5,259.84173061698675,0.030075697164559163,Loyal / High Value
5049-GLYVG,1,0.30244076,0.30244076,Medium,Month-to-month,No,1,20.6,20.6,6.230279707908631,6.381205135686724e-05,Low Priority
4199-QHJNM,0,0.09622566,0.09622566,Low,Two year,Fiber optic,67,102.9,6894.3,663.4085440836847,0.07755057925499195,Loyal / High Value
8882-TLVRW,0,0.013856016,0.013856016,Low,Two year,DSL,69,39.1,2697.9,37.38214583471417,0.004351281499911437,Loyal / High Value
5883-GTGVD,1,0.6969212,0.6969212,High,Month-to-month,Fiber optic,19,99.95,1899.05,1323.4882606208323,0.15359927577700883,Priority Retention
5135-GRQJV,0,0.03139768,0.03139768,Low,Two year,Fiber optic,72,114.5,8244.0,258.8424877971411,0.030271498895992944,Loyal / High Value
2384-OVPSA,0,0.025104823,0.025104823,Low,Two year,No,38,20.2,767.6,19.270461820811033,0.0022034990571198924,Low Priority
1371-WEPDS,0,0.13200761,0.13200761,Low,One year,DSL,40,55.8,2232.0,294.64099395275116,0.034245973698157656,Loyal / High Value
3580-GICBM,0,0.012653048,0.012653048,Low,Two year,No,61,24.2,1476.2,18.67842967938632,0.0021615426170013335,Loyal / High Value
4817-QRJSX,1,0.61842185,0.61842185,High,Month-to-month,Fiber optic,10,81.0,810.0,500.9217005968094,0.05735363955459287,Automated Retention
9730-DRTMJ,0,0.058734756,0.058734756,Low,One year,DSL,32,72.8,2329.6,136.82848749160766,0.01590916566010662,Loyal / High Value
4686-UXDML,0,0.5860293,0.5860293,Medium,Month-to-month,Fiber optic,21,99.85,2096.85,1228.8155191540718,0.14274640947116418,Loyal / High Value
3349-ANQNH,0,0.3173158,0.3173158,Medium,One year,Fiber optic,59,99.5,5870.5,1862.8023280352354,0.21765247459187317,Loyal / High Value
2398-YPMUR,1,0.5603668,0.5603668,Medium,Month-to-month,Fiber optic,13,70.15,911.95,511.0265118032694,0.058666027731989465,Low Priority
0932-YIXYU,0,0.017107408,0.017107408,Low,Two year,No,47,20.25,951.75,16.28197603393346,0.0018708220126419288,Low Priority
7480-SPLEF,0,0.01329811,0.01329811,Low,Two year,No,69,26.0,1794.0,23.856809528544545,0.002767114246362612,Loyal / High Value
7636-XUHWW,0,0.19200191,0.19200191,Low,Month-to-month,No,2,19.9,39.8,7.641675978899001,0.0004726228536863301,Low Priority
1431-CYWMH,0,0.06350894,0.06350894,Low,Month-to-month,No,22,19.05,419.1,26.616597895324233,0.0029799594162751636,Low Priority
5937-EORGB,0,0.6470729,0.6470729,High,Month-to-month,Fiber optic,15,96.5,1447.5,936.6380390524864,0.10836377863849764,Priority Retention
6349-JDHQP,0,0.020051194,0.020051194,Low,Two year,No,53,19.85,1052.0500000000002,21.094859021063897,0.002428485625374148,Low Priority
5539-HIVAK,0,0.12531948,0.12531948,Low,Month-to-month,No,28,25.7,719.6,90.17989845275879,0.010294435977578073,Low Priority
5847-MXBEO,0,0.027025083,0.027025083,Low,One year,No,22,20.3,446.6,12.069402103498579,0.0013551822183978592,Low Priority
9985-MWVIX,1,0.75864136,0.75864136,High,Month-to-month,Fiber optic,1,70.15,70.15,53.218691557645805,0.004566325247148017,Automated Retention
4583-PARNH,0,0.47584978,0.47584978,Medium,Month-to-month,Fiber optic,16,91.55,1464.8,697.024754023552,0.0806543954200232,Loyal / High Value
1116-FRYVH,0,0.018381683,0.018381683,Low,Two year,DSL,48,39.4,1891.1999999999998,34.763439184427256,0.004034351971715169,Loyal / High Value
1421-HCERK,0,0.31840396,0.31840396,Medium,Month-to-month,Fiber optic,30,105.7,3171.0,1009.6589548587799,0.11764733688395806,Loyal / High Value
9633-XQABV,0,0.63961065,0.63961065,High,Month-to-month,Fiber optic,3,70.25,210.75,134.797944098711,0.014391089637260058,Automated Retention
0716-BQNDX,0,0.09918415,0.09918415,Low,Two year,Fiber optic,57,93.75,5343.75,530.015290947631,0.06190812886404906,Loyal / High Value
1265-XTECC,1,0.13772805,0.13772805,Low,One year,Fiber optic,68,96.55,6565.4,904.2397417753934,0.10568858477456769,Loyal / High Value
1183-CANVH,0,0.053093616,0.053093616,Low,One year,DSL,23,60.0,1380.0,73.26918996870518,0.008471379171678235,Low Priority
1972-XMUWV,0,0.017022379,0.017022379,Low,Two year,DSL,65,59.8,3887.0,66.1659861728549,0.007718253639873902,Loyal / High Value
8679-LZBMD,0,0.18495744,0.18495744,Low,One year,Fiber optic,44,90.65,3988.6000000000004,737.7212638020516,0.08606574266718593,Loyal / High Value
3407-JMJQQ,0,0.091345325,0.091345325,Low,Two year,Fiber optic,71,109.0,7739.0,706.9214710444212,0.08266178016367089,Loyal / High Value
6252-DFGTK,0,0.04650131,0.04650131,Low,One year,DSL,37,68.1,2519.7,117.16934747993945,0.013631742647782646,Loyal / High Value
1539-LNKHM,0,0.09740119,0.09740119,Low,Month-to-month,No,12,20.4,244.79999999999998,23.84381053447723,0.002580254620943003,Low Priority
8645-KOMJQ,0,0.022889035,0.022889035,Low,Two year,DSL,69,81.95,5654.55,129.42719185603784,0.015120601791233736,Loyal / High Value
0289-IVARM,0,0.120125614,0.120125614,Low,Month-to-month,DSL,35,60.55,2119.25,254.57620769552886,0.029575891568633217,Loyal / High Value
9761-XUJWD,0,0.27973711,0.27973711,Low,Month-to-month,DSL,5,65.6,328.0,91.75377368927002,0.010138634181478732,Low Priority
4057-FKCZK,0,0.04377668,0.04377668,Low,Two year,Fiber optic,58,82.5,4785.0,209.47141276672482,0.02445709996094154,Loyal / High Value
4291-TPNFG,0,0.011838692,0.011838692,Low,Two year,DSL,72,82.3,5925.599999999999,70.15135473981499,0.008196828971972893,Loyal / High Value
6087-YPWHO,0,0.011230886,0.011230886,Low,Two year,DSL,72,68.15,4906.8,55.107711338996886,0.006434800577002723,Loyal / High Value
3090-QFUVD,0,0.29054,0.29054,Low,Month-to-month,No,1,20.3,20.3,5.8979621976614,5.108425715087234e-05,Low Priority
2237-ZFSMY,1,0.1809544,0.1809544,Low,One year,Fiber optic,39,95.55,3726.45,674.3175116747617,0.07864257888882423,Loyal / High Value
1722-LDZJS,0,0.026134165,0.026134165,Low,One year,No,53,20.2,1070.6,27.9792370531708,0.003222045521274563,Low Priority
1818-ESQMW,0,0.36608738,0.36608738,Medium,Month-to-month,Fiber optic,27,89.2,2408.4,881.6848389387131,0.102541541195819,Loyal / High Value
4871-JTKJF,1,0.8377218,0.8377218,Critical,Month-to-month,Fiber optic,1,69.65,69.65,58.347325086593635,0.00499321956855412,Automated Retention
1415-YFWLT,1,0.8599971,0.8599971,Critical,Month-to-month,Fiber optic,1,89.3,89.3,76.7977404654026,0.0071068308214864515,Automated Retention
7401-RUBNK,0,0.33127728,0.33127728,Medium,Month-to-month,Fiber optic,18,74.8,1346.3999999999999,446.03173120021813,0.051552386336805485,Low Priority
0506-YLVKJ,0,0.014236927,0.014236927,Low,Two year,No,46,20.2,929.1999999999999,13.228952598571777,0.0015192819732700355,Low Priority
8661-BOYNW,0,0.01461131,0.01461131,Low,Two year,DSL,72,84.4,6076.8,88.79001058638096,0.010375482693203812,Loyal / High Value
6711-VTNRE,1,0.34631327,0.34631327,Medium,Month-to-month,Fiber optic,36,87.55,3151.7999999999997,1091.5101579129696,0.12718017025454567,Loyal / High Value
4815-GBTCD,0,0.5616433,0.5616433,Medium,Month-to-month,DSL,4,25.15,100.6,56.50131622552871,0.00538522390046472,Low Priority
2805-AUFQN,0,0.019568292,0.019568292,Low,Two year,No,25,19.8,495.0,9.686304749920964,0.0010922755125126837,Low Priority
0980-PVMRC,0,0.25247762,0.25247762,Low,Month-to-month,DSL,40,50.85,2034.0,513.5394710898399,0.059639076789630055,Loyal / High Value
7233-DRTRF,0,0.43929493,0.43929493,Medium,Month-to-month,Fiber optic,63,102.4,6451.200000000001,2833.979479980469,0.33122195414667815,Loyal / High Value
3500-RMZLT,1,0.48707068,0.48707068,Medium,Month-to-month,Fiber optic,15,96.3,1444.5,703.5735967755318,0.0813973026066482,Loyal / High Value
3873-NFTGI,0,0.24486332,0.24486332,Low,Month-to-month,DSL,14,55.5,777.0,190.2587968558073,0.021761928744745473,Low Priority
1162-ECVII,0,0.062627494,0.062627494,Low,Two year,Fiber optic,72,109.75,7902.0,494.8824602365494,0.05787052974294918,Loyal / High Value
7048-GXDAY,0,0.43750423,0.43750423,Medium,Month-to-month,Fiber optic,39,106.4,4149.6,1815.4675608158113,0.21183918806914984,Loyal / High Value
8571-ZCMCX,0,0.032023,0.032023,Low,Two year,DSL,47,60.0,2820.0,90.30486412346363,0.010514679259186734,Loyal / High Value
1169-WCVAK,0,0.2691894,0.2691894,Low,Month-to-month,Fiber optic,19,88.8,1687.2,454.17633469104766,0.05264389232522057,Loyal / High Value
4548-SDBKE,1,0.7943126,0.7943126,High,Month-to-month,Fiber optic,5,85.2,426.0,338.37716603279114,0.037913082476316855,Automated Retention
8066-POXGX,1,0.48126552,0.48126552,Medium,Month-to-month,DSL,13,35.1,456.3,219.6014545351267,0.024680427472272694,Low Priority
7129-CAKJW,0,0.33078673,0.33078673,Medium,Month-to-month,Fiber optic,17,80.05,1360.85,450.1511280789971,0.05203632987907822,Low Priority
8695-ARGXZ,0,0.50199157,0.50199157,Medium,Month-to-month,Fiber optic,34,75.55,2568.7,1289.465745848417,0.15004082712074437,Loyal / High Value
3570-YUEKJ,0,0.18411018,0.18411018,Low,Month-to-month,DSL,42,49.55,2081.1,383.1516946479678,0.0445060980017524,Loyal / High Value
4143-OOBWZ,1,0.73244536,0.73244536,High,Month-to-month,Fiber optic,5,81.3,406.5,297.73903852701187,0.033285946381925995,Automated Retention
1555-HAPSU,0,0.011142706,0.011142706,Low,Two year,No,71,23.9,1696.8999999999999,18.908057076949625,0.0021917871122804082,Loyal / High Value
1697-NVVGY,0,0.16983433,0.16983433,Low,Month-to-month,DSL,19,66.4,1261.6000000000001,214.26299158334734,0.024740963307225385,Low Priority
7854-EKTJL,1,0.23639268,0.23639268,Low,Month-to-month,No,2,19.6,39.2,9.266592931747438,0.0005652675599374005,Low Priority
8464-EETCQ,0,0.021660188,0.021660188,Low,Two year,No,57,18.8,1071.6000000000001,23.211057689040903,0.002672993969270053,Low Priority
2419-FSORS,0,0.12999736,0.12999736,Low,Two year,Fiber optic,72,108.4,7804.8,1014.6033775806427,0.11864209340484246,Loyal / High Value
8132-YPVBX,0,0.6333207,0.6333207,High,Month-to-month,Fiber optic,6,85.95,515.7,326.6034794211388,0.03688778254690469,Automated Retention
9102-IAYHT,1,0.58000445,0.58000445,Medium,Month-to-month,Fiber optic,17,85.45,1452.65,842.54346960783,0.09748211106046509,Loyal / High Value
6754-LZUKA,0,0.024455894,0.024455894,Low,Two year,DSL,61,80.9,4934.900000000001,120.68739023841918,0.01409269732690192,Loyal / High Value
3422-LYEPQ,1,0.79492587,0.79492587,High,Month-to-month,Fiber optic,1,71.0,71.0,56.4397366642952,0.004863926567925337,Automated Retention
8099-MZPUJ,0,0.11373885,0.11373885,Low,Two year,Fiber optic,48,111.8,5366.4,610.3681633472443,0.07129476192936199,Loyal / High Value
0787-LHDYT,0,0.10325388,0.10325388,Low,Month-to-month,No,16,20.6,329.6,34.03247840404511,0.003761640271634445,Low Priority
2642-DTVCO,1,0.7466638,0.7466638,High,Month-to-month,Fiber optic,9,85.05,765.4499999999999,571.5338124632835,0.06534796193471235,Automated Retention
0374-IOEGQ,0,0.4727808,0.4727808,Medium,Month-to-month,DSL,3,44.6,133.8,63.25807022452355,0.006373053181159122,Low Priority
4361-JEIVL,1,0.59872246,0.59872246,Medium,Month-to-month,DSL,1,44.4,44.4,26.58327713012695,0.0017966165277891737,Low Priority
3197-NNYNB,0,0.11374039,0.11374039,Low,Two year,Fiber optic,65,105.1,6831.5,777.0174881480634,0.09082885980611319,Loyal / High Value
3396-DKDEL,0,0.051808573,0.051808573,Low,Two year,Fiber optic,70,115.15,8060.5,417.60300512984395,0.048835920380684836,Loyal / High Value
1752-OZXFY,0,0.034940563,0.034940563,Low,One year,DSL,60,59.8,3588.0,125.36674055457115,0.014618091003316755,Loyal / High Value
9066-QRSDU,0,0.051935527,0.051935527,Low,One year,No,69,26.3,1814.7,94.24740170650185,0.01093293016105548,Loyal / High Value
9112-WSNPU,0,0.37324724,0.37324724,Medium,Month-to-month,Fiber optic,35,70.55,2469.25,921.6407375261188,0.1072092659284821,Loyal / High Value
9867-NNXLC,0,0.08167464,0.08167464,Low,Month-to-month,No,22,20.05,441.1,36.02668496593833,0.004042948434001502,Low Priority
5321-NTRKC,0,0.0274419,0.0274419,Low,Two year,DSL,66,79.85,5270.099999999999,144.62155836783347,0.01689160383575954,Loyal / High Value
1363-TXLSL,1,0.8225117,0.8225117,Critical,Month-to-month,Fiber optic,1,70.3,70.3,57.822570610046384,0.004965227770787472,Automated Retention
9507-EXLTT,1,0.80679697,0.80679697,Critical,Month-to-month,Fiber optic,1,79.35,79.35,64.01933940947055,0.00572622332278994,Automated Retention
3161-GETRM,0,0.34862614,0.34862614,Medium,Month-to-month,Fiber optic,34,90.05,3061.7,1067.3886429786683,0.12434762654810672,Loyal / High Value
0402-OAMEN,0,0.010436474,0.010436474,Low,Two year,No,72,24.45,1760.3999999999999,18.372369438037275,0.0021305518239332724,Loyal / High Value
6933-VLYFX,0,0.10400376,0.10400376,Low,One year,DSL,31,59.95,1858.45,193.2857826396823,0.022427151163212748,Loyal / High Value
6754-WKSHP,0,0.03334813,0.03334813,Low,One year,No,30,25.35,760.5,25.36125149577856,0.0028992763838178105,Low Priority
9846-GKXAS,1,0.6726387,0.6726387,High,Month-to-month,Fiber optic,9,90.8,817.1999999999999,549.680357336998,0.06294949708222806,Automated Retention
6017-PPLPX,1,0.43943083,0.43943083,Medium,Month-to-month,Fiber optic,20,70.45,1409.0,619.1580435037613,0.07160736401044866,Loyal / High Value
4976-LNFVV,0,0.28684586,0.28684586,Low,Month-to-month,DSL,19,34.3,651.6999999999999,186.93744882941243,0.021280095016825536,Low Priority
5055-MGMGF,0,0.29547405,0.29547405,Low,Month-to-month,Fiber optic,65,105.05,6828.25,2017.5706984996796,0.23584206047379155,Loyal / High Value
4641-FROLU,0,0.019950455,0.019950455,Low,Two year,No,30,19.3,579.0,11.551313476637006,0.0013100437126793135,Low Priority
2862-JVEOY,0,0.0376988,0.0376988,Low,One year,No,6,19.15,114.89999999999999,4.331592304632068,0.0004246594657753269,Low Priority
2969-QWUBZ,0,0.547915,0.547915,Medium,Month-to-month,DSL,2,51.4,102.8,56.325660133361815,0.005394886824213644,Low Priority
9822-BIIGN,0,0.09724551,0.09724551,Low,Month-to-month,DSL,53,71.85,3808.0499999999997,370.31575271151956,0.04319293149627307,Loyal / High Value
2077-MPJQO,0,0.69310117,0.69310117,High,Month-to-month,Fiber optic,7,75.4,527.8000000000001,365.8187963008881,0.0413527398664345,Automated Retention
1534-OULXE,0,0.031189611,0.031189611,Low,One year,DSL,61,49.7,3031.7000000000003,94.55754421930762,0.01101500135140346,Loyal / High Value
7136-RVDTZ,1,0.24949373,0.24949373,Low,One year,DSL,70,45.25,3167.5,790.2713994309306,0.09208328456133015,Loyal / High Value
2971-SGAFL,0,0.34693328,0.34693328,Medium,Month-to-month,DSL,13,78.75,1023.75,355.1729407534003,0.04086770854917594,Low Priority
1480-IVEVR,0,0.14169796,0.14169796,Low,One year,Fiber optic,35,81.6,2856.0,404.68936836719513,0.04712413807608472,Loyal / High Value
2905-KFQUV,0,0.60522443,0.60522443,High,Month-to-month,Fiber optic,2,70.4,140.8,85.21559982299806,0.008654981776121767,Automated Retention
4581-SSPWD,1,0.7394353,0.7394353,High,Month-to-month,Fiber optic,3,75.8,227.39999999999998,168.14759066104887,0.018080247413794614,Automated Retention
3370-HXOPH,0,0.6845231,0.6845231,High,Month-to-month,Fiber optic,3,76.1,228.29999999999998,156.27662501335143,0.016809779471547995,Automated Retention
9391-YZEJW,0,0.17122838,0.17122838,Low,One year,Fiber optic,62,94.0,5828.0,997.9189928770065,0.1165955433411005,Loyal / High Value
9958-MEKUC,0,0.046031598,0.046031598,Low,Two year,Fiber optic,72,103.95,7484.400000000001,344.51889208406214,0.04028196479295173,Loyal / High Value
0281-CNTZX,0,0.01259658,0.01259658,Low,Two year,No,63,19.95,1256.85,15.832011824240906,0.001828019049662748,Low Priority
6927-WTFIV,1,0.31125015,0.31125015,Medium,Month-to-month,Fiber optic,20,71.3,1426.0,443.8427141904831,0.05133993006454583,Loyal / High Value
4118-CEVPF,0,0.23192763,0.23192763,Low,One year,Fiber optic,35,110.8,3878.0,899.4153618812561,0.10491550102863467,Loyal / High Value
3398-ZOUAA,1,0.47381252,0.47381252,Medium,Month-to-month,Fiber optic,21,69.1,1451.1,687.5493485033512,0.07954820812053123,Loyal / High Value
9114-VEPUF,0,0.11795557,0.11795557,Low,One year,Fiber optic,62,96.1,5958.2,702.8028944715858,0.0821203734176911,Loyal / High Value
7876-BEUTG,0,0.27348816,0.27348816,Low,Month-to-month,DSL,15,48.8,732.0,200.19333600997925,0.02286334378841848,Low Priority
2338-BQEZT,0,0.099337325,0.099337325,Low,Month-to-month,DSL,55,50.55,2780.25,276.1825964413583,0.03215433406094766,Loyal / High Value
9873-MNDKV,0,0.22360171,0.22360171,Low,Month-to-month,DSL,11,44.65,491.15,109.8219817213714,0.012380236016313243,Low Priority
0378-NHQXU,1,0.50416183,0.50416183,Medium,Month-to-month,Fiber optic,17,88.25,1500.25,756.3687925338745,0.08754812336379393,Loyal / High Value
8241-JUIQO,0,0.025270516,0.025270516,Low,One year,No,61,19.45,1186.45,29.982203770894557,0.0034587300812430988,Low Priority
2194-IIQOF,0,0.016839616,0.016839616,Low,Two year,DSL,71,89.3,6340.3,106.76821732893586,0.012477920169275554,Loyal / High Value
4512-ZUIYL,1,0.56231827,0.56231827,Medium,Month-to-month,Fiber optic,2,70.0,140.0,78.72455716133118,0.007988673782245789,Low Priority
9631-RXVJM,0,0.018898673,0.018898673,Low,Two year,No,35,19.25,673.75,12.732981173321605,0.0014508728097145432,Low Priority
9584-EXCDZ,0,0.3002479,0.3002479,Medium,Month-to-month,Fiber optic,17,70.5,1198.5,359.84711730480194,0.0415184800076422,Low Priority
7969-AULMZ,1,0.6913399,0.6913399,High,Month-to-month,Fiber optic,21,97.35,2044.35,1413.3407450705765,0.16414379627274073,Priority Retention
5093-FEGLU,0,0.017948307,0.017948307,Low,Two year,No,47,19.65,923.55,16.576159019395707,0.0019034521340459602,Low Priority
2621-UDNLU,0,0.16141406,0.16141406,Low,Month-to-month,No,3,20.85,62.550000000000004,10.096449266374112,0.0008277692463506076,Low Priority
7526-IVLYU,0,0.17576312,0.17576312,Low,Month-to-month,No,3,19.65,58.949999999999996,10.361235646158455,0.0008271859854142566,Low Priority
2428-HYUNX,0,0.035870824,0.035870824,Low,Two year,No,44,19.35,851.4000000000001,30.540419561415913,0.003500802708885424,Low Priority
9214-EKVXR,0,0.55029607,0.55029607,Medium,Month-to-month,DSL,1,44.0,44.0,24.213027000427246,0.0016254994512409171,Low Priority
3410-MHHUM,0,0.18507382,0.18507382,Low,One year,Fiber optic,44,94.4,4153.6,768.7226301193238,0.08969936729321468,Loyal / High Value
0568-ONFPC,1,0.17905194,0.17905194,Low,Month-to-month,No,5,25.9,129.5,23.18722566962242,0.0023233600523929264,Low Priority
0733-VUNUW,1,0.12867136,0.12867136,Low,Month-to-month,DSL,24,55.65,1335.6,171.853472417593,0.01986056484354678,Low Priority
4550-EVXNY,1,0.80502796,0.80502796,Critical,Month-to-month,Fiber optic,1,69.65,69.65,56.07019753456116,0.004798348632551009,Automated Retention
2122-YWVYA,0,0.38971755,0.38971755,Medium,Month-to-month,Fiber optic,18,75.4,1357.2,528.9246576189995,0.06114004685111003,Low Priority
2968-SSGAA,1,0.82138455,0.82138455,Critical,Month-to-month,Fiber optic,10,100.6,1006.0,826.3128564357758,0.09504768695047897,Automated Retention
2296-DKZFP,0,0.017159138,0.017159138,Low,Two year,DSL,65,71.0,4615.0,79.1894212923944,0.009244517711499832,Loyal / High Value
4844-JJWUY,1,0.8404224,0.8404224,Critical,Month-to-month,Fiber optic,1,86.0,86.0,72.27632570266724,0.00661998133147827,Automated Retention
6777-TGHTM,1,0.25881597,0.25881597,Low,One year,Fiber optic,53,106.95,5668.35,1467.059526206553,0.17139368270529434,Loyal / High Value
8909-BOLNL,0,0.06280391,0.06280391,Low,One year,No,3,21.2,63.599999999999994,3.9943286240100857,0.00032980297395186764,Low Priority
6603-YRDCJ,0,0.017293481,0.017293481,Low,Two year,DSL,33,61.05,2014.6499999999999,34.84031181139871,0.004045760779920948,Loyal / High Value
3538-WZPHD,1,0.6140422,0.6140422,High,Month-to-month,DSL,3,29.6,88.80000000000001,54.52694935798646,0.005038324687615965,Automated Retention
3229-USWAR,0,0.09336074,0.09336074,Low,One year,DSL,34,79.95,2718.3,253.78249129503968,0.029541835783954935,Loyal / High Value
2138-VFAPZ,0,0.025969306,0.025969306,Low,Two year,No,14,19.7,275.8,7.162334596738219,0.0007823180377679693,Low Priority
6131-JLWZM,0,0.106013894,0.106013894,Low,Month-to-month,No,13,20.3,263.90000000000003,27.977066648006442,0.0030457620779352802,Low Priority
4785-QRJHC,1,0.1507245,0.1507245,Low,One year,DSL,46,59.9,2755.4,415.30628845095634,0.048348727944849894,Loyal / High Value
0269-XFESX,0,0.031482816,0.031482816,Low,One year,No,23,24.35,560.0500000000001,17.631950956583026,0.0019973830200469057,Low Priority
1709-EJDOX,0,0.016620308,0.016620308,Low,Two year,No,47,19.75,928.25,15.427801050245762,0.0017717717620994774,Low Priority
4316-XCSLJ,0,0.13912784,0.13912784,Low,Month-to-month,DSL,17,50.3,855.0999999999999,118.96821224838494,0.013638480980227304,Low Priority
8610-WFCJF,1,0.501047,0.501047,Medium,Month-to-month,Fiber optic,49,95.6,4684.4,2347.104637956619,0.2740159595450868,Loyal / High Value
9693-XMUOB,0,0.34671646,0.34671646,Medium,Month-to-month,DSL,59,50.25,2964.75,1027.9276353567839,0.11972634164499087,Loyal / High Value
0383-CLDDA,0,0.024116116,0.024116116,Low,Two year,DSL,69,85.35,5889.15,142.02342244824393,0.016594387597773576,Loyal / High Value
4905-JEFDW,1,0.3097041,0.3097041,Medium,One year,DSL,11,41.6,457.6,141.72059392929077,0.015929547653429417,Low Priority
2709-UQGNP,0,0.179365,0.179365,Low,Month-to-month,DSL,10,51.65,516.5,92.64201948791742,0.010463939140748514,Low Priority
3549-ZTMNH,0,0.026691549,0.026691549,Low,Two year,No,12,24.0,288.0,7.687165975570679,0.0008422455062917856,Low Priority
7881-INRLC,1,0.43659264,0.43659264,Medium,Month-to-month,Fiber optic,45,100.85,4538.25,1981.3665416389704,0.2312873452779573,Loyal / High Value
8033-ATFAS,0,0.13995618,0.13995618,Low,Month-to-month,DSL,39,59.85,2334.15,326.6787088662386,0.03798381619844292,Loyal / High Value
1635-NZATJ,0,0.017673448,0.017673448,Low,Two year,No,71,25.45,1806.95,31.93503637239337,0.003704376354452365,Loyal / High Value
0562-HKHML,0,0.011136828,0.011136828,Low,Two year,No,71,23.9,1696.8999999999999,18.89808341693133,0.0021906309840012623,Loyal / High Value
8277-RVRSV,0,0.029590676,0.029590676,Low,One year,No,33,24.15,796.9499999999999,23.582288925256577,0.002699032284302196,Low Priority
9943-VSZUV,0,0.20827459,0.20827459,Low,Month-to-month,Fiber optic,67,75.7,5071.900000000001,1056.347882820666,0.1233627532546975,Loyal / High Value
0117-LFRMW,1,0.123192616,0.123192616,Low,Month-to-month,DSL,37,40.2,1487.4,183.23669675141574,0.021206943404707787,Loyal / High Value
6172-FECYY,1,0.40392202,0.40392202,Medium,Month-to-month,Fiber optic,49,84.5,4140.5,1672.4391295611858,0.19514785675626783,Loyal / High Value
7054-ENNGU,0,0.1863257,0.1863257,Low,Month-to-month,DSL,9,50.85,457.65000000000003,85.27195618897677,0.009584704736270017,Low Priority
1455-HFBXA,0,0.046217434,0.046217434,Low,Two year,Fiber optic,52,91.6,4763.2,220.14288214445114,0.02570259686599961,Loyal / High Value
9402-CXWPL,0,0.21182425,0.21182425,Low,One year,Fiber optic,70,98.9,6923.0,1466.4593049138784,0.17142688120706237,Loyal / High Value
1628-BIZYP,0,0.8207251,0.8207251,Critical,Month-to-month,Fiber optic,1,85.0,85.0,69.7616320848465,0.006368623466551616,Automated Retention
1965-AKTSX,1,0.65990955,0.65990955,High,Month-to-month,Fiber optic,14,78.95,1105.3,729.3980216085911,0.08404347830747559,Automated Retention
0082-LDZUE,0,0.5495015,0.5495015,Medium,Month-to-month,DSL,1,44.3,44.3,24.342915505170822,0.0016424755844590094,Low Priority
4786-UKSNZ,1,0.33054298,0.33054298,Medium,Month-to-month,No,1,20.2,20.2,6.676968228816986,5.424326873997141e-05,Low Priority
5343-SGUBI,0,0.0959925,0.0959925,Low,One year,Fiber optic,52,80.2,4170.400000000001,400.32711407542234,0.04671352859048504,Loyal / High Value
0856-NAOES,0,0.2421285,0.2421285,Low,Month-to-month,DSL,6,60.9,365.4,88.47375620305537,0.009837038199146907,Low Priority
1976-AZZPJ,0,0.22645293,0.22645293,Low,Month-to-month,DSL,7,34.2,239.40000000000003,54.212831863760954,0.005855626025253213,Low Priority
7248-VZQLC,1,0.36336532,0.36336532,Medium,Month-to-month,Fiber optic,47,85.2,4004.4,1455.0600968241692,0.16975675505954163,Loyal / High Value
6156-UZDLF,0,0.07937437,0.07937437,Low,One year,Fiber optic,26,87.15,2265.9,179.85439168810845,0.02090704162092984,Loyal / High Value
3099-OONVS,0,0.102424785,0.102424785,Low,Month-to-month,DSL,25,54.3,1357.5,139.04164630919695,0.016072306397915254,Low Priority
9500-WBGRP,0,0.016680738,0.016680738,Low,Two year,No,69,19.1,1317.9,21.983544554002584,0.002540081897084144,Low Priority
5183-KLYEM,0,0.024197927,0.024197927,Low,Two year,Fiber optic,72,112.75,8118.0,196.4387693144381,0.02297260037176898,Loyal / High Value
5144-PQCDZ,0,0.14671317,0.14671317,Low,Month-to-month,No,4,19.95,79.8,11.707710760831832,0.0010490321658344886,Low Priority
8514-VZHEB,0,0.018176613,0.018176613,Low,Two year,No,59,19.5,1150.5,20.912193688564003,0.0024112051478225533,Low Priority
6625-IUTTT,0,0.017905442,0.017905442,Low,Two year,DSL,67,65.55,4391.849999999999,78.63801564155146,0.009178239090763507,Loyal / High Value
9355-NPPFS,0,0.44143724,0.44143724,Medium,Month-to-month,Fiber optic,26,78.8,2048.7999999999997,904.4166263580321,0.10504004198272514,Loyal / High Value
0068-FIGTF,0,0.089932755,0.089932755,Low,One year,DSL,27,78.2,2111.4,189.88401813805103,0.02205941512927815,Loyal / High Value
5965-GGPRW,0,0.062028658,0.062028658,Low,Two year,Fiber optic,72,105.25,7578.0,470.0531676337123,0.054961439055465404,Loyal / High Value
8035-PWSEV,0,0.635428,0.635428,High,Month-to-month,Fiber optic,6,89.25,535.5,340.27170011401176,0.03848528384041692,Automated Retention
2236-HILPA,0,0.011535379,0.011535379,Low,Two year,No,62,20.65,1280.3,14.768745867256074,0.0017057249554687417,Low Priority
1840-BIUOG,0,0.13979408,0.13979408,Low,One year,DSL,20,68.7,1374.0,192.0770679116249,0.022206599210002596,Low Priority
1356-MKYSK,0,0.20734923,0.20734923,Low,Month-to-month,DSL,6,78.65,471.90000000000003,97.84809969216586,0.011012511047173434,Low Priority
6080-LNESI,0,0.018253932,0.018253932,Low,Two year,No,51,24.75,1262.25,23.041025383863598,0.002660569611130983,Low Priority
1830-IPXVJ,0,0.0151308775,0.0151308775,Low,Two year,No,61,19.75,1204.75,18.22892466187477,0.0021033927425183215,Low Priority
5828-DWPIL,0,0.1850994,0.1850994,Low,Month-to-month,Fiber optic,62,89.1,5524.2,1022.5260675251484,0.11944933877230829,Loyal / High Value
8398-TBIYD,0,0.015481429,0.015481429,Low,Two year,Fiber optic,72,84.7,6098.400000000001,94.41194767802955,0.011032550732552061,Loyal / High Value
0011-IGKFF,1,0.68939257,0.68939257,High,Month-to-month,Fiber optic,13,98.0,1274.0,878.286129951477,0.10143069552910211,Automated Retention
4192-GORJT,1,0.7641483,0.7641483,High,Month-to-month,Fiber optic,5,94.45,472.25,360.86903227865696,0.04061597950277264,Automated Retention
6496-SLWHQ,1,0.8427931,0.8427931,Critical,Month-to-month,Fiber optic,3,105.0,315.0,265.4798287153244,0.02926145422720229,Automated Retention
9912-GVSEQ,1,0.5699502,0.5699502,Medium,Month-to-month,Fiber optic,26,93.85,2440.1,1390.7355390667915,0.16176158979686014,Loyal / High Value
2931-FSOHN,0,0.3538145,0.3538145,Medium,Month-to-month,DSL,13,59.9,778.6999999999999,275.51536087691784,0.0315153375893289,Low Priority
9418-RUKPH,0,0.015043215,0.015043215,Low,Two year,No,38,19.95,758.1,11.404261211771518,0.0013036206831100773,Low Priority
5383-MMTWC,1,0.7496592,0.7496592,High,Month-to-month,Fiber optic,8,84.0,672.0,503.77096939086914,0.05739841719744175,Automated Retention
9971-ZWPBF,0,0.42695594,0.42695594,Medium,Month-to-month,Fiber optic,34,108.9,3702.6000000000004,1580.8470572948456,0.18436096746695282,Loyal / High Value
4712-AUQZO,0,0.16412358,0.16412358,Low,Month-to-month,DSL,18,33.6,604.8000000000001,99.26194109916688,0.011273492333763584,Low Priority
9711-FJTBX,0,0.05419036,0.05419036,Low,One year,Fiber optic,56,85.85,4807.599999999999,260.5255747824907,0.030418557297251136,Loyal / High Value
2908-ZTPNF,0,0.14185068,0.14185068,Low,Month-to-month,DSL,36,34.85,1254.6000000000001,177.9658632695675,0.020547996821484216,Low Priority
7240-ETPTR,1,0.53617406,0.53617406,Medium,Month-to-month,DSL,9,48.75,438.75,235.24636834859848,0.026393273635714996,Low Priority
2202-CUYXZ,1,0.8426665,0.8426665,Critical,Month-to-month,Fiber optic,1,84.85,84.85,71.5002530992031,0.006524067279161006,Automated Retention
5995-OIGLP,1,0.13513942,0.13513942,Low,Month-to-month,DSL,12,56.65,679.8,91.8677781432867,0.010470643876063156,Low Priority
8421-WZOOW,0,0.19112697,0.19112697,Low,Month-to-month,Fiber optic,57,95.3,5432.099999999999,1038.220826974511,0.12127574548629702,Loyal / High Value
6261-RCVNS,1,0.0842325,0.0842325,Low,One year,DSL,42,73.9,3103.8,261.44083873182535,0.030459638468226708,Loyal / High Value
7951-QKZPL,1,0.020205375,0.020205375,Low,Two year,No,33,24.5,808.5,16.33604553155601,0.001870332952595434,Low Priority
1414-YADCW,0,0.020711334,0.020711334,Low,Two year,Fiber optic,70,84.6,5922.0,122.65252244845033,0.014331295639688714,Loyal / High Value
8756-RDDLT,0,0.16373746,0.16373746,Low,Month-to-month,DSL,68,44.95,3056.6000000000004,500.4799232035876,0.05830383286493518,Loyal / High Value
2862-PFNIK,0,0.641783,0.641783,High,Month-to-month,DSL,1,24.7,24.7,15.852040076255799,0.0004438437376135018,Automated Retention
5816-QVHRX,0,0.3035408,0.3035408,Medium,Month-to-month,Fiber optic,37,100.3,3711.1,1126.4702481895686,0.13137233697768055,Loyal / High Value
4430-YHXGG,0,0.18191656,0.18191656,Low,Month-to-month,No,4,25.45,101.8,18.519106286764146,0.001769865302694577,Low Priority
6888-SBYAI,0,0.4747494,0.4747494,Medium,Month-to-month,DSL,1,50.7,50.7,24.069793885946275,0.0017751905269255696,Low Priority
7395-XWZOY,0,0.1798322,0.1798322,Low,Month-to-month,DSL,20,55.0,1100.0,197.8154256939888,0.02279100012151554,Low Priority
7169-YWAMK,0,0.011360016,0.011360016,Low,Two year,DSL,72,68.4,4924.8,55.94580541849137,0.006532754726527679,Loyal / High Value
3640-PHQXK,1,0.5237663,0.5237663,Medium,Month-to-month,Fiber optic,31,89.9,2786.9,1459.6842435598373,0.16994531103601956,Loyal / High Value
6877-LGWXO,1,0.442613,0.442613,Medium,Month-to-month,Fiber optic,18,78.55,1413.8999999999999,625.8105286717414,0.07238013458431929,Loyal / High Value
6859-RKMZJ,0,0.24809822,0.24809822,Low,Month-to-month,DSL,11,55.05,605.55,150.23587978631258,0.017063441622229565,Low Priority
2729-VNVAP,0,0.016704993,0.016704993,Low,Two year,No,33,19.8,653.4,10.915042636916041,0.0012426140241060108,Low Priority
2957-JIRMN,0,0.14831218,0.14831218,Low,One year,Fiber optic,62,84.45,5235.900000000001,776.5477497249842,0.09069761355000214,Loyal / High Value
2049-BAFNW,0,0.4692318,0.4692318,Medium,Month-to-month,DSL,1,35.9,35.9,16.8454221278429,0.0009405316979905891,Low Priority
3842-QTGDL,0,0.2462885,0.2462885,Low,Month-to-month,Fiber optic,16,80.75,1292.0,318.20473331213,0.036756201898742014,Low Priority
7163-OCEQI,0,0.13594264,0.13594264,Low,One year,DSL,22,78.65,1730.3000000000002,235.2215463936329,0.027272344429943005,Loyal / High Value
9782-LGXMC,0,0.07505958,0.07505958,Low,Month-to-month,DSL,49,61.75,3025.75,227.11151759698987,0.026455879305833103,Loyal / High Value
5975-BAICR,0,0.06562769,0.06562769,Low,One year,DSL,36,63.7,2293.2000000000003,150.49741109311583,0.017496203416113066,Loyal / High Value
8019-ENHXU,1,0.45742154,0.45742154,Medium,Month-to-month,Fiber optic,42,99.45,4176.900000000001,1910.604035496712,0.22294689029935869,Loyal / High Value
5167-GBFRE,1,0.55917805,0.55917805,Medium,Month-to-month,DSL,4,25.2,100.8,56.3651478767395,0.005374695289676027,Low Priority
9033-EOXWV,1,0.22922827,0.22922827,Low,One year,DSL,12,74.05,888.5999999999999,203.69224341809746,0.02337100898877725,Low Priority
4673-KKSLS,0,0.24691209,0.24691209,Low,Month-to-month,Fiber optic,31,87.6,2715.6,670.514476954937,0.07805144992801628,Loyal / High Value
4853-OITSN,0,0.5873047,0.5873047,Medium,Month-to-month,Fiber optic,5,89.15,445.75,261.79107508063316,0.02939208393982162,Low Priority
9800-OUIGR,0,0.011645264,0.011645264,Low,Two year,No,66,20.0,1320.0,15.371748469769955,0.0017761648427789356,Low Priority
1324-NLTJE,1,0.26547018,0.26547018,Low,Month-to-month,DSL,15,55.0,825.0,219.01289597153664,0.025086981508481213,Low Priority
2324-EFHVG,0,0.1271538,0.1271538,Low,Two year,Fiber optic,64,104.4,6681.6,849.5908229827882,0.0993061153838566,Loyal / High Value
7094-MSZAO,0,0.10338102,0.10338102,Low,Month-to-month,No,10,20.05,200.5,20.727895073592663,0.00220183934789327,Low Priority
1522-VVDMG,1,0.5578704,0.5578704,Medium,Month-to-month,Fiber optic,7,89.75,628.25,350.48207128047943,0.03985302278524669,Low Priority
6907-CQGPN,0,0.16585615,0.16585615,Low,Month-to-month,DSL,29,34.3,994.6999999999999,164.97711516320703,0.018972596995859486,Low Priority
0780-XNZFN,0,0.017366296,0.017366296,Low,Two year,No,57,20.65,1177.05,20.440998330619184,0.0023577588114013968,Low Priority
0239-OXEXL,0,0.17983167,0.17983167,Low,Month-to-month,Fiber optic,46,84.25,3875.5,696.9376321807504,0.08129651125381432,Loyal / High Value
2675-IJRGJ,0,0.020108417,0.020108417,Low,Two year,No,53,19.65,1041.4499999999998,20.941910547763104,0.0024104313946741963,Low Priority
7049-GKVZY,0,0.11548916,0.11548916,Low,One year,DSL,17,79.85,1357.4499999999998,156.77076364196836,0.018121667219955048,Low Priority
8577-QSOCG,0,0.014669843,0.014669843,Low,Two year,No,38,20.2,767.6,11.260571500658989,0.0012876006249905704,Low Priority
3721-CNZHX,0,0.0418879,0.0418879,Low,One year,No,15,19.8,297.0,12.440706811845303,0.0013659525341623295,Low Priority
0212-ISBBF,0,0.4472229,0.4472229,Medium,Month-to-month,DSL,22,50.35,1107.7,495.3887935578823,0.05708235690813157,Low Priority
9185-TQCVP,1,0.7154112,0.7154112,High,Month-to-month,Fiber optic,14,85.15,1192.1000000000001,852.8416750907899,0.09839084124037491,Automated Retention
3585-YNADK,0,0.05276016,0.05276016,Low,One year,DSL,57,74.6,4252.2,224.34675855785608,0.026180943773726845,Loyal / High Value
5271-DBYSJ,0,0.5458914,0.5458914,Medium,Month-to-month,Fiber optic,11,79.15,870.6500000000001,475.28035102486615,0.054507876104980556,Low Priority
1099-GODLO,0,0.061632484,0.061632484,Low,Two year,No,1,20.35,20.35,1.2542210534214975,1.1197762390555343e-05,Low Priority
6828-HMKWP,0,0.023239722,0.023239722,Low,Two year,No,12,21.05,252.60000000000002,5.870353897288442,0.0006368913065864992,Low Priority
5567-WSELE,1,0.8443788,0.8443788,Critical,Month-to-month,Fiber optic,3,94.6,283.79999999999995,239.6347116708755,0.026228477785731286,Automated Retention
1472-TNCWL,0,0.37460494,0.37460494,Medium,Month-to-month,Fiber optic,36,94.7,3409.2000000000003,1277.1031628608705,0.14887244349928253,Loyal / High Value
8063-RJYNF,1,0.5905364,0.5905364,Medium,Month-to-month,Fiber optic,16,94.25,1508.0,890.5289146900177,0.10308360255030609,Loyal / High Value
0687-ZVTHB,1,0.07063073,0.07063073,Low,One year,DSL,65,72.45,4709.25,332.617761477828,0.03883274378386359,Loyal / High Value
2080-GKCWQ,0,0.5454035,0.5454035,Medium,Month-to-month,Fiber optic,2,74.95,149.9,81.75598173141479,0.008381282386704663,Low Priority
9661-ACXBS,1,0.4787729,0.4787729,Medium,Month-to-month,Fiber optic,42,105.2,4418.400000000001,2115.4102186918262,0.24690656508029132,Loyal / High Value
2193-SFWQW,0,0.02432889,0.02432889,Low,Two year,Fiber optic,72,111.95,8060.400000000001,196.10057951733472,0.02293267024545431,Loyal / High Value
5656-JAMLX,0,0.014166851,0.014166851,Low,Two year,No,62,19.85,1230.7,17.43514302931726,0.00201247259917713,Low Priority
3462-BJQQA,0,0.77198005,0.77198005,High,Month-to-month,Fiber optic,6,89.75,538.5,415.71125543117523,0.04702715099204419,Automated Retention
0442-TDYUO,0,0.01597424,0.01597424,Low,Two year,No,48,20.05,962.4000000000001,15.373608939349653,0.0017668432600632736,Low Priority
6733-LRIZX,0,0.19118385,0.19118385,Low,Two year,Fiber optic,35,108.95,3813.25,729.0318166576326,0.08503347246277802,Loyal / High Value
9503-XJUME,0,0.026557785,0.026557785,Low,One year,No,52,19.65,1021.8,27.13674423024058,0.0031223576848652974,Low Priority
4367-NHWMM,0,0.6053173,0.6053173,High,Month-to-month,DSL,1,24.9,24.9,15.07240063548088,0.00043281548868219185,Automated Retention
3727-RJMEO,1,0.7600881,0.7600881,High,Month-to-month,Fiber optic,6,82.85,497.09999999999997,377.83978761434554,0.04261418459245296,Automated Retention
3779-OSWCF,0,0.036958184,0.036958184,Low,Two year,DSL,71,93.2,6617.2,244.55969578176737,0.02858506211562435,Loyal / High Value
6736-DHUQI,0,0.054325573,0.054325573,Low,One year,Fiber optic,67,84.8,5681.599999999999,308.65617638826365,0.036059974635820564,Loyal / High Value
3915-ODIYG,0,0.08174908,0.08174908,Low,One year,DSL,60,71.75,4305.0,351.92979633808136,0.041071937547330115,Loyal / High Value
1360-RCYRT,0,0.13050704,0.13050704,Low,Month-to-month,DSL,23,30.35,698.0500000000001,91.10043720826508,0.010390906896080965,Low Priority
2724-FJDYW,0,0.092452034,0.092452034,Low,One year,DSL,39,54.85,2139.15,197.7687692888081,0.022978088785041838,Loyal / High Value
4451-RWASJ,0,0.044924412,0.044924412,Low,One year,No,15,19.5,292.5,13.140390487387776,0.0014412757341571106,Low Priority
6646-VRFOL,1,0.5645483,0.5645483,Medium,Month-to-month,Fiber optic,53,103.85,5504.049999999999,3107.3021455675357,0.36298394566667325,Loyal / High Value
3460-TJBWI,0,0.018299915,0.018299915,Low,Two year,No,24,24.2,580.8,10.62859057188034,0.0012055223382204567,Low Priority
5917-HBSDW,0,0.089797035,0.089797035,Low,Month-to-month,No,37,19.35,715.95,64.29018710777164,0.007338006710944543,Low Priority
5685-IIXLY,1,0.63875943,0.63875943,High,Month-to-month,Fiber optic,5,83.6,418.0,267.00144350528717,0.02988943714153829,Automated Retention
5671-UUNXD,0,0.32734644,0.32734644,Medium,One year,Fiber optic,50,100.65,5032.5,1647.3709800839424,0.19237819614289894,Loyal / High Value
0956-ACVZC,0,0.18736444,0.18736444,Low,One year,Fiber optic,54,94.1,5081.4,952.0736864358186,0.11118614437430256,Loyal / High Value
2325-NBPZG,0,0.46939158,0.46939158,Medium,Month-to-month,Fiber optic,3,74.55,223.64999999999998,104.97942785024642,0.011270966108354605,Low Priority
4250-ZBWLV,1,0.30635098,0.30635098,Medium,One year,Fiber optic,68,108.45,7374.6,2259.2159092962743,0.2641429706188079,Loyal / High Value
4482-FTFFX,0,0.33544648,0.33544648,Medium,Month-to-month,DSL,5,56.15,280.75,94.17659839987755,0.010299864571628181,Low Priority
8859-DZTGQ,0,0.015416863,0.015416863,Low,Two year,No,33,20.35,671.5500000000001,10.35319459908642,0.0011795946136120912,Low Priority
0440-MOGPM,0,0.16744839,0.16744839,Low,One year,DSL,41,80.55,3302.5499999999997,553.0066690005361,0.06445267246499871,Loyal / High Value
0020-JDNXP,0,0.07676288,0.07676288,Low,One year,DSL,34,61.25,2082.5,159.85869219526649,0.0185689645184802,Loyal / High Value
3752-CQSJI,0,0.08892491,0.08892491,Low,Month-to-month,No,13,20.45,265.84999999999997,23.640686565265057,0.0025751240518197705,Low Priority
5025-GOOKI,0,0.08127072,0.08127072,Low,Month-to-month,No,20,18.9,378.0,30.72033105790615,0.0034218447084489027,Low Priority
4698-KVLLG,0,0.028198157,0.028198157,Low,Two year,No,51,19.6,999.6,28.186877243220806,0.003241836072406148,Low Priority
5095-AESKG,1,0.78289026,0.78289026,High,Month-to-month,Fiber optic,3,91.5,274.5,214.90337643027306,0.023465050583522253,Automated Retention
2887-JPYLU,0,0.10107732,0.10107732,Low,Month-to-month,DSL,41,45.2,1853.2,187.3164860725403,0.02173389821953999,Loyal / High Value
4770-QAZXN,0,0.09679315,0.09679315,Low,Month-to-month,No,13,19.45,252.85,24.474148582294582,0.002655480743310046,Low Priority
4896-CPRPF,0,0.01869258,0.01869258,Low,Two year,No,35,25.45,890.75,16.650414851494133,0.0019105160310426035,Low Priority
1871-MOWRM,1,0.3132157,0.3132157,Medium,Month-to-month,Fiber optic,12,80.85,970.1999999999999,303.8818748295307,0.03492983632049588,Low Priority
9714-EDSUC,0,0.52987164,0.52987164,Medium,Month-to-month,Fiber optic,4,94.9,379.6,201.13927552700045,0.022409237697664633,Low Priority
2027-OAQQC,1,0.24240968,0.24240968,Low,Month-to-month,DSL,43,49.05,2109.15,511.2783687964082,0.05939622408122142,Loyal / High Value
0282-NVSJS,0,0.23333827,0.23333827,Low,Month-to-month,DSL,12,29.3,351.6,82.0417345404625,0.009102468014836579,Low Priority
9090-SGQXL,1,0.50137883,0.50137883,Medium,Month-to-month,Fiber optic,68,105.3,7160.4,3590.0730047464367,0.4197120080015217,Loyal / High Value
6595-YGXIT,1,0.57680184,0.57680184,Medium,Month-to-month,Fiber optic,25,88.95,2223.75,1282.663083896041,0.1490785832438598,Loyal / High Value
7353-YOWFP,0,0.052723356,0.052723356,Low,One year,No,7,20.25,141.75,7.473535655066371,0.0007598387764851351,Low Priority
9835-ZIITK,1,0.3577763,0.3577763,Medium,One year,Fiber optic,66,110.85,7316.099999999999,2617.5272910028693,0.30602976091280126,Loyal / High Value
8008-ESFLK,0,0.25215712,0.25215712,Low,One year,Fiber optic,53,110.5,5856.5,1476.75818438828,0.17254520237441637,Loyal / High Value
7537-CBQUZ,0,0.258456,0.258456,Low,Month-to-month,Fiber optic,63,109.4,6892.200000000001,1781.3303863048554,0.208232301863753,Loyal / High Value
1555-DJEQW,1,0.084319,0.084319,Low,Two year,Fiber optic,70,114.2,7994.0,674.046109393239,0.07882371907096582,Loyal / High Value
5649-TJHOV,1,0.30225226,0.30225226,Medium,Month-to-month,DSL,27,36.5,985.5,297.8696050196886,0.03424925713597979,Low Priority
0519-XUZJU,1,0.7233064,0.7233064,High,Month-to-month,Fiber optic,1,70.75,70.75,51.173929035663605,0.004404511485760228,Automated Retention
3363-EWLGO,0,0.13511907,0.13511907,Low,Month-to-month,No,5,19.95,99.75,13.478126797825098,0.0012821043187064877,Low Priority
4750-UKWJK,0,0.037371833,0.037371833,Low,One year,No,37,19.6,725.2,27.102053202688694,0.0030944606555459516,Low Priority
6338-AVWCY,1,0.5773834,0.5773834,Medium,Month-to-month,DSL,3,40.15,120.44999999999999,69.5458304107189,0.006879574093836325,Low Priority
1689-YQBYY,0,0.57934093,0.57934093,Medium,Month-to-month,Fiber optic,12,76.6,919.1999999999999,532.5301872253417,0.06114480702034619,Low Priority
4487-ZYJZK,0,0.026916139,0.026916139,Low,One year,No,38,19.6,744.8000000000001,20.047140198946,0.002290547260524117,Low Priority
2959-FENLU,0,0.59460175,0.59460175,Medium,Month-to-month,Fiber optic,9,85.3,767.6999999999999,456.4757637619972,0.05219632066473286,Low Priority
0708-LGSMF,0,0.29019558,0.29019558,Low,Month-to-month,DSL,13,65.85,856.05,248.42192993760108,0.028479727699832858,Low Priority
9253-QXKBE,1,0.593853,0.593853,Medium,Month-to-month,Fiber optic,29,94.45,2739.05,1626.593050956726,0.18935537962026375,Loyal / High Value
7634-HLQJR,0,0.015058024,0.015058024,Low,Two year,No,47,20.05,942.35,14.189928779844195,0.0016301150988569603,Low Priority
0487-RPVUM,0,0.1538941,0.1538941,Low,Month-to-month,Fiber optic,61,99.4,6063.400000000001,933.1214654028416,0.10903838339114293,Loyal / High Value
4079-ULGFR,0,0.093090445,0.093090445,Low,Month-to-month,No,16,20.0,320.0,29.788942337036133,0.003286623449776732,Low Priority
2516-XSJKX,0,0.02896651,0.02896651,Low,Two year,DSL,41,78.45,3216.4500000000003,93.16933323936537,0.010857178689844278,Loyal / High Value
0057-QBUQH,0,0.03149672,0.03149672,Low,Two year,No,43,25.1,1079.3,33.994408304989335,0.003915307342074113,Low Priority
9445-SZLCH,1,0.3563234,0.3563234,Medium,Month-to-month,Fiber optic,36,97.35,3504.6,1248.7709567964077,0.145591719458208,Loyal / High Value
6599-SFQVE,0,0.4199474,0.4199474,Medium,Month-to-month,DSL,6,55.0,330.0,138.58263731002808,0.015318785921935288,Low Priority
8331-ZXFOE,0,0.04247064,0.04247064,Low,One year,DSL,58,71.1,4123.799999999999,175.14043114632366,0.02043581009557399,Loyal / High Value
4003-FUSHP,0,0.16520095,0.16520095,Low,Month-to-month,DSL,19,61.55,1169.45,193.1942494750023,0.022281563161003888,Low Priority
0356-ERHVT,0,0.22684862,0.22684862,Low,Month-to-month,DSL,11,45.9,504.9,114.53586682230234,0.012925627440338518,Low Priority
7325-ENZFI,0,0.056219738,0.056219738,Low,One year,DSL,39,40.3,1571.6999999999998,88.36056217812,0.010233452633176618,Loyal / High Value
4884-ZTHVF,0,0.68944556,0.68944556,High,Month-to-month,Fiber optic,8,87.1,696.8,480.40566287040707,0.05479230195429212,Automated Retention
3920-HIHMQ,0,0.1282557,0.1282557,Low,Month-to-month,DSL,26,49.5,1287.0,165.0650795996189,0.019065767129085292,Low Priority
3055-OYMSE,0,0.24423566,0.24423566,Low,Month-to-month,Fiber optic,53,73.8,3911.3999999999996,955.3033785402774,0.11143939282230902,Loyal / High Value
0613-WUXUM,0,0.015528025,0.015528025,Low,Two year,No,70,19.2,1344.0,20.86966574192047,0.002412056788017544,Low Priority
7568-PODML,1,0.69722044,0.69722044,High,Month-to-month,DSL,1,45.3,45.3,31.584086143970488,0.002165737737246858,Automated Retention
4458-KVRBJ,0,0.01714826,0.01714826,Low,Two year,No,59,25.0,1475.0,25.293683540076017,0.0029270555433661403,Loyal / High Value
5349-IECLD,1,0.72723603,0.72723603,High,Month-to-month,Fiber optic,2,94.95,189.9,138.10212256908417,0.014585296928726095,Automated Retention
1397-XKKWR,0,0.13024703,0.13024703,Low,One year,DSL,7,35.3,247.09999999999997,32.18404029309749,0.003485488113217105,Low Priority
3945-GFWQL,1,0.28905612,0.28905612,Low,Month-to-month,DSL,12,44.55,534.5999999999999,154.5294029831886,0.017476456756832806,Low Priority
8097-OMULG,0,0.06812722,0.06812722,Low,One year,DSL,59,76.75,4528.25,308.4970946479589,0.03601091322060276,Loyal / High Value
6013-BHCAW,0,0.020748612,0.020748612,Low,Two year,DSL,61,81.0,4941.0,102.51888961717486,0.011971213395563382,Loyal / High Value
0401-WDBXM,0,0.0679695,0.0679695,Low,Two year,Fiber optic,72,105.55,7599.599999999999,516.5410199403763,0.06039750484354229,Loyal / High Value
3387-PLKUI,0,0.07753739,0.07753739,Low,Month-to-month,No,13,18.8,244.4,18.950137531757356,0.0020504072867473617,Low Priority
6096-EGVTU,0,0.021665331,0.021665331,Low,One year,No,64,24.9,1593.6,34.52587144374847,0.003999268944743414,Loyal / High Value
3797-VTIDR,1,0.71810174,0.71810174,High,Month-to-month,DSL,1,23.45,23.45,16.839485800266264,0.0003914071983376213,Automated Retention
5081-NWSUP,0,0.1101613,0.1101613,Low,One year,DSL,10,64.9,649.0,71.49468176811934,0.00813761831677623,Low Priority
2580-ATZSQ,0,0.02996209,0.02996209,Low,One year,DSL,65,61.35,3987.75,119.4813274894841,0.01393919263209245,Loyal / High Value
8085-MSNLK,0,0.061953668,0.061953668,Low,Two year,Fiber optic,62,113.95,7064.900000000001,437.6964658830315,0.05116885513562775,Loyal / High Value
9691-HKOVS,0,0.09979768,0.09979768,Low,One year,DSL,55,90.15,4958.25,494.8218516893685,0.05778151435754139,Loyal / High Value
9881-VCZEP,0,0.16297609,0.16297609,Low,Month-to-month,DSL,25,54.1,1352.5,220.4251565039158,0.025478385934509778,Low Priority
9526-BIHHD,1,0.496451,0.496451,Medium,Month-to-month,DSL,1,29.7,29.7,14.7445944160223,0.0006342971441039042,Low Priority
8757-TFHHJ,0,0.467066,0.467066,Medium,Month-to-month,DSL,1,49.8,49.8,23.25988630056381,0.001697187463557997,Low Priority
4523-WXCEF,1,0.36420953,0.36420953,Medium,Month-to-month,Fiber optic,59,101.1,5964.9,2172.473441827297,0.253847794285895,Loyal / High Value
1468-DEFNC,0,0.016474726,0.016474726,Low,Two year,No,64,24.4,1561.6,25.726931619644162,0.002979323750103992,Loyal / High Value
5119-KEPFY,0,0.40913564,0.40913564,Medium,Month-to-month,Fiber optic,36,95.0,3420.0,1399.2438876628876,0.16311329445296538,Loyal / High Value
8364-TRMMK,1,0.52344817,0.52344817,Medium,Month-to-month,DSL,3,50.65,151.95,79.53794931471347,0.008169674106006525,Low Priority
0916-KNFAJ,0,0.015911618,0.015911618,Low,Two year,DSL,61,69.9,4263.900000000001,67.84554904606195,0.007917574388480697,Loyal / High Value
8319-QBEHW,0,0.09080713,0.09080713,Low,One year,DSL,26,39.95,1038.7,94.3213684476912,0.010855939886316137,Low Priority
3063-QFSZL,1,0.6671208,0.6671208,High,Month-to-month,DSL,1,55.4,55.4,36.95849311351776,0.002862038377278385,Automated Retention
8775-LHDJH,1,0.8741454,0.8741454,Critical,Month-to-month,Fiber optic,1,90.6,90.6,79.19757220745086,0.0073569531720872215,Automated Retention
9625-QNLUX,0,0.07963951,0.07963951,Low,Two year,Fiber optic,68,103.25,7021.0,559.1489949375391,0.06536615858991913,Loyal / High Value
3097-NQYSN,1,0.81240255,0.81240255,Critical,Month-to-month,Fiber optic,2,86.85,173.7,141.1143223106861,0.01475069796022332,Automated Retention
4024-CSNBY,0,0.030408153,0.030408153,Low,Two year,Fiber optic,72,94.25,6786.0,206.34972836449742,0.024120645991450387,Loyal / High Value
7110-BDTWG,0,0.07927639,0.07927639,Low,Two year,DSL,71,47.05,3340.5499999999997,264.8267458628863,0.03086744534460106,Loyal / High Value
7493-GVFIO,0,0.016342068,0.016342068,Low,Two year,No,57,20.55,1171.3500000000001,19.142281458433718,0.002207784435756079,Low Priority
0690-SRQID,0,0.15234213,0.15234213,Low,Month-to-month,No,4,19.65,78.6,11.974091085791587,0.0010678520162756828,Low Priority
9605-WGJVW,0,0.8256718,0.8256718,Critical,Month-to-month,Fiber optic,1,70.2,70.2,57.962159800529484,0.00497462609133055,Automated Retention
9114-DPSIA,0,0.013241114,0.013241114,Low,Two year,DSL,72,81.0,5832.0,77.22217740118504,0.009022557724142182,Loyal / High Value
4700-UBQMV,0,0.12874572,0.12874572,Low,One year,DSL,21,75.9,1593.9,205.2078027740121,0.023770088995915168,Loyal / High Value
7711-GQBZC,0,0.011077028,0.011077028,Low,Two year,No,71,24.7,1753.7,19.42578359656036,0.0022526180929440054,Loyal / High Value
3565-UNOCC,1,0.5437345,0.5437345,Medium,Month-to-month,Fiber optic,29,99.05,2872.45,1561.8501383036373,0.18187686724906862,Loyal / High Value
4627-MIHJH,0,0.12043303,0.12043303,Low,Two year,Fiber optic,69,110.25,7607.25,916.1641865819693,0.10712444270099529,Loyal / High Value
9795-NREXC,0,0.020581815,0.020581815,Low,Two year,DSL,64,85.0,5440.0,111.96507573127747,0.013078832708401164,Loyal / High Value
8573-CGOCC,0,0.100156255,0.100156255,Low,Month-to-month,No,16,19.75,316.0,31.64937660098076,0.003489126852697455,Low Priority
7356-AYNJP,0,0.08527896,0.08527896,Low,One year,No,4,23.9,95.6,8.152668392658233,0.000767702548376886,Low Priority
9249-FXSCK,1,0.23801437,0.23801437,Low,One year,Fiber optic,52,111.25,5785.0,1376.9131316244602,0.16087285041549176,Loyal / High Value
5493-SDRDQ,1,0.42061248,0.42061248,Medium,Month-to-month,DSL,2,55.1,110.2,46.35149576067925,0.004506280600314783,Low Priority
6286-SUUWT,0,0.35376236,0.35376236,Medium,Month-to-month,No,1,19.95,19.95,7.057559050619602,4.76869270666617e-05,Low Priority
4819-HJPIW,0,0.18259566,0.18259566,Low,Month-to-month,DSL,18,25.15,452.7,82.6610531643033,0.009286882835269163,Low Priority
8654-DHAOW,0,0.45250583,0.45250583,Medium,Month-to-month,DSL,2,54.15,108.3,49.00638105869293,0.004747195179110975,Low Priority
5438-QMDDL,0,0.18464504,0.18464504,Low,Month-to-month,DSL,19,59.8,1136.2,209.7936965197325,0.024184448815342832,Low Priority
9812-GHVRI,0,0.28969648,0.28969648,Low,Month-to-month,Fiber optic,40,83.85,3354.0,971.6420100331306,0.11325437407619238,Loyal / High Value
5553-AOINX,0,0.26211143,0.26211143,Low,One year,Fiber optic,66,104.9,6923.400000000001,1814.702242612839,0.21213598881931298,Loyal / High Value
1228-ZLNBX,0,0.29991508,0.29991508,Low,Month-to-month,Fiber optic,21,75.3,1581.3,474.2557085752487,0.05492982290411299,Loyal / High Value
4226-KKDON,0,0.2623758,0.2623758,Low,Month-to-month,DSL,8,66.65,533.2,139.8987775206566,0.01582029637645173,Low Priority
3831-YCPUO,0,0.02819463,0.02819463,Low,Two year,Fiber optic,72,109.5,7884.0,222.28646700829268,0.025993577451535986,Loyal / High Value
7445-WMRBW,0,0.06608879,0.06608879,Low,One year,DSL,48,73.85,3544.7999999999997,234.27153645157813,0.027314922547027942,Loyal / High Value
3308-DGHKL,0,0.017997706,0.017997706,Low,Two year,No,69,19.3,1331.7,23.96754549164325,0.0027697379750837845,Low Priority
9924-JPRMC,0,0.03916233,0.03916233,Low,Two year,Fiber optic,72,118.2,8510.4,333.2870960354805,0.03898054719444948,Loyal / High Value
0080-EMYVY,0,0.079592265,0.079592265,Low,One year,DSL,14,51.45,720.3000000000001,57.33030861541629,0.006544680001625661,Low Priority
6218-KNUBD,0,0.27428144,0.27428144,Low,Month-to-month,DSL,6,59.45,356.70000000000005,97.83619042038919,0.010863618167160556,Low Priority
7337-CINUD,0,0.028430566,0.028430566,Low,Two year,No,8,19.5,156.0,4.4351683259010315,0.0004572245031762909,Low Priority
7609-NRNCA,0,0.037531763,0.037531763,Low,One year,No,17,19.55,332.35,12.47368153780699,0.001379417243468822,Low Priority
0623-EJQEG,0,0.11472192,0.11472192,Low,One year,Fiber optic,65,93.55,6080.75,697.5952944625169,0.08151708111756104,Loyal / High Value
7153-CHRBV,0,0.029063363,0.029063363,Low,One year,DSL,57,59.3,3380.1,98.23707201965154,0.011450989403863576,Loyal / High Value
0871-URUWO,1,0.694445,0.694445,High,Month-to-month,Fiber optic,13,102.25,1329.25,923.0910348594189,0.10667144933845414,Automated Retention
9190-MFJLN,1,0.496711,0.496711,Medium,Month-to-month,Fiber optic,19,95.9,1822.1000000000001,905.0570874065162,0.10499330936698417,Loyal / High Value
6198-PNNSZ,0,0.20159654,0.20159654,Low,One year,Fiber optic,56,109.8,6148.8,1239.5768247842789,0.1448549805153147,Loyal / High Value
3317-VLGQT,0,0.59928817,0.59928817,Medium,Month-to-month,Fiber optic,14,78.1,1093.3999999999999,655.2616802334785,0.07548704317338423,Low Priority
4132-POCZS,0,0.2473119,0.2473119,Low,Month-to-month,DSL,52,39.9,2074.7999999999997,513.122740548849,0.05960161252043698,Loyal / High Value
5614-DNZCE,0,0.018677432,0.018677432,Low,Two year,DSL,58,64.9,3764.2000000000003,70.3055898733437,0.008199837555097862,Loyal / High Value
1095-JUDTC,1,0.4344196,0.4344196,Medium,Month-to-month,Fiber optic,47,95.05,4467.349999999999,1940.7044096902011,0.22652584878676785,Loyal / High Value
3896-RCYYE,0,0.110979624,0.110979624,Low,Month-to-month,DSL,67,53.4,3577.7999999999997,397.0628990784287,0.04629788097166731,Loyal / High Value
9638-JIQYA,0,0.5234206,0.5234206,Medium,Month-to-month,DSL,2,24.9,49.8,26.066344499588013,0.0019019642888113504,Low Priority
3258-SANFR,0,0.3222422,0.3222422,Medium,Month-to-month,DSL,6,44.7,268.20000000000005,86.42535814046862,0.009420386906112395,Low Priority
3726-TBHQT,0,0.042121142,0.042121142,Low,Two year,Fiber optic,71,114.0,8094.0,340.9285245537758,0.03986973076253928,Loyal / High Value
3190-ITQXP,0,0.014251001,0.014251001,Low,Two year,No,46,20.25,931.5,13.27480759844184,0.0015246259349531758,Low Priority
0870-VEMYL,1,0.2827513,0.2827513,Low,Month-to-month,DSL,5,53.85,269.25,76.13078536838293,0.008300715148978533,Low Priority
4833-QTJNO,0,0.1512012,0.1512012,Low,Month-to-month,Fiber optic,67,83.85,5617.95,849.4408010087907,0.09923553760123312,Loyal / High Value
3039-MJSLN,0,0.13975978,0.13975978,Low,Month-to-month,No,3,20.2,60.599999999999994,8.46944260597229,0.0006847757362639733,Low Priority
0178-CIIKR,0,0.15731078,0.15731078,Low,Month-to-month,No,3,19.95,59.849999999999994,9.415050414204597,0.0007569401347499677,Low Priority
5385-SUIRI,1,0.46998414,0.46998414,Medium,Month-to-month,Fiber optic,52,104.2,5418.400000000001,2546.5620857000354,0.29746417664494496,Loyal / High Value
3982-XWFZQ,1,0.22002047,0.22002047,Low,Month-to-month,DSL,42,50.25,2110.5,464.3532082736492,0.053945145276301745,Loyal / High Value
5774-QPLTF,0,0.02353479,0.02353479,Low,One year,No,50,20.35,1017.5000000000001,23.94664850085974,0.0027550865593174195,Low Priority
2322-VCZHZ,0,0.39088675,0.39088675,Medium,Month-to-month,Fiber optic,23,90.0,2070.0,809.1355803608894,0.09398289916887374,Loyal / High Value
5010-IPEAQ,0,0.015819015,0.015819015,Low,Two year,DSL,67,54.2,3631.4,57.445171003416185,0.006698679379426816,Loyal / High Value
4009-ALQFH,1,0.5919349,0.5919349,Medium,Month-to-month,Fiber optic,25,99.5,2487.5,1472.4381119012833,0.17129005713350592,Loyal / High Value
6383-ZTSIW,0,0.17137499,0.17137499,Low,One year,Fiber optic,39,99.1,3864.8999999999996,662.3472047880291,0.0772605676747878,Loyal / High Value
8990-YOZLV,0,0.018088335,0.018088335,Low,Two year,DSL,69,66.9,4616.1,83.49756398443134,0.009747456780196232,Loyal / High Value
3069-SSVSN,0,0.2816523,0.2816523,Low,One year,DSL,1,25.85,25.85,7.280711995065213,0.00023275139791903554,Low Priority
5222-IMUKT,0,0.4081226,0.4081226,Medium,Month-to-month,Fiber optic,32,91.05,2913.6,1189.1060048103332,0.13848383579646295,Loyal / High Value
3627-FCRDW,1,0.47533756,0.47533756,Medium,Month-to-month,Fiber optic,9,71.0,639.0,303.7407039999962,0.03455602468340046,Low Priority
7562-GSUHK,1,0.48533714,0.48533714,Medium,Month-to-month,Fiber optic,16,93.2,1491.2,723.7347404479981,0.083764347600606,Loyal / High Value
6685-XSHHU,0,0.01250609,0.01250609,Low,Two year,No,60,20.95,1257.0,15.720155261456966,0.0018151069916882575,Low Priority
8901-UPRHR,0,0.06905256,0.06905256,Low,Two year,Fiber optic,72,109.2,7862.400000000001,542.9188643932343,0.06348704475635594,Loyal / High Value
4903-UYAVB,1,0.13375714,0.13375714,Low,Month-to-month,No,5,19.35,96.75,12.941003702580929,0.0012221456994774172,Low Priority
0118-JPNOY,0,0.33111277,0.33111277,Medium,Month-to-month,Fiber optic,26,85.8,2230.7999999999997,738.6463722825049,0.08585210195103264,Loyal / High Value
6776-TLWOI,1,0.16113938,0.16113938,Low,Month-to-month,No,3,19.85,59.550000000000004,9.595850311964751,0.000769695927233862,Low Priority
3845-FXCYS,0,0.24088007,0.24088007,Low,Month-to-month,No,2,19.65,39.3,9.466586834192276,0.0005788214411097455,Low Priority
5857-XRECV,0,0.056639418,0.056639418,Low,One year,No,2,20.5,41.0,2.3222161382436752,0.00014738783286430293,Low Priority
0725-CXOTM,0,0.096701585,0.096701585,Low,One year,DSL,36,89.65,3227.4,312.09469464272263,0.03636964376046778,Loyal / High Value
4343-EJVQB,0,0.367981,0.367981,Medium,Month-to-month,Fiber optic,7,74.35,520.4499999999999,191.51570459753273,0.021637948007907627,Low Priority
9000-PLFUZ,0,0.045549836,0.045549836,Low,Two year,DSL,60,49.45,2967.0,135.14636344090104,0.01574104774520793,Loyal / High Value
3427-GGZZI,0,0.58153445,0.58153445,Medium,Month-to-month,Fiber optic,19,89.1,1692.8999999999999,984.4796624243259,0.1141160463771747,Loyal / High Value
7779-ORAEL,0,0.04147804,0.04147804,Low,Two year,DSL,45,75.15,3381.7500000000005,140.26836704369637,0.01635040555401099,Loyal / High Value
0644-OQMDK,0,0.65057623,0.65057623,High,Month-to-month,Fiber optic,4,70.65,282.6,183.85284368991853,0.020116983600581218,Automated Retention
4077-CROMM,1,0.5016023,0.5016023,Medium,Month-to-month,Fiber optic,31,104.2,3230.2000000000003,1620.2757238149645,0.1888181733782141,Loyal / High Value
3154-CFSZG,0,0.24817096,0.24817096,Low,Month-to-month,Fiber optic,47,90.05,4232.349999999999,1050.3463497288524,0.12257135405779142,Loyal / High Value
2868-MZAGQ,1,0.8434558,0.8434558,Critical,Month-to-month,Fiber optic,1,79.25,79.25,66.84387147426605,0.005976521778245304,Automated Retention
4847-QNOKA,1,0.5563943,0.5563943,Medium,Month-to-month,DSL,1,44.9,44.9,24.982103127241135,0.0017022096166989448,Low Priority
2220-IAHLS,0,0.23847754,0.23847754,Low,Month-to-month,No,1,19.4,19.4,4.6264643341302865,1.6772145278254336e-05,Low Priority
1658-XUHBX,0,0.2844854,0.2844854,Low,Month-to-month,Fiber optic,59,88.75,5236.25,1489.6366742998362,0.17398353675743652,Loyal / High Value
6379-RXJRQ,1,0.5407195,0.5407195,Medium,Month-to-month,Fiber optic,10,70.1,701.0,379.04437589645386,0.04323879983178315,Low Priority
2378-HTWFW,0,0.3089511,0.3089511,Medium,Month-to-month,Fiber optic,35,91.0,3185.0,984.0092842280865,0.11466159548090639,Loyal / High Value
8650-RHRKE,1,0.5757561,0.5757561,Medium,Month-to-month,DSL,4,29.65,118.6,68.28467025756835,0.0067353310302425305,Low Priority
4377-VDHYI,0,0.16235211,0.16235211,Low,One year,Fiber optic,32,90.8,2905.6,471.7303050994873,0.05493694736251281,Loyal / High Value
0475-RIJEP,1,0.42914662,0.42914662,Medium,Month-to-month,Fiber optic,43,77.85,3347.5499999999997,1436.589759917557,0.16744676053846097,Loyal / High Value
1260-TTRXI,1,0.44248483,0.44248483,Medium,Month-to-month,DSL,4,54.3,217.2,96.10770417451857,0.010290344787198442,Low Priority
3719-TDVQB,0,0.029813888,0.029813888,Low,Two year,No,54,18.95,1023.3,30.508551131375132,0.0035104147183758795,Low Priority
6328-ZPBGN,1,0.7718705,0.7718705,High,Month-to-month,Fiber optic,11,95.15,1046.65,807.8782524287701,0.09299595451327594,Automated Retention
0201-MIBOL,0,0.08178963,0.08178963,Low,Two year,Fiber optic,66,102.4,6758.400000000001,552.7670196533204,0.06461334567857992,Loyal / High Value
4937-QPZPO,0,0.2729984,0.2729984,Low,One year,Fiber optic,61,99.9,6093.900000000001,1663.6249045550824,0.194403194717571,Loyal / High Value
2925-VDZHY,0,0.014480711,0.014480711,Low,Two year,DSL,72,88.7,6386.400000000001,92.47961248084904,0.010808253834722389,Loyal / High Value
6981-TDRFT,0,0.13481285,0.13481285,Low,One year,DSL,44,54.3,2389.2,322.0948535263538,0.03745784555594677,Loyal / High Value
3413-CSSTH,0,0.13908781,0.13908781,Low,Month-to-month,DSL,41,55.7,2283.7000000000003,317.6348342373968,0.03692563571226598,Loyal / High Value
8033-VCZGH,0,0.3385748,0.3385748,Medium,One year,Fiber optic,50,103.95,5197.5,1759.7425069659948,0.20552528375656315,Loyal / High Value
4789-KWMXN,1,0.27526334,0.27526334,Low,One year,Fiber optic,47,110.85,5209.95,1434.108234487474,0.16749499293288042,Loyal / High Value
0224-NIJLP,0,0.024796052,0.024796052,Low,Two year,No,8,20.15,161.2,3.9971235670149325,0.00041388758805434403,Low Priority
7542-CYDDM,0,0.07354732,0.07354732,Low,Month-to-month,No,18,20.05,360.90000000000003,26.543227274715903,0.002949237819468995,Low Priority
4718-WXBGI,0,0.026634086,0.026634086,Low,Two year,DSL,72,91.95,6620.400000000001,176.32830244749786,0.02060994720931842,Loyal / High Value
2867-UIMSS,1,0.7955647,0.7955647,High,Month-to-month,Fiber optic,1,80.5,80.5,64.04295924305916,0.0057537442182217955,Automated Retention
8495-PRWFH,0,0.2273418,0.2273418,Low,Month-to-month,DSL,42,55.65,2337.2999999999997,531.365991309285,0.061784035710314655,Loyal / High Value
0439-IFYUN,0,0.48462003,0.48462003,Medium,Month-to-month,Fiber optic,18,74.7,1344.6000000000001,651.6200986504556,0.07531288001666772,Low Priority
5716-LIBJC,0,0.45657367,0.45657367,Medium,One year,Fiber optic,13,104.15,1353.95,618.1779139190912,0.07145469910615394,Low Priority
2868-LLSKM,0,0.07231181,0.07231181,Low,One year,Fiber optic,68,83.65,5688.200000000001,411.32404417842633,0.04805473815275962,Loyal / High Value
8111-RKSPX,1,0.6683395,0.6683395,High,Month-to-month,Fiber optic,4,72.2,288.8,193.01644496917726,0.021151967195756256,Automated Retention
2988-QRAJY,0,0.12930655,0.12930655,Low,Two year,Fiber optic,69,110.05,7593.45,981.8828585028648,0.11480822103253138,Loyal / High Value
1585-MQSSU,1,0.12615971,0.12615971,Low,Month-to-month,DSL,17,51.5,875.5,110.4528284445405,0.012668912444474694,Low Priority
0071-NDAFP,0,0.022670357,0.022670357,Low,Two year,No,25,25.5,637.5,14.452352304942906,0.0016441004315542443,Low Priority
2856-NNASM,1,0.36761355,0.36761355,Medium,Month-to-month,Fiber optic,43,89.55,3850.65,1415.5511317133903,0.1651162787061813,Loyal / High Value
7328-ZJAJO,0,0.016523836,0.016523836,Low,Two year,No,59,19.5,1150.5,19.010673525743186,0.0021919572165168457,Low Priority
6458-CYIDZ,0,0.41468,0.41468,Medium,Month-to-month,Fiber optic,5,80.7,403.5,167.32338166236877,0.018699291727414098,Low Priority
8559-CIZFV,1,0.06321335,0.06321335,Low,One year,DSL,21,77.5,1627.5,102.87972450256348,0.011919930789672782,Loyal / High Value
1090-PYKCI,0,0.082046755,0.082046755,Low,One year,Fiber optic,69,105.1,7251.9,594.9948601059615,0.06956259156020102,Loyal / High Value
3058-WQDRE,0,0.2914673,0.2914673,Low,Month-to-month,DSL,13,25.15,326.95,95.29523667693138,0.010527903608843649,Low Priority
7547-EKNFS,1,0.3601973,0.3601973,Medium,Month-to-month,Fiber optic,42,95.25,4000.5,1440.9693213701248,0.16811206067415527,Loyal / High Value
2279-AXJJK,0,0.25853366,0.25853366,Low,Month-to-month,Fiber optic,52,95.65,4973.8,1285.8947011828423,0.15015874301842835,Loyal / High Value
6769-DYBQN,1,0.30348706,0.30348706,Medium,Month-to-month,Fiber optic,46,85.0,3910.0,1186.6344141960144,0.1384247066557899,Loyal / High Value
0909-SELIE,0,0.016171388,0.016171388,Low,Two year,DSL,61,80.8,4928.8,79.70553879141808,0.009307192035217817,Loyal / High Value
3417-TSCIC,0,0.0854003,0.0854003,Low,One year,DSL,29,24.85,720.6500000000001,61.54372492507101,0.007025764173645015,Low Priority
1042-HFUCW,0,0.049822085,0.049822085,Low,One year,DSL,25,54.75,1368.75,68.19397830404341,0.007883688474476788,Low Priority
4439-JMPMT,1,0.6424952,0.6424952,High,Month-to-month,Fiber optic,5,85.75,428.75,275.4698234051466,0.03087384112015791,Automated Retention
6537-OTKMY,0,0.30941397,0.30941397,Medium,One year,DSL,15,50.75,761.25,235.5413842946291,0.02692756021048787,Low Priority
8999-EXMNO,0,0.017466502,0.017466502,Low,Two year,No,19,20.15,382.84999999999997,6.687050391826778,0.0007453441660330209,Low Priority
6725-TPKJO,0,0.015262534,0.015262534,Low,Two year,No,44,20.05,882.2,13.464607415907086,0.0015446445726730496,Low Priority
2446-BEGGB,1,0.84479696,0.84479696,Critical,Month-to-month,Fiber optic,6,98.25,589.5,498.0078053176403,0.056513224699061476,Automated Retention
7162-WPHPM,0,0.017498389,0.017498389,Low,Two year,DSL,58,71.6,4152.799999999999,72.6673093676567,0.008479268995755743,Loyal / High Value
1599-MMYRQ,0,0.04559696,0.04559696,Low,One year,Fiber optic,62,81.45,5049.900000000001,230.26009301058951,0.026889871312953343,Loyal / High Value
8821-KVZKQ,0,0.062393438,0.062393438,Low,One year,DSL,70,58.4,4088.0,255.0643748342991,0.02976033596663588,Loyal / High Value
1496-GGSUK,1,0.71854293,0.71854293,High,Month-to-month,DSL,1,25.7,25.7,18.466553390026093,0.0005811546137591366,Automated Retention
6434-TTGJP,0,0.03115489,0.03115489,Low,Two year,DSL,10,53.7,537.0,16.730175722390413,0.001892402451901102,Low Priority
0042-JVWOJ,0,0.029914044,0.029914044,Low,One year,No,26,19.6,509.6,15.244196742773056,0.0017209551667421497,Low Priority
0130-SXOUN,0,0.19881606,0.19881606,Low,Month-to-month,Fiber optic,66,89.4,5900.400000000001,1173.094286441803,0.13706823711724364,Loyal / High Value
2575-GFSOE,1,0.5567127,0.5567127,Medium,Month-to-month,Fiber optic,7,69.0,483.0,268.89222782850266,0.03029187327839115,Low Priority
2330-PQGDQ,0,0.0738014,0.0738014,Low,One year,Fiber optic,51,84.2,4294.2,316.9179644823074,0.036985476626347345,Loyal / High Value
1452-UZOSF,0,0.04999839,0.04999839,Low,Two year,Fiber optic,72,106.1,7639.2,381.9477117329836,0.04466050989008512,Loyal / High Value
2097-YVPKN,0,0.014388345,0.014388345,Low,Two year,No,65,25.75,1673.75,24.0824927482754,0.002791165587356396,Loyal / High Value
2842-JTCCU,1,0.4554356,0.4554356,Medium,Month-to-month,DSL,2,46.05,92.1,41.94561911523342,0.003913098950056388,Low Priority
8597-CTXVJ,0,0.032363202,0.032363202,Low,One year,DSL,70,64.95,4546.5,147.13929981552064,0.017175880486915197,Loyal / High Value
6631-HMANX,0,0.01705765,0.01705765,Low,Two year,DSL,72,85.45,6152.400000000001,104.94548457562924,0.012263784785206525,Loyal / High Value
9962-BFPDU,0,0.35144773,0.35144773,Medium,Month-to-month,No,1,20.05,20.05,7.0465270116925245,5.149447487699342e-05,Low Priority
3296-SILRA,1,0.7999013,0.7999013,High,Month-to-month,Fiber optic,1,76.4,76.4,61.112459826469426,0.005400683990744658,Automated Retention
9681-OXGVC,1,0.8462389,0.8462389,Critical,Month-to-month,Fiber optic,5,100.5,502.5,425.2350528538227,0.04797985761958074,Automated Retention
6394-HHHZM,0,0.13953103,0.13953103,Low,Month-to-month,No,3,20.7,62.099999999999994,8.664877040684223,0.0007081880219859216,Low Priority
5995-LFTLE,0,0.02134499,0.02134499,Low,Two year,No,58,25.3,1467.4,31.32163764834404,0.0036243848280459977,Loyal / High Value
5180-UCIIQ,1,0.234768,0.234768,Low,Month-to-month,DSL,22,40.05,881.0999999999999,206.85408764183518,0.023729422494045273,Low Priority
1932-UEDCX,0,0.48111767,0.48111767,Medium,Month-to-month,Fiber optic,33,100.6,3319.7999999999997,1597.2144268155096,0.18616014332087835,Loyal / High Value
7153-OANIO,1,0.7678736,0.7678736,High,Month-to-month,Fiber optic,1,69.95,69.95,53.71275728642941,0.004603893225362828,Automated Retention
5188-HGMLP,0,0.2554558,0.2554558,Low,Month-to-month,Fiber optic,54,74.0,3996.0,1020.8013446331024,0.11909212956494257,Loyal / High Value
0665-XHDJU,0,0.09449555,0.09449555,Low,Two year,Fiber optic,72,99.4,7156.8,676.2857507944108,0.07906381686728808,Loyal / High Value
6521-YYTYI,1,0.86137456,0.86137456,Critical,Month-to-month,Fiber optic,1,93.3,93.3,80.36624616980552,0.0075220841731364705,Automated Retention
8878-HMWBV,1,0.54887074,0.54887074,Medium,Month-to-month,DSL,3,49.15,147.45,80.93099095523357,0.008276938883111226,Low Priority
8265-HKSOW,0,0.04014672,0.04014672,Low,Two year,Fiber optic,72,107.45,7736.400000000001,310.5910820111633,0.03631802368734454,Loyal / High Value
3544-FBCAS,0,0.016144516,0.016144516,Low,Two year,DSL,72,83.6,6019.2,97.17707038521766,0.011355208351160833,Loyal / High Value
5331-RGMTT,0,0.4727504,0.4727504,Medium,Month-to-month,Fiber optic,54,99.05,5348.7,2528.600040605664,0.2953526272001101,Loyal / High Value
4759-PXTAN,0,0.10980557,0.10980557,Low,One year,DSL,59,80.1,4725.9,518.930138786137,0.06058535658382716,Loyal / High Value
7054-DMVAS,0,0.021526564,0.021526564,Low,Two year,DSL,54,65.3,3526.2,75.90696966871619,0.008850134830640323,Loyal / High Value
3428-MMGUB,0,0.08522606,0.08522606,Low,Two year,Fiber optic,60,89.55,5373.0,457.9196147918701,0.053488063213079376,Loyal / High Value
6549-BTYPG,0,0.019222569,0.019222569,Low,Two year,DSL,60,60.8,3648.0,70.12393069267273,0.008177342742020564,Loyal / High Value
7823-JSOAG,0,0.6648231,0.6648231,High,Month-to-month,Fiber optic,3,74.5,223.5,148.58796617388725,0.015951951849012335,Automated Retention
3705-RHRFR,0,0.0651644,0.0651644,Low,Two year,Fiber optic,69,99.15,6841.35,445.8124824933708,0.052113113247067015,Loyal / High Value
9374-YOLBJ,0,0.25044027,0.25044027,Low,Month-to-month,No,1,19.25,19.25,4.820975191891193,1.3210113626322775e-05,Low Priority
9074-KGVOX,0,0.12480269,0.12480269,Low,Month-to-month,DSL,50,39.45,1972.5000000000002,246.17331337183717,0.028580624382245647,Loyal / High Value
6128-DAFVY,0,0.21151887,0.21151887,Low,Month-to-month,DSL,56,44.85,2511.6,531.250790888071,0.06180540089958695,Loyal / High Value
9933-QRGTX,0,0.051865313,0.051865313,Low,Two year,Fiber optic,60,97.2,5832.0,302.4785065948963,0.03534126954082615,Loyal / High Value
4476-OSWTN,0,0.2612134,0.2612134,Low,One year,Fiber optic,69,110.55,7627.95,1992.5226936534048,0.23298151278641246,Loyal / High Value
3751-KTZEL,1,0.61065423,0.61065423,High,Month-to-month,DSL,1,35.05,35.05,21.403430932760237,0.0011631577406344068,Automated Retention
1977-STDKI,1,0.8058067,0.8058067,Critical,Month-to-month,Fiber optic,1,73.0,73.0,58.82388883829117,0.00511941144806008,Automated Retention
5066-GFJMM,0,0.17244932,0.17244932,Low,Month-to-month,No,3,19.9,59.699999999999996,10.295224437117575,0.0008267508921005941,Low Priority
2661-GKBTK,0,0.016503284,0.016503284,Low,Two year,DSL,60,76.95,4617.0,76.19566109217703,0.008895043998218539,Loyal / High Value
0458-HEUZG,0,0.04215053,0.04215053,Low,Two year,DSL,13,35.4,460.2,19.397674349695443,0.0021808472861461086,Low Priority
7268-WNTCP,0,0.011096836,0.011096836,Low,Two year,No,62,20.45,1267.8999999999999,14.069678450282662,0.0016247489136591831,Low Priority
0824-VWDPO,0,0.12418407,0.12418407,Low,One year,Fiber optic,45,96.75,4353.75,540.6664035469294,0.06310152651362025,Loyal / High Value
8409-WQJUX,0,0.14237225,0.14237225,Low,One year,DSL,25,54.2,1355.0,192.91439950466156,0.02229906709421781,Low Priority
2578-JQPHZ,0,0.067253515,0.067253515,Low,Two year,Fiber optic,44,100.1,4404.4,296.21138201355933,0.03457274661585968,Loyal / High Value
3278-FSIXX,0,0.506466,0.506466,Medium,Month-to-month,DSL,2,45.25,90.5,45.83517041802406,0.004256565331300442,Low Priority
5813-UECBU,1,0.40315622,0.40315622,Medium,Month-to-month,Fiber optic,33,83.85,2767.0499999999997,1115.553421077132,0.12987318127859726,Loyal / High Value
0328-GRPMV,1,0.8126813,0.8126813,Critical,Month-to-month,Fiber optic,1,70.1,70.1,56.968960344791405,0.0048868332214692615,Automated Retention
9746-UGFAC,0,0.03246293,0.03246293,Low,One year,No,22,20.85,458.70000000000005,14.89074527733028,0.0016739077999086075,Low Priority
2946-KIQSP,0,0.14395387,0.14395387,Low,Month-to-month,DSL,35,33.45,1170.75,168.53399881348014,0.019437789053003605,Low Priority
0625-AFOHS,0,0.014218675,0.014218675,Low,Two year,No,29,20.2,585.8,8.329299798980355,0.0009450005520318912,Low Priority
6726-WEXXK,0,0.18127233,0.18127233,Low,One year,Fiber optic,27,85.9,2319.3,420.42491009831434,0.048881398904467785,Loyal / High Value
4636-OLWOE,0,0.065155,0.065155,Low,One year,DSL,54,61.0,3294.0,214.6205683350563,0.025013556632661138,Loyal / High Value
4342-HENTK,1,0.6688025,0.6688025,High,Month-to-month,Fiber optic,2,70.65,141.3,94.501793217659,0.009603374228943405,Automated Retention
4685-ERGHK,0,0.2197115,0.2197115,Low,One year,Fiber optic,57,86.9,4953.3,1088.2969602003693,0.12708251876040413,Loyal / High Value
0885-HMGPY,0,0.014656394,0.014656394,Low,Two year,DSL,62,69.4,4302.8,63.06353119425476,0.0073598076461724215,Loyal / High Value
5003-OKNNK,0,0.036162507,0.036162507,Low,One year,No,15,20.35,305.25,11.0386051973328,0.0012142195786876617,Low Priority
4195-SMMNX,1,0.17265089,0.17265089,Low,Month-to-month,No,2,20.35,40.7,7.026891164481641,0.00044320312025415346,Low Priority
7208-PSIHR,0,0.11670325,0.11670325,Low,Two year,Fiber optic,70,104.3,7301.0,852.0504247024655,0.0996174516611497,Loyal / High Value
4012-ZTHBR,0,0.25224316,0.25224316,Low,Month-to-month,DSL,21,44.95,943.95,238.10493201613428,0.027354037015372576,Low Priority
0489-WMEMG,0,0.10054442,0.10054442,Low,One year,DSL,23,49.45,1137.3500000000001,114.35419934540988,0.013182666470783653,Low Priority
7435-ZNUYY,0,0.04157114,0.04157114,Low,One year,No,6,20.6,123.60000000000001,5.1381929397583015,0.0005106732349867939,Low Priority
1354-YZFNB,0,0.027766157,0.027766157,Low,Two year,No,4,19.55,78.2,2.17131347283721,0.00019332681478973022,Low Priority
6956-SMUCM,1,0.7177374,0.7177374,High,Month-to-month,Fiber optic,3,99.0,297.0,213.16800087690353,0.02340521124755406,Automated Retention
2985-FMWYF,0,0.61263156,0.61263156,High,Month-to-month,Fiber optic,23,93.5,2150.5,1317.4641684293747,0.15307889805809052,Priority Retention
2812-ENYMO,0,0.09180515,0.09180515,Low,One year,DSL,26,54.55,1418.3,130.20724792554975,0.015060168681634815,Loyal / High Value
2717-HVIZY,0,0.115367,0.115367,Low,Month-to-month,No,8,20.05,160.4,18.50486724674702,0.0019148499149457458,Low Priority
3223-WZWJM,1,0.5328747,0.5328747,Medium,Month-to-month,Fiber optic,26,83.95,2182.7000000000003,1163.1056151270868,0.13516124000176172,Loyal / High Value
3422-GALYP,0,0.7517081,0.7517081,High,Month-to-month,Fiber optic,2,79.45,158.9,119.44641554951669,0.012344606087276876,Automated Retention
9053-JZFKV,1,0.12660788,0.12660788,Low,Two year,Fiber optic,67,116.2,7785.400000000001,985.692988923192,0.11526077934865687,Loyal / High Value
2530-ENDWQ,1,0.12350267,0.12350267,Low,Two year,Fiber optic,71,93.7,6652.7,821.6262241423129,0.09603624037814179,Loyal / High Value
2890-WFBHU,0,0.064343415,0.064343415,Low,One year,DSL,59,79.85,4711.15,303.1314805228263,0.03539031136499589,Loyal / High Value
0327-WFZSY,0,0.29555234,0.29555234,Low,One year,Fiber optic,39,100.0,3900.0,1152.6541382074356,0.1344591328484374,Loyal / High Value
7977-HXJKU,0,0.019267723,0.019267723,Low,Two year,No,21,19.6,411.6,7.930594772100449,0.0008871391574891992,Low Priority
6615-ZGEDR,1,0.33257714,0.33257714,Medium,Month-to-month,No,1,19.7,19.7,6.551769641041756,3.50852664601999e-05,Low Priority
7033-CLAMM,0,0.01457583,0.01457583,Low,Two year,No,48,20.2,969.5999999999999,14.132724505662917,0.0016244723962337638,Low Priority
4023-RTIQM,0,0.14428133,0.14428133,Low,One year,DSL,31,50.4,1562.3999999999999,225.42514643669128,0.026105665964397912,Loyal / High Value
0864-FVJNJ,0,0.12328939,0.12328939,Low,One year,Fiber optic,64,113.35,7254.4,894.3905609607696,0.10456591340051563,Loyal / High Value
7356-IWLFW,0,0.26451248,0.26451248,Low,Month-to-month,Fiber optic,46,80.0,3680.0,973.4059238433838,0.1135166318023777,Loyal / High Value
9541-PWTWO,0,0.027447088,0.027447088,Low,Two year,DSL,52,80.95,4209.400000000001,115.53577092327178,0.01348224935234145,Loyal / High Value
3967-VQOGC,0,0.012839937,0.012839937,Low,Two year,No,67,24.9,1668.3,21.42086631534621,0.0024825904335031373,Loyal / High Value
7872-RDDLZ,0,0.14263074,0.14263074,Low,Month-to-month,DSL,67,54.9,3678.2999999999997,524.6386546209454,0.06118215452575746,Loyal / High Value
9250-WYPLL,1,0.65028995,0.65028995,High,Month-to-month,Fiber optic,5,75.55,377.75,245.64702965319157,0.027360931468187126,Automated Retention
6308-CQRBU,0,0.13851467,0.13851467,Low,Two year,Fiber optic,71,109.25,7756.75,1074.4236490651965,0.12563526506370823,Loyal / High Value
2754-XBHTB,1,0.5763941,0.5763941,Medium,Month-to-month,Fiber optic,9,77.65,698.85,402.8130035877228,0.045946267214781886,Low Priority
1597-LHYNC,1,0.47636038,0.47636038,Medium,Month-to-month,Fiber optic,26,95.0,2470.0,1176.6101402044296,0.13686873652571943,Loyal / High Value
0186-CAERR,0,0.20851415,0.20851415,Low,One year,Fiber optic,71,116.3,8257.3,1721.763923472166,0.20136016707822668,Loyal / High Value
3043-SUDUA,0,0.063165665,0.063165665,Low,Month-to-month,No,32,19.9,636.8,40.22389526367187,0.004575719801179466,Low Priority
5442-BHQNG,0,0.5968214,0.5968214,Medium,Month-to-month,Fiber optic,2,70.35,140.7,83.97277482748031,0.008527819297799737,Low Priority
2169-RRLFW,0,0.01340422,0.01340422,Low,Two year,No,71,25.6,1817.6000000000001,24.36351089477539,0.0028262743286212766,Loyal / High Value
5872-OEQNH,0,0.12981601,0.12981601,Low,One year,DSL,60,44.45,2667.0,346.2193002551794,0.04029664751219116,Loyal / High Value
3162-KKZXO,0,0.38350657,0.38350657,Medium,One year,Fiber optic,55,100.15,5508.25,2112.450043745339,0.24676951897730215,Loyal / High Value
7055-VKGDA,1,0.24799044,0.24799044,Low,One year,Fiber optic,54,105.4,5691.6,1411.4624127924444,0.16490062270718728,Loyal / High Value
0754-UKWQP,1,0.79157346,0.79157346,High,Month-to-month,Fiber optic,2,95.85,191.7,151.7446332156658,0.016042649577562507,Automated Retention
8873-GLDMH,0,0.6495742,0.6495742,High,Month-to-month,Fiber optic,6,73.85,443.09999999999997,287.8263369619846,0.03230663231697662,Automated Retention
5696-JVVQY,0,0.025642216,0.025642216,Low,Two year,DSL,48,70.1,3364.7999999999997,86.28092908859253,0.010057067636900705,Loyal / High Value
8946-BFWSG,0,0.012248974,0.012248974,Low,Two year,No,63,25.25,1590.75,19.48505585733801,0.0022569832075933945,Loyal / High Value
7493-TPUWZ,1,0.84821165,0.84821165,Critical,Month-to-month,Fiber optic,1,79.15,79.15,67.13595178723335,0.006000278136830579,Automated Retention
0547-HURJB,0,0.10018505,0.10018505,Low,Month-to-month,No,12,21.05,252.60000000000002,25.306744024157528,0.0027456002736803695,Low Priority
8904-OPDCK,0,0.21713483,0.21713483,Low,Month-to-month,DSL,54,24.95,1347.3,292.54576095342634,0.03381278437813108,Low Priority
8845-LWKGE,0,0.086239435,0.086239435,Low,One year,DSL,30,64.5,1935.0,166.8733062967658,0.01937031190488166,Loyal / High Value
1577-HKTFG,1,0.07185923,0.07185923,Low,Month-to-month,No,30,19.65,589.5,42.361017901450396,0.004807068679613793,Low Priority
8752-STIVR,1,0.7194941,0.7194941,High,Month-to-month,Fiber optic,4,79.0,316.0,227.3601369857788,0.025064896828504043,Automated Retention
0691-NIKRI,0,0.30836296,0.30836296,Medium,One year,Fiber optic,40,105.95,4238.0,1306.842227935791,0.15250433752255962,Loyal / High Value
5022-JNQEQ,0,0.4608069,0.4608069,Medium,Month-to-month,Fiber optic,9,75.85,682.65,314.5698345333338,0.03585740161950673,Low Priority
4558-FANTW,1,0.40801838,0.40801838,Medium,Month-to-month,Fiber optic,17,91.85,1561.4499999999998,637.1003000810741,0.07377972085163728,Loyal / High Value
3249-VHRIP,0,0.032988816,0.032988816,Low,Two year,DSL,62,43.6,2703.2000000000003,89.1753687620163,0.010380155079217666,Loyal / High Value
3736-BLEPA,0,0.10846371,0.10846371,Low,One year,Fiber optic,28,91.25,2555.0,277.12478425353765,0.032244662704806984,Loyal / High Value
4701-LKOZD,0,0.023637544,0.023637544,Low,Two year,DSL,70,89.75,6282.5,148.50287246517837,0.017354942637746167,Loyal / High Value
6603-QWSPR,0,0.11203618,0.11203618,Low,Two year,Fiber optic,46,104.4,4802.400000000001,538.0425675272942,0.06282073885009576,Loyal / High Value
9921-QFQUL,0,0.3336828,0.3336828,Medium,Month-to-month,Fiber optic,23,90.15,2073.4500000000003,691.8746126487852,0.08036400223991345,Loyal / High Value
1929-ZCBHE,0,0.06959144,0.06959144,Low,One year,DSL,47,40.3,1894.1,131.81314699724317,0.015297358861631123,Loyal / High Value
4378-MYPGO,0,0.08545763,0.08545763,Low,Two year,Fiber optic,68,105.25,7157.0,611.62026116997,0.07150385147662776,Loyal / High Value
8651-ENBZX,1,0.3047225,0.3047225,Medium,One year,Fiber optic,60,106.0,6360.0,1938.0350232124329,0.22649876224205442,Loyal / High Value
4129-LYCOI,0,0.102847315,0.102847315,Low,Two year,Fiber optic,67,104.0,6968.0,716.6400935053825,0.0837756193708279,Loyal / High Value
7798-JVXYM,0,0.32073563,0.32073563,Medium,Month-to-month,DSL,14,69.65,975.1000000000001,312.74931610226633,0.035952677957948355,Low Priority
8647-SDTWQ,0,0.31308588,0.31308588,Medium,Month-to-month,Fiber optic,57,74.3,4235.099999999999,1325.9500267177818,0.15473368483933003,Loyal / High Value
2696-ECXKC,0,0.13261276,0.13261276,Low,One year,Fiber optic,55,100.9,5549.5,735.9345384538174,0.0859716591423144,Loyal / High Value
2081-KJSQF,0,0.40947562,0.40947562,Medium,Month-to-month,No,1,20.25,20.25,8.291881397366524,6.95962649584934e-05,Low Priority
7623-TRNQN,1,0.40633327,0.40633327,Medium,Month-to-month,DSL,1,49.9,49.9,20.276030057668684,0.0014812646081583084,Low Priority
3323-CPBWR,0,0.38954774,0.38954774,Medium,Month-to-month,Fiber optic,23,96.9,2228.7000000000003,868.1850380033255,0.10090743864600708,Loyal / High Value
9330-IJWIO,1,0.6943351,0.6943351,High,Month-to-month,Fiber optic,13,100.35,1304.55,905.7948586642742,0.10464428904810771,Automated Retention
3384-CTMSF,0,0.5602237,0.5602237,Medium,Month-to-month,Fiber optic,47,104.1,4892.7,2741.006490218639,0.32005746960388426,Loyal / High Value
0902-RFHOF,0,0.02479658,0.02479658,Low,One year,No,38,20.1,763.8000000000001,18.939628488197926,0.002165399095948663,Low Priority
9286-DOJGF,1,0.39837977,0.39837977,Medium,Month-to-month,Fiber optic,38,74.95,2848.1,1134.6254312008618,0.1321192670984519,Loyal / High Value
6048-QBXKL,0,0.6069835,0.6069835,High,Month-to-month,DSL,2,56.55,113.1,68.64983190894127,0.006709319020957537,Automated Retention
9661-MHUMO,1,0.5038981,0.5038981,Medium,Month-to-month,DSL,1,49.25,49.25,24.81698064506054,0.001798539087441816,Low Priority
7718-RXDGG,0,0.42245016,0.42245016,Medium,Month-to-month,Fiber optic,15,68.6,1029.0,434.7012095153332,0.05002334332813223,Low Priority
1025-FALIX,0,0.25725135,0.25725135,Low,Month-to-month,Fiber optic,26,69.05,1795.3,461.84335237443446,0.05356890319714522,Loyal / High Value
3451-VAWLI,0,0.01711628,0.01711628,Low,Two year,No,35,19.7,689.5,11.801675247959793,0.001345635922125241,Low Priority
3407-QGWLG,0,0.16297998,0.16297998,Low,Month-to-month,No,3,20.05,60.150000000000006,9.803245516866447,0.000789950063346626,Low Priority
1842-EZJMK,1,0.3483259,0.3483259,Medium,Month-to-month,Fiber optic,50,103.7,5185.0,1806.069833934307,0.21093413668187908,Loyal / High Value
2347-WKKAE,0,0.36851284,0.36851284,Medium,Month-to-month,Fiber optic,42,94.4,3964.8,1461.0797043800355,0.17045101076112995,Loyal / High Value
8735-DCXNF,0,0.15844768,0.15844768,Low,Month-to-month,DSL,10,54.95,549.5,87.06700173020363,0.00985654835105054,Low Priority
3214-IYUUQ,0,0.07397436,0.07397436,Low,One year,Fiber optic,61,93.7,5715.7,422.8152694903314,0.049398039133582795,Loyal / High Value
1936-UAFEH,0,0.08921963,0.08921963,Low,Two year,Fiber optic,68,110.25,7497.0,668.879564344883,0.07820731377828549,Loyal / High Value
3587-PMCOY,0,0.53900963,0.53900963,Medium,One year,Fiber optic,10,98.9,989.0,533.0805247426033,0.06129819294891899,Low Priority
8079-XRJRS,1,0.09988451,0.09988451,Low,One year,Fiber optic,65,89.75,5833.75,582.7012604475021,0.06808226646412519,Loyal / High Value
1027-LKKQQ,0,0.011932639,0.011932639,Low,Two year,DSL,72,80.45,5792.400000000001,69.11862049028278,0.008075568134549219,Loyal / High Value
7148-XZPHA,0,0.17065945,0.17065945,Low,Month-to-month,Fiber optic,55,79.4,4367.0,745.269829839468,0.08698206959503288,Loyal / High Value
8073-IJDCM,1,0.42872438,0.42872438,Medium,Month-to-month,No,1,20.3,20.3,8.703104880452157,7.538055226944571e-05,Low Priority
5309-TAIKL,0,0.19881411,0.19881411,Low,Month-to-month,DSL,7,62.8,439.59999999999997,87.39868230223655,0.009806472366565344,Low Priority
6856-RAURS,0,0.70792,0.70792,High,Month-to-month,Fiber optic,2,74.9,149.8,106.04641822576524,0.01087039595208531,Automated Retention
8778-LMWTJ,0,0.4187058,0.4187058,Medium,Month-to-month,Fiber optic,9,74.85,673.65,282.0611562654376,0.032139615457405776,Low Priority
9717-IOAAF,0,0.022270195,0.022270195,Low,Two year,No,27,25.85,697.95,15.543482730165126,0.0017728810789415005,Low Priority
8884-ADFVN,1,0.83983713,0.83983713,Critical,Month-to-month,Fiber optic,7,101.95,713.65,599.3497705966234,0.06840313584016271,Automated Retention
2845-KDHVX,0,0.014830555,0.014830555,Low,Two year,DSL,64,68.3,4371.2,64.82732129693031,0.007566169690784759,Loyal / High Value
0848-SOMKO,0,0.018454477,0.018454477,Low,Two year,DSL,70,48.4,3388.0,62.52376872301102,0.007288168669333827,Loyal / High Value
2720-WGKHP,1,0.848311,0.848311,Critical,Month-to-month,Fiber optic,2,94.0,188.0,159.48246932029724,0.016824622841835557,Automated Retention
6734-FQAJX,0,0.09590304,0.09590304,Low,Two year,Fiber optic,67,105.05,7038.349999999999,674.999154394865,0.07890990449902331,Loyal / High Value
2869-ADAWR,1,0.33374354,0.33374354,Medium,Month-to-month,Fiber optic,45,89.3,4018.5,1341.1484252661467,0.15646966976139468,Loyal / High Value
1535-VTJOQ,0,0.025623497,0.025623497,Low,Two year,No,24,25.15,603.5999999999999,15.46634256094694,0.0017564493652072644,Low Priority
6368-TZZDT,0,0.026789794,0.026789794,Low,Two year,No,4,19.5,78.0,2.0896039120852947,0.00018590066927105792,Low Priority
0943-ZQPXH,0,0.2954845,0.2954845,Low,Month-to-month,Fiber optic,44,92.95,4089.8,1208.4725614488125,0.1410021395118598,Loyal / High Value
1293-BSEUN,0,0.009725141,0.009725141,Low,Two year,No,72,20.7,1490.3999999999999,14.494350651651619,0.0016775504025785754,Loyal / High Value
9894-EZEWG,1,0.7402347,0.7402347,High,Month-to-month,Fiber optic,1,74.3,74.3,54.999436205625535,0.004815620821547839,Automated Retention
1302-TPUBN,0,0.02009123,0.02009123,Low,Two year,No,66,19.35,1277.1000000000001,25.65850989650935,0.002963333970786576,Low Priority
7851-FLGGQ,1,0.52316093,0.52316093,Medium,Month-to-month,DSL,1,44.65,44.65,23.35913572311401,0.0015852060853674816,Low Priority
0637-UBJRP,1,0.3851808,0.3851808,Medium,Month-to-month,Fiber optic,13,84.05,1092.6499999999999,420.86780238002535,0.048483965130151144,Low Priority
0940-OUQEC,1,0.6024025,0.6024025,High,Month-to-month,Fiber optic,10,80.7,807.0,486.1388241648674,0.05565613946567911,Automated Retention
2378-VTKDH,0,0.44891173,0.44891173,Medium,Month-to-month,Fiber optic,65,104.35,6782.75,3044.8560127466917,0.35591903510513945,Loyal / High Value
0927-CNGRH,0,0.30071223,0.30071223,Medium,Month-to-month,No,1,19.55,19.55,5.878924053907395,2.643639474704761e-05,Low Priority
8608-OZTLB,0,0.07686301,0.07686301,Low,One year,DSL,38,74.05,2813.9,216.28483286574485,0.02518283573441439,Loyal / High Value
2335-GSODA,0,0.0205345,0.0205345,Low,Two year,DSL,23,40.1,922.3000000000001,18.938969792425635,0.002174714129712972,Low Priority
1952-DVVSW,0,0.049169842,0.049169842,Low,One year,No,10,20.1,201.0,9.88313827291131,0.0010501154867334141,Low Priority
0702-PGIBZ,1,0.80241734,0.80241734,Critical,Month-to-month,Fiber optic,4,101.7,406.8,326.42337305545806,0.0364940368415982,Automated Retention
6656-GULJQ,0,0.0144317215,0.0144317215,Low,Two year,DSL,72,83.55,6015.599999999999,86.81546404100953,0.010144428412911367,Loyal / High Value
9853-JFZDU,0,0.11616107,0.11616107,Low,Month-to-month,DSL,35,56.85,1989.75,231.1314905527979,0.026836513318458537,Loyal / High Value
1963-VAUKV,1,0.32698438,0.32698438,Medium,Month-to-month,No,1,20.4,20.4,6.670481264591216,6.132490167202837e-05,Low Priority
3777-XROBG,0,0.018335182,0.018335182,Low,Two year,No,58,19.55,1133.9,20.790263118967417,0.002396563401776565,Low Priority
6994-FGRHH,0,0.20841356,0.20841356,Low,One year,Fiber optic,70,106.15,7430.5,1548.6169294789433,0.18106465147013806,Loyal / High Value
4000-VGMQP,0,0.1075838,0.1075838,Low,One year,DSL,38,78.95,3000.1,322.7621537841856,0.03759606835767361,Loyal / High Value
3999-WRNGR,0,0.22952522,0.22952522,Low,Month-to-month,DSL,60,49.75,2985.0,685.1327917724848,0.07980327709736575,Loyal / High Value
3466-RITXD,0,0.3408929,0.3408929,Medium,Month-to-month,Fiber optic,26,92.4,2402.4,818.961129283905,0.0952447888407149,Loyal / High Value
2680-XKKNJ,0,0.07679078,0.07679078,Low,One year,DSL,8,58.2,465.6,35.75378708839417,0.004021722668277439,Low Priority
3058-HJCUY,1,0.3643025,0.3643025,Medium,One year,Fiber optic,41,102.6,4206.599999999999,1532.4748383700846,0.17882899845624023,Loyal / High Value
2974-GGUXS,0,0.40496427,0.40496427,Medium,Month-to-month,Fiber optic,36,91.95,3310.2000000000003,1340.5127206206323,0.1562382070961096,Loyal / High Value
7994-XIRTR,0,0.072718546,0.072718546,Low,One year,DSL,54,65.25,3523.5,256.22379610687494,0.029873486431678843,Loyal / High Value
3259-FDWOY,1,0.20059705,0.20059705,Low,Two year,Fiber optic,71,106.0,7526.0,1509.6933817863464,0.17651938265280354,Loyal / High Value
2101-RANCD,0,0.38180545,0.38180545,Medium,Month-to-month,Fiber optic,55,73.1,4020.4999999999995,1535.0488106161354,0.17909214039775415,Loyal / High Value
7921-BEPCI,0,0.013023157,0.013023157,Low,Two year,DSL,72,59.75,4302.0,56.02562000602484,0.006538445313739892,Loyal / High Value
0807-ZABDG,1,0.32390058,0.32390058,Medium,Month-to-month,DSL,3,55.1,165.3,53.54076594114304,0.005562105568912542,Low Priority
8510-TMWYB,0,0.024088457,0.024088457,Low,Two year,DSL,54,59.8,3229.2,77.78644607663153,0.009064795466144103,Loyal / High Value
3258-ZKPAI,0,0.028505178,0.028505178,Low,Two year,Fiber optic,72,116.6,8395.199999999999,239.30667175948616,0.02798794711294073,Loyal / High Value
1428-IEDPR,0,0.24175003,0.24175003,Low,Two year,Fiber optic,52,109.3,5683.599999999999,1374.010480225086,0.16052437870744374,Loyal / High Value
5298-GSTLM,0,0.16455011,0.16455011,Low,One year,Fiber optic,60,101.4,6084.0,1001.1228734850883,0.11698580872608431,Loyal / High Value
4450-YOOHP,0,0.23005766,0.23005766,Low,Month-to-month,DSL,39,50.65,1975.35,454.4443922907114,0.05276154683321569,Loyal / High Value
6728-CZFEI,0,0.09971981,0.09971981,Low,One year,DSL,15,56.15,842.25,83.989007871598,0.00962517295228017,Low Priority
5748-RNCJT,1,0.27151373,0.27151373,Low,Two year,Fiber optic,69,106.5,7348.5,1995.218647018075,0.23327482521669504,Loyal / High Value
3653-NCRDJ,0,0.025985481,0.025985481,Low,One year,No,43,19.2,825.6,21.45361329317093,0.002457460409588553,Low Priority
6121-TNHBO,0,0.0517686,0.0517686,Low,One year,DSL,63,83.0,5229.0,270.698014318943,0.03161627492278434,Loyal / High Value
5119-NZPTV,0,0.62161237,0.62161237,High,Month-to-month,Fiber optic,2,70.1,140.2,87.15005427598953,0.008845618637439368,Automated Retention
6519-ZHPXP,0,0.03898954,0.03898954,Low,Two year,Fiber optic,72,108.3,7797.599999999999,304.02483858168125,0.03555089966547713,Loyal / High Value
7739-LAXOG,1,0.37729853,0.37729853,Medium,Month-to-month,Fiber optic,32,91.05,2913.6,1099.2970084190367,0.12802463850119644,Loyal / High Value
3472-QPRCH,0,0.019347904,0.019347904,Low,Two year,No,40,25.25,1010.0,19.541383292526007,0.0022479419885391883,Low Priority
8224-UAXBZ,0,0.14841726,0.14841726,Low,One year,DSL,58,45.35,2630.3,390.38193008601667,0.04543225871139141,Loyal / High Value
9610-WCESF,0,0.064923614,0.064923614,Low,Two year,DSL,67,43.9,2941.2999999999997,190.95982663333413,0.022240630003420348,Loyal / High Value
9776-CLUJA,1,0.346499,0.346499,Medium,Month-to-month,Fiber optic,51,77.5,3952.5,1369.5372817665339,0.15976921190938786,Loyal / High Value
2486-WYVVE,0,0.12102513,0.12102513,Low,One year,DSL,31,79.3,2458.2999999999997,297.5160774543881,0.034607183632726614,Loyal / High Value
3865-ZYKAD,0,0.17336176,0.17336176,Low,Month-to-month,Fiber optic,69,84.9,5858.1,1015.5705459281803,0.11865990069123308,Loyal / High Value
1422-DGUBX,0,0.19134031,0.19134031,Low,One year,Fiber optic,32,79.25,2536.0,485.2390321493149,0.05645651658347179,Loyal / High Value
2999-AANRQ,0,0.02689564,0.02689564,Low,Two year,DSL,21,71.05,1492.05,40.12964028557762,0.0046445989128985924,Loyal / High Value
8668-KNZTI,0,0.077355385,0.077355385,Low,One year,DSL,52,53.75,2795.0,216.20830059051514,0.025172779838214306,Loyal / High Value
0480-KYJVA,0,0.010575786,0.010575786,Low,Two year,No,72,24.25,1746.0,18.465322762727737,0.002141140517342028,Loyal / High Value
6034-ZRYCV,1,0.114600696,0.114600696,Low,Two year,DSL,72,54.2,3902.4,447.2177547812462,0.0521688932040811,Loyal / High Value
9746-YKGXB,0,0.07392604,0.07392604,Low,One year,DSL,52,44.25,2301.0,170.103815831244,0.01977611664212424,Loyal / High Value
3926-YZVVX,0,0.044341326,0.044341326,Low,One year,DSL,41,50.05,2052.0499999999997,90.99061752557753,0.010567915486835572,Loyal / High Value
6000-UKLWI,0,0.0155656105,0.0155656105,Low,Two year,No,41,20.15,826.15,12.85952910692431,0.0014730513444413927,Low Priority
2079-FBMZK,1,0.5170644,0.5170644,Medium,Month-to-month,Fiber optic,6,69.25,415.5,214.84025511145592,0.02404344576744213,Low Priority
6332-FBZRI,0,0.037544005,0.037544005,Low,One year,DSL,67,69.35,4646.45,174.44634026251734,0.02036530769126006,Loyal / High Value
2096-XOTMO,0,0.09995303,0.09995303,Low,Month-to-month,No,16,19.35,309.6,30.945459026098252,0.003407063719656511,Low Priority
3266-FTKHB,0,0.022375382,0.022375382,Low,Two year,No,17,19.15,325.54999999999995,7.284305767342447,0.0008045349513154003,Low Priority
8221-EQDGL,0,0.0839859,0.0839859,Low,Month-to-month,DSL,35,61.0,2135.0,179.30990155786276,0.020833055911633196,Loyal / High Value
2346-LOCWC,0,0.014566027,0.014566027,Low,Two year,No,58,20.5,1189.0,17.31900566071272,0.001997979693373264,Low Priority
6608-QQLVK,1,0.6577304,0.6577304,High,Month-to-month,DSL,1,50.5,50.5,33.21538522839546,0.002443976661879276,Automated Retention
0298-XACET,0,0.018664863,0.018664863,Low,Two year,DSL,52,50.2,2610.4,48.72275827229023,0.0056699947075008654,Loyal / High Value
7560-QJAVJ,0,0.02008627,0.02008627,Low,Two year,DSL,70,79.6,5572.0,111.92069546878338,0.013074722617692734,Loyal / High Value
2995-YWTCD,0,0.024622379,0.024622379,Low,Two year,No,19,24.9,473.09999999999997,11.648847443796694,0.0013111809266017453,Low Priority
3551-HUAZH,1,0.85307944,0.85307944,Critical,Month-to-month,Fiber optic,1,74.4,74.4,63.46911020278931,0.005559735648496118,Automated Retention
9137-UIYPG,0,0.30181766,0.30181766,Medium,Month-to-month,Fiber optic,35,106.9,3741.5,1129.2507582902908,0.13170205672891264,Loyal / High Value
2809-ZMYOQ,0,0.58564156,0.58564156,Medium,Month-to-month,Fiber optic,32,101.35,3243.2,1899.35271692276,0.22134549131886633,Loyal / High Value
5084-OOVCJ,0,0.13439827,0.13439827,Low,Month-to-month,DSL,17,55.35,940.95,126.46204902604222,0.014527307015729109,Low Priority
0254-WWRKD,0,0.034218635,0.034218635,Low,One year,DSL,67,50.55,3386.85,115.893385338597,0.013509245474597672,Loyal / High Value
7727-SHVZV,0,0.12811954,0.12811954,Low,Month-to-month,No,9,19.5,175.5,22.484979830682278,0.0023532835261886468,Low Priority
6302-JGYRJ,1,0.10727979,0.10727979,Low,One year,DSL,31,79.45,2462.9500000000003,264.2247647605837,0.03073517262084313,Loyal / High Value
5339-PXDVH,0,0.5694485,0.5694485,Medium,Month-to-month,Fiber optic,4,90.65,362.6,206.4820156097412,0.02294828211196991,Low Priority
2205-LPVGL,0,0.06701725,0.06701725,Low,One year,Fiber optic,58,89.85,5211.299999999999,349.24699368998404,0.04078993217770529,Loyal / High Value
8782-NUUOL,0,0.05838186,0.05838186,Low,One year,DSL,60,79.0,4740.0,276.73001267015934,0.03230875301445901,Loyal / High Value
3685-YLCMQ,1,0.40621653,0.40621653,Medium,One year,Fiber optic,58,104.65,6069.700000000001,2465.6124842315917,0.28811604621039744,Loyal / High Value
7601-WFVZV,0,0.30787006,0.30787006,Medium,Month-to-month,No,1,19.55,19.55,6.018859677016735,2.7065658424851685e-05,Low Priority
4609-KNNWG,0,0.014785373,0.014785373,Low,Two year,No,27,19.9,537.3,7.94418072598055,0.0008986093070284154,Low Priority
4868-AADLV,0,0.22734813,0.22734813,Low,One year,Fiber optic,66,116.25,7672.5,1744.3285575136542,0.20396361738043037,Loyal / High Value
9529-OFXHY,0,0.4513012,0.4513012,Medium,Month-to-month,Fiber optic,15,87.75,1316.25,594.0251877531409,0.0686352125647431,Low Priority
8634-MPHTR,1,0.6021334,0.6021334,High,Month-to-month,Fiber optic,47,100.05,4702.349999999999,2831.4419619262217,0.3305656711989419,Priority Retention
2669-QVCRG,0,0.26522505,0.26522505,Low,Month-to-month,Fiber optic,41,81.3,3333.2999999999997,884.074668610096,0.10304393726753855,Loyal / High Value
2478-EEWWM,0,0.35202348,0.35202348,Medium,Month-to-month,DSL,59,44.3,2613.7,920.0837757468223,0.10707353411936839,Loyal / High Value
9174-IHETN,0,0.03948995,0.03948995,Low,Two year,Fiber optic,50,70.35,3517.4999999999995,138.90590258873996,0.01619508293208778,Loyal / High Value
2233-TXSIU,0,0.083234616,0.083234616,Low,One year,DSL,17,44.45,755.6500000000001,62.896237296238546,0.007189073814059953,Low Priority
9644-UMGQA,0,0.31462714,0.31462714,Medium,Month-to-month,DSL,6,49.15,294.9,92.78354381024836,0.010182454234334259,Low Priority
3256-EZDBI,0,0.22633195,0.22633195,Low,Month-to-month,DSL,51,29.45,1501.95,339.9392711520195,0.039347832720651274,Loyal / High Value
8761-NSOBC,1,0.30781934,0.30781934,Medium,Month-to-month,Fiber optic,44,100.55,4424.2,1361.854309219122,0.15895387585451637,Loyal / High Value
0419-YAAPX,0,0.27153513,0.27153513,Low,Month-to-month,Fiber optic,49,85.3,4179.7,1134.9353759855032,0.13243512232422502,Loyal / High Value
8413-VONUO,1,0.67810994,0.67810994,High,Month-to-month,Fiber optic,2,95.65,191.3,129.7224322617054,0.013711314389184508,Automated Retention
0872-CASZJ,0,0.044504322,0.044504322,Low,One year,DSL,59,69.1,4076.8999999999996,181.43967081680893,0.02116970526550904,Loyal / High Value
4726-DLWQN,0,0.151621,0.151621,Low,Month-to-month,DSL,50,70.35,3517.4999999999995,533.3268639072775,0.0621807470375187,Loyal / High Value
8164-OCKUJ,0,0.012900851,0.012900851,Low,Two year,No,59,20.6,1215.4,15.67969398405403,0.0018094943255608424,Low Priority
3094-JOJAI,0,0.32056147,0.32056147,Medium,Month-to-month,Fiber optic,18,74.15,1334.7,427.85339214205743,0.049445193704561415,Low Priority
9494-MRNYX,0,0.52883464,0.52883464,Medium,Month-to-month,Fiber optic,10,75.05,750.5,396.890398055315,0.04535684391467735,Low Priority
2599-CZABP,0,0.1523225,0.1523225,Low,One year,DSL,14,44.6,624.4,95.1101695895195,0.010812840699054027,Low Priority
7945-PRBVF,0,0.017213374,0.017213374,Low,Two year,No,35,21.45,750.75,12.92294081300497,0.0014768531243823362,Low Priority
4544-RXFMG,0,0.119318865,0.119318865,Low,One year,DSL,8,43.45,347.6,41.47523755729199,0.0045986546899366,Low Priority
0859-YGKFW,0,0.032554395,0.032554395,Low,One year,No,18,20.05,360.90000000000003,11.74888133481145,0.001305426985590627,Low Priority
1150-FTQGN,0,0.06488109,0.06488109,Low,One year,Fiber optic,60,94.15,5649.0,366.5132567882538,0.04281853577045238,Loyal / High Value
9223-UCPVT,1,0.8330084,0.8330084,Critical,Month-to-month,Fiber optic,1,94.4,94.4,78.63599376678468,0.007381779314294759,Automated Retention
7196-LIWRH,0,0.027785819,0.027785819,Low,Two year,No,6,19.55,117.30000000000001,3.2592765714973213,0.0003208110434462897,Low Priority
5448-VWNAM,0,0.14237738,0.14237738,Low,Month-to-month,DSL,19,75.9,1442.1000000000001,205.3224147319794,0.02375348368960042,Loyal / High Value
1177-XZBJL,0,0.03156173,0.03156173,Low,One year,DSL,53,64.15,3399.9500000000003,107.30829904098064,0.012508784056630157,Loyal / High Value
3518-FSTWG,0,0.04558965,0.04558965,Low,Two year,Fiber optic,72,109.55,7887.599999999999,359.59290904104705,0.04204986680128568,Loyal / High Value
9330-VOFSZ,0,0.08796008,0.08796008,Low,Two year,Fiber optic,60,110.8,6648.0,584.7586072683334,0.06834969966443896,Loyal / High Value
4351-QLCSU,1,0.5876391,0.5876391,Medium,Month-to-month,DSL,1,55.0,55.0,32.32015013694763,0.0024934985911765676,Low Priority
0939-EREMR,0,0.14181909,0.14181909,Low,Month-to-month,DSL,13,53.45,694.85,98.54299444407225,0.011238371572420226,Low Priority
9389-ACWBI,0,0.5291599,0.5291599,Medium,Month-to-month,Fiber optic,5,69.95,349.75,185.07367625832558,0.020527647936050147,Low Priority
5419-JPRRN,1,0.89772,0.89772,Critical,Month-to-month,Fiber optic,1,101.45,101.45,91.07369189858437,0.00869708321080316,Automated Retention
3644-QXEHN,0,0.5314352,0.5314352,Medium,Month-to-month,Fiber optic,13,97.0,1261.0,670.1397766470909,0.07738053205228128,Low Priority
2911-IJORQ,0,0.09222653,0.09222653,Low,One year,DSL,37,90.6,3352.2,309.1617659255862,0.03603571680491819,Loyal / High Value
5921-NGYRH,0,0.106711164,0.106711164,Low,Month-to-month,Fiber optic,64,73.55,4707.2,502.31079173088074,0.05864410889974256,Loyal / High Value
2100-BDNSN,1,0.38000917,0.38000917,Medium,Month-to-month,DSL,5,67.95,339.75,129.10811698436737,0.014296223802823188,Low Priority
5998-DZLYR,0,0.06928825,0.06928825,Low,Two year,Fiber optic,61,94.35,5755.349999999999,398.7781085360795,0.04659080662802511,Loyal / High Value
0488-GSLFR,1,0.8177371,0.8177371,Critical,Month-to-month,Fiber optic,1,69.5,69.5,56.83272862434387,0.0048597232625167885,Automated Retention
9318-NKNFC,1,0.2620493,0.2620493,Low,Month-to-month,No,1,18.85,18.85,4.939629070460796,1.5358290015332289e-06,Low Priority
3985-HOYPM,0,0.028151622,0.028151622,Low,One year,No,26,19.4,504.4,14.199678158015011,0.0016024038427916686,Low Priority
9728-FTTVZ,1,0.8177371,0.8177371,Critical,Month-to-month,Fiber optic,1,69.2,69.2,56.587407493591314,0.004830967503566985,Automated Retention
9548-LERKT,0,0.017267229,0.017267229,Low,Two year,No,24,19.75,474.0,8.184666562825441,0.0009213290811325608,Low Priority
6576-FBXOJ,0,0.2160707,0.2160707,Low,One year,DSL,17,54.6,928.2,200.55682068765165,0.02303247979058921,Low Priority
4310-KEDTB,0,0.17087923,0.17087923,Low,Month-to-month,DSL,26,29.8,774.8000000000001,132.39722732901575,0.015142617428595647,Low Priority
7254-IQWOZ,1,0.8173834,0.8173834,Critical,Month-to-month,Fiber optic,1,69.65,69.65,56.93075440526009,0.004871992958152062,Automated Retention
2474-BRUCM,1,0.4563543,0.4563543,Medium,Month-to-month,Fiber optic,40,101.85,4074.0,1859.1873784661293,0.21692234595478785,Loyal / High Value
4062-HBMOS,0,0.5507738,0.5507738,Medium,Month-to-month,Fiber optic,52,103.05,5358.599999999999,2951.3764815688132,0.3447371922050506,Loyal / High Value
0742-NXBGR,1,0.8150798,0.8150798,Critical,Month-to-month,Fiber optic,1,82.3,82.3,67.08106821775436,0.006066856693423339,Automated Retention
2676-ISHSF,0,0.31803015,0.31803015,Medium,Month-to-month,No,1,20.3,20.3,6.456012019515038,5.591771651313704e-05,Low Priority
9236-NDUCW,0,0.030881347,0.030881347,Low,Two year,DSL,21,35.1,737.1,22.76264097299427,0.00260011154900386,Low Priority
4753-PADAS,0,0.2497296,0.2497296,Low,One year,Fiber optic,67,105.7,7081.900000000001,1768.5600792318585,0.2067546374115615,Loyal / High Value
6103-QCKFX,0,0.082955636,0.082955636,Low,Month-to-month,DSL,44,56.25,2475.0,205.31519930809736,0.023883584179214722,Loyal / High Value
7781-EWARA,0,0.10189968,0.10189968,Low,One year,DSL,70,60.35,4224.5,430.47521284222603,0.050234374858506035,Loyal / High Value
6110-OHIHY,1,0.6659476,0.6659476,High,Month-to-month,Fiber optic,3,79.25,237.75,158.329045727849,0.017091292027518183,Automated Retention
7018-FPXHH,0,0.01571876,0.01571876,Low,Two year,DSL,56,59.8,3348.7999999999997,52.63898338377475,0.006135534355818625,Loyal / High Value
5889-LFOLL,1,0.7168438,0.7168438,High,Month-to-month,Fiber optic,13,84.6,1099.8,788.384793484211,0.09083225458877164,Automated Retention
5708-EVONK,1,0.19132644,0.19132644,Low,Month-to-month,Fiber optic,58,93.4,5417.200000000001,1036.4535874128344,0.12106815575211904,Loyal / High Value
8708-XPXHZ,1,0.50697845,0.50697845,Medium,Month-to-month,Fiber optic,42,94.2,3956.4,2005.809548306465,0.23399736888186876,Loyal / High Value
0616-ATFGB,1,0.738971,0.738971,High,Month-to-month,DSL,1,25.05,25.05,18.51122342348099,0.0005413738651577012,Automated Retention
0572-ZJKLT,0,0.0653695,0.0653695,Low,Two year,Fiber optic,46,99.65,4583.900000000001,299.64725888818504,0.03497964087772391,Loyal / High Value
5135-RDDQL,0,0.015448735,0.015448735,Low,Two year,DSL,63,50.65,3190.95,49.29614125317894,0.005744292131632407,Loyal / High Value
1353-LJWEM,0,0.22423102,0.22423102,Low,Month-to-month,DSL,11,60.9,669.9,150.2123600408435,0.01711328029726888,Low Priority
1794-SWWKL,0,0.18108039,0.18108039,Low,Month-to-month,DSL,15,59.65,894.75,162.0216754116118,0.018592620516927397,Low Priority
6166-YIPFO,0,0.046244282,0.046244282,Low,Two year,DSL,72,64.7,4658.400000000001,215.42436455190185,0.025149448148575063,Loyal / High Value
7016-BPGEU,1,0.20599714,0.20599714,Low,Month-to-month,DSL,29,25.1,727.9000000000001,149.94531763494015,0.017122160003011224,Low Priority
6876-ADESB,1,0.56394005,0.56394005,Medium,Month-to-month,DSL,1,48.95,48.95,27.60486536026001,0.001993012993924169,Low Priority
9332-GYWLO,0,0.3497715,0.3497715,Medium,Month-to-month,DSL,6,54.85,329.1,115.10980052947998,0.012722019919397592,Low Priority
1963-SVUCV,1,0.5939449,0.5939449,Medium,Month-to-month,DSL,1,45.3,45.3,26.90570429563522,0.0018449385831410597,Low Priority
4184-VODJZ,0,0.16107489,0.16107489,Low,One year,Fiber optic,63,91.35,5755.049999999999,926.9940554000436,0.10830432382740277,Loyal / High Value
0220-EBGCE,1,0.7371437,0.7371437,High,Month-to-month,Fiber optic,2,85.85,171.7,126.56757249236107,0.013211420552758951,Automated Retention
1092-WPIVQ,0,0.021742411,0.021742411,Low,Two year,No,18,25.1,451.8,9.823221270740033,0.001103533376867632,Low Priority
7233-IOQNP,0,0.11210826,0.11210826,Low,Month-to-month,DSL,43,34.0,1462.0,163.90227669477463,0.01896505080169068,Loyal / High Value
2834-JKOOW,0,0.076907344,0.076907344,Low,One year,DSL,15,45.9,688.5,52.95070645585656,0.0060372337286199165,Low Priority
2754-VDLTR,1,0.666607,0.666607,High,Month-to-month,Fiber optic,10,95.2,952.0,634.6098852157593,0.07291795681695337,Automated Retention
2400-FEQME,0,0.014271909,0.014271909,Low,Two year,No,55,20.5,1127.5,16.091577815823257,0.001854752663124544,Low Priority
3190-XFANI,1,0.23825127,0.23825127,Low,One year,Fiber optic,49,100.6,4929.4,1174.435804736614,0.1371385831866533,Loyal / High Value
7551-DACSP,1,0.2522034,0.2522034,Low,Month-to-month,DSL,6,55.3,331.79999999999995,83.68108974695204,0.009253055342128644,Low Priority
4957-SREEC,0,0.011053307,0.011053307,Low,Two year,No,70,20.35,1424.5,15.745435795746744,0.0018212717583091036,Loyal / High Value
7235-NXZCP,1,0.730869,0.730869,High,Month-to-month,Fiber optic,2,74.85,149.7,109.4110885798931,0.011214219742864703,Automated Retention
0230-UBYPQ,0,0.043866612,0.043866612,Low,One year,DSL,63,36.1,2274.3,99.76583571061492,0.011597564633895866,Loyal / High Value
4923-ADWXJ,0,0.114406206,0.114406206,Low,Month-to-month,DSL,25,65.8,1645.0,188.198208399117,0.02180787834439452,Loyal / High Value
1763-KUAAW,0,0.04020111,0.04020111,Low,One year,No,18,20.35,366.3,14.725666191056371,0.0016375053150419338,Low Priority
1104-TNLZA,0,0.52143794,0.52143794,Medium,Month-to-month,Fiber optic,28,105.8,2962.4,1544.7077622890472,0.17991662708188658,Loyal / High Value
5195-KPUNQ,0,0.11837375,0.11837375,Low,One year,Fiber optic,53,96.75,5127.75,606.99100497365,0.07088868839586598,Loyal / High Value
0520-FDVVT,1,0.25806388,0.25806388,Low,One year,Fiber optic,35,102.35,3582.25,924.449343405664,0.10779230851615063,Loyal / High Value
3439-GVUSX,0,0.55947244,0.55947244,Medium,Month-to-month,DSL,1,24.4,24.4,13.651127576828003,0.00036724560124840115,Low Priority
1444-VVSGW,1,0.31657806,0.31657806,Medium,One year,Fiber optic,70,115.65,8095.5,2562.8576878756285,0.2997123523467183,Loyal / High Value
5712-PTIWW,1,0.6251625,0.6251625,High,Month-to-month,Fiber optic,2,79.85,159.7,99.83844841718673,0.010325088352244416,Automated Retention
5949-HGVJL,0,0.16515322,0.16515322,Low,Month-to-month,DSL,26,73.05,1899.3,313.6755113080144,0.036404096817147805,Loyal / High Value
5203-XEHAX,0,0.07470339,0.07470339,Low,One year,DSL,34,64.35,2187.8999999999996,163.44354242160912,0.01899370765294292,Loyal / High Value
1635-HDGFT,0,0.016978431,0.016978431,Low,Two year,No,19,20.5,389.5,6.613099066540599,0.0007377513778215693,Low Priority
3315-TOTBP,1,0.5376764,0.5376764,Medium,Month-to-month,Fiber optic,15,76.0,1140.0,612.951089143753,0.07066330327935354,Low Priority
8050-XGRVL,0,0.0325757,0.0325757,Low,One year,DSL,62,54.75,3394.5,110.57821511663496,0.012889838703642182,Loyal / High Value
6661-HBGWL,1,0.5064178,0.5064178,Medium,Month-to-month,Fiber optic,42,104.75,4399.5,2227.9851591289043,0.26004131942559855,Loyal / High Value
1518-VOWAV,1,0.31211194,0.31211194,Medium,Month-to-month,DSL,9,74.65,671.85,209.69240954965355,0.023891680537697156,Low Priority
9828-QHFBK,0,0.17579378,0.17579378,Low,Month-to-month,DSL,24,51.15,1227.6,215.80444663166998,0.024908515042712697,Low Priority
3908-MKIMJ,0,0.10041724,0.10041724,Low,Two year,DSL,68,41.95,2852.6000000000004,286.4502229720354,0.03335549264261744,Loyal / High Value
5012-YSPJJ,0,0.07209559,0.07209559,Low,Month-to-month,DSL,31,54.35,1684.8500000000001,121.47025118842721,0.014079479338997376,Loyal / High Value
5909-ECHUI,1,0.6691834,0.6691834,High,Month-to-month,DSL,1,56.25,56.25,37.64156475663185,0.0029375606404431582,Automated Retention
1309-BXVOQ,1,0.625695,0.625695,High,Month-to-month,Fiber optic,21,106.1,2228.1,1394.1110075712204,0.162034408026567,Priority Retention
6728-VOIFY,0,0.20560153,0.20560153,Low,One year,Fiber optic,63,96.0,6048.0,1243.4780430793762,0.14530344316714902,Loyal / High Value
9317-WZPGV,1,0.7059287,0.7059287,High,Month-to-month,Fiber optic,2,79.75,159.5,112.5956249833107,0.011642461287700313,Automated Retention
4891-NLUBA,0,0.014879227,0.014879227,Low,Two year,DSL,61,61.45,3748.4500000000003,55.774037265777594,0.006504865412146904,Loyal / High Value
2856-HYAPG,1,0.76983076,0.76983076,High,Month-to-month,Fiber optic,1,68.65,68.65,52.84888190329075,0.004498319527440316,Automated Retention
8969-PRHFK,0,0.033818122,0.033818122,Low,One year,No,18,19.65,353.7,11.961469751223921,0.0013275610767105777,Low Priority
0661-KQHNK,0,0.03900041,0.03900041,Low,One year,No,6,19.0,114.0,4.446046806871891,0.0004352071323898039,Low Priority
8709-KRDVL,0,0.56965816,0.56965816,Medium,Month-to-month,Fiber optic,33,100.0,3300.0,1879.871928691864,0.2190972378188206,Loyal / High Value
4488-PSYCG,1,0.09389987,0.09389987,Low,Month-to-month,No,16,20.25,324.0,30.423557370901108,0.0033592272885926257,Low Priority
1427-VERSM,0,0.3203784,0.3203784,Medium,Month-to-month,Fiber optic,56,98.7,5527.2,1770.795453429222,0.20686097379525129,Loyal / High Value
9801-NOSHQ,0,0.02815152,0.02815152,Low,One year,No,23,19.8,455.40000000000003,12.820202024281025,0.0014407062846803946,Low Priority
6339-YPSAH,0,0.55240685,0.55240685,Medium,Month-to-month,Fiber optic,9,73.8,664.1999999999999,366.9086280941963,0.04179053115172888,Low Priority
3621-CEOVK,1,0.75743735,0.75743735,High,Month-to-month,Fiber optic,14,100.2,1402.8,1062.5331122875214,0.12287758933540939,Priority Retention
6906-ANDWJ,1,0.52164876,0.52164876,Medium,Month-to-month,Fiber optic,15,74.9,1123.5,586.0723870396614,0.0675479874185329,Low Priority
2159-TURXX,0,0.12385479,0.12385479,Low,Month-to-month,No,5,20.05,100.25,12.41644305922091,0.001182479948821615,Low Priority
1548-FEHVL,0,0.2834526,0.2834526,Low,Month-to-month,Fiber optic,61,106.2,6478.2,1836.2626348793506,0.21461620006503482,Loyal / High Value
3795-CAWEX,0,0.072190516,0.072190516,Low,Two year,Fiber optic,70,116.55,8158.5,588.9663223139942,0.0688776655826719,Loyal / High Value
6215-NQCPY,0,0.673671,0.673671,High,Month-to-month,Fiber optic,15,99.7,1495.5,1007.4749912023544,0.11660844620543588,Priority Retention
5647-URDKA,0,0.027342975,0.027342975,Low,Two year,No,8,19.7,157.6,4.309252882003784,0.00044486179545421113,Low Priority
2229-DPMBI,0,0.02796596,0.02796596,Low,Two year,No,8,19.5,156.0,4.362689629197121,0.00044975262530013875,Low Priority
9626-WEQRM,0,0.40674436,0.40674436,Medium,Month-to-month,DSL,4,29.15,116.6,47.42639248371124,0.004662837408376831,Low Priority
2188-SXWVT,0,0.04218886,0.04218886,Low,One year,DSL,34,55.0,1870.0,78.89316909015179,0.009154634578160476,Loyal / High Value
6258-PVZWJ,0,0.023195423,0.023195423,Low,Two year,DSL,68,90.8,6174.4,143.21782091856002,0.01673642007720678,Loyal / High Value
1094-BKOSX,0,0.07143207,0.07143207,Low,One year,DSL,45,51.0,2295.0,163.93659822642803,0.01905871100551871,Loyal / High Value
6969-MVBAI,0,0.7668035,0.7668035,High,Month-to-month,Fiber optic,9,90.1,810.9,621.800960612297,0.07119573503788575,Automated Retention
2978-XXSOG,0,0.13225019,0.13225019,Low,Month-to-month,DSL,22,59.05,1299.1,171.80622154474258,0.019847139672831048,Low Priority
2342-CKIAO,0,0.15682249,0.15682249,Low,Month-to-month,No,2,20.3,40.6,6.366993001103402,0.00040073263223456955,Low Priority
6953-PBDIN,0,0.022381948,0.022381948,Low,Two year,DSL,70,72.95,5106.5,114.29341903049499,0.01334778675946179,Loyal / High Value
3898-BSJYF,0,0.14560115,0.14560115,Low,One year,DSL,10,73.55,735.5,107.08964830636978,0.012231848582021742,Low Priority
3938-YFPXD,0,0.014644397,0.014644397,Low,Two year,DSL,72,84.3,6069.599999999999,88.88563459664583,0.010386618520852821,Loyal / High Value
7696-AMHOD,0,0.07958434,0.07958434,Low,One year,DSL,49,78.0,3822.0,304.1713389605284,0.035478614193833774,Loyal / High Value
2453-SAFNS,0,0.059918534,0.059918534,Low,One year,DSL,54,72.1,3893.3999999999996,233.28682031705972,0.027213094509290544,Loyal / High Value
9558-IHEZX,0,0.082829304,0.082829304,Low,Two year,Fiber optic,71,106.75,7579.25,627.7840026412159,0.07340430557544937,Loyal / High Value
9617-UDPEU,0,0.03236573,0.03236573,Low,One year,No,22,19.25,423.5,13.706885879859328,0.001535353782617844,Low Priority
6340-DACFT,0,0.014425016,0.014425016,Low,Two year,No,50,20.55,1027.5,14.821703948546201,0.001705564709254247,Low Priority
4955-VCWBI,0,0.023865746,0.023865746,Low,One year,No,43,20.0,860.0,20.524541847407818,0.0023532288325587196,Low Priority
6813-GZQCG,0,0.020102372,0.020102372,Low,Two year,No,45,24.65,1109.25,22.298556576948613,0.002569466426289383,Low Priority
7426-GSWPO,0,0.25739083,0.25739083,Low,Month-to-month,Fiber optic,64,103.5,6624.0,1704.9568376541138,0.19928238584344893,Loyal / High Value
3389-KTRXV,0,0.018105214,0.018105214,Low,Two year,No,23,23.85,548.5500000000001,9.931615392956884,0.0011242541917991864,Low Priority
3118-UHVVQ,0,0.016286442,0.016286442,Low,Two year,No,68,25.8,1754.4,28.572933943569662,0.0033133379633476243,Loyal / High Value
1031-IIDEO,1,0.8098559,0.8098559,Critical,Month-to-month,Fiber optic,1,70.85,70.85,57.37828898131847,0.004941039767943529,Automated Retention
5832-XKAES,1,0.597372,0.597372,Medium,Month-to-month,Fiber optic,2,69.8,139.6,83.39313056468963,0.00845866197606986,Low Priority
3205-MXZRA,0,0.05077014,0.05077014,Low,One year,DSL,26,59.45,1545.7,78.47540722861886,0.009086755506183592,Loyal / High Value
4701-AHWMW,1,0.12766221,0.12766221,Low,Month-to-month,DSL,55,54.55,3000.25,383.01855052262545,0.04461488430038938,Loyal / High Value
8317-BVKSO,0,0.14670503,0.14670503,Low,Month-to-month,No,14,20.05,280.7,41.18010231256485,0.004503709644872893,Low Priority
5702-KVQRD,0,0.027491048,0.027491048,Low,Two year,DSL,71,82.55,5861.05,161.12640675380825,0.018826141111662406,Loyal / High Value
0083-PIVIK,0,0.069153085,0.069153085,Low,One year,DSL,64,81.25,5200.0,359.59604382514954,0.041998308071613706,Loyal / High Value
9210-IAHGH,1,0.27840307,0.27840307,Low,Month-to-month,DSL,7,70.75,495.25,137.87912217527628,0.01554823991848157,Low Priority
6169-PGNCD,0,0.019958394,0.019958394,Low,Two year,DSL,57,74.3,4235.099999999999,84.52579293977468,0.009863861489495881,Loyal / High Value
0023-XUOPT,1,0.5502742,0.5502742,Medium,Month-to-month,Fiber optic,13,94.1,1223.3,673.1504206478595,0.07769191506635244,Low Priority
4592-IWTJI,1,0.3867247,0.3867247,Medium,Month-to-month,DSL,3,29.7,89.1,34.45717170238495,0.0031867436170354424,Low Priority
4909-JOUPP,0,0.05953865,0.05953865,Low,Two year,Fiber optic,72,109.7,7898.400000000001,470.2600830942393,0.054991180191601825,Loyal / High Value
4657-FWVFY,0,0.3476825,0.3476825,Medium,Month-to-month,Fiber optic,40,96.35,3854.0,1339.9683775305748,0.15630063137901695,Loyal / High Value
2257-BOVXD,0,0.23065808,0.23065808,Low,Month-to-month,DSL,14,66.6,932.3999999999999,215.06559766530987,0.024701006386348024,Low Priority
7729-JTEEC,0,0.5157264,0.5157264,Medium,Month-to-month,DSL,2,44.5,89.0,45.8996484875679,0.004243716288746432,Low Priority
7632-MNYOY,1,0.2907066,0.2907066,Low,One year,Fiber optic,66,110.9,7319.400000000001,2127.7979225814342,0.24877304932632152,Loyal / High Value
6518-LGAOV,1,0.5265109,0.5265109,Medium,Month-to-month,Fiber optic,38,105.0,3990.0,2100.7784682512283,0.24508627900394028,Loyal / High Value
7242-QZLXF,1,0.64705163,0.64705163,High,Month-to-month,DSL,1,25.3,25.3,16.370406299829483,0.0004929946092728019,Automated Retention
4576-CSAJH,1,0.07261443,0.07261443,Low,One year,DSL,22,55.15,1213.3,88.103089594841,0.010167143928740852,Low Priority
1000-AJSLD,1,0.4514887,0.4514887,Medium,Month-to-month,No,1,20.1,20.1,9.074922940135004,6.879868184265929e-05,Low Priority
9696-RMYBA,0,0.6550341,0.6550341,High,Month-to-month,Fiber optic,5,80.1,400.5,262.34116700291634,0.02930731027941125,Automated Retention
8690-UPCZI,0,0.041407567,0.041407567,Low,One year,DSL,29,69.05,2002.4499999999998,82.91658157315105,0.00962796785008209,Loyal / High Value
1062-LHZOD,1,0.75685585,0.75685585,High,Month-to-month,Fiber optic,1,69.9,69.9,52.904223597049715,0.004533399018023753,Automated Retention
9770-LXDBK,0,0.1461069,0.1461069,Low,Month-to-month,No,3,20.4,61.199999999999996,8.94174220561981,0.0007261501908838881,Low Priority
4086-WITJG,0,0.012458855,0.012458855,Low,Two year,No,71,19.7,1398.7,17.426200888864695,0.0020151882981858794,Loyal / High Value
8344-WFMFH,0,0.28631917,0.28631917,Low,Month-to-month,DSL,9,50.1,450.90000000000003,129.10131213963032,0.014501888574983446,Low Priority
9600-NAXZN,1,0.5872599,0.5872599,Medium,Month-to-month,Fiber optic,43,101.4,4360.2,2560.570566487312,0.2988477682601171,Loyal / High Value
8822-KNBHV,0,0.100931525,0.100931525,Low,One year,DSL,48,83.45,4005.6000000000004,404.2913174629212,0.04716731582761973,Loyal / High Value
8404-FYDIB,0,0.2615695,0.2615695,Low,Month-to-month,Fiber optic,26,86.65,2252.9,589.289926481247,0.0684982675217813,Loyal / High Value
2791-SFVEW,0,0.12257415,0.12257415,Low,Month-to-month,No,9,20.15,181.35,22.228822204470635,0.0023354777960778845,Low Priority
6457-USBER,1,0.8310069,0.8310069,Critical,Month-to-month,Fiber optic,1,80.8,80.8,67.14535627365112,0.006039294219294259,Automated Retention
6762-NSODU,0,0.018609235,0.018609235,Low,Two year,No,46,19.4,892.4,16.60688137039542,0.0019055968388043125,Low Priority
4662-EKDPQ,1,0.49445376,0.49445376,Medium,Month-to-month,DSL,2,62.05,124.1,61.361711367964745,0.006103007867303519,Low Priority
9248-OJYKK,1,0.86898685,0.86898685,Critical,Month-to-month,Fiber optic,1,76.45,76.45,66.43404430150986,0.00587222097890098,Automated Retention
9888-ZCUMM,0,0.013053745,0.013053745,Low,Two year,DSL,64,60.05,3843.2,50.16815290451049,0.005851784332558255,Loyal / High Value
3398-FSHON,1,0.7421903,0.7421903,High,Month-to-month,Fiber optic,12,91.3,1095.6,813.1436942338943,0.09367855829979724,Automated Retention
3319-DWOEP,1,0.774218,0.774218,High,Month-to-month,Fiber optic,6,95.75,574.5,444.78825411200523,0.05043053208023802,Automated Retention
1074-WVEVG,0,0.023727654,0.023727654,Low,One year,No,59,20.35,1200.65,28.488607232552024,0.0032870554372007852,Low Priority
9979-RGMZT,0,0.5368849,0.5368849,Medium,One year,Fiber optic,7,94.05,658.35,353.4581764876843,0.040248117532611836,Low Priority
6437-UDQJM,0,0.02714021,0.02714021,Low,Two year,DSL,72,84.1,6055.2,164.33939626961947,0.019203530609050858,Loyal / High Value
1226-IENZN,0,0.54605156,0.54605156,Medium,Month-to-month,Fiber optic,16,78.75,1260.0,688.0249679088593,0.07944476727147524,Low Priority
2108-GLPQB,0,0.13166027,0.13166027,Low,Month-to-month,DSL,25,55.55,1388.75,182.8431967832148,0.02114215863539173,Low Priority
9259-PACGQ,1,0.117446974,0.117446974,Low,Month-to-month,DSL,34,62.65,2130.1,250.17379914671181,0.029065758162628734,Loyal / High Value
4415-IJZTP,1,0.8436553,0.8436553,Critical,Month-to-month,Fiber optic,1,74.5,74.5,62.85231897234917,0.0055082051239946864,Automated Retention
1465-VINDH,1,0.73982346,0.73982346,High,Month-to-month,Fiber optic,10,102.1,1021.0,755.3597532510757,0.08691052515381095,Automated Retention
5474-LAMUQ,0,0.02544404,0.02544404,Low,One year,No,24,20.1,482.40000000000003,12.274204932153225,0.0013826726578610592,Low Priority
3468-DRVQJ,0,0.12850904,0.12850904,Low,One year,DSL,10,70.3,703.0,90.34185838699341,0.010306391638647052,Low Priority
1122-YJBCS,0,0.03679332,0.03679332,Low,One year,DSL,69,53.65,3701.85,136.2033567175269,0.015884241639599426,Loyal / High Value
4990-ALDGW,0,0.017310612,0.017310612,Low,Two year,No,57,20.75,1182.75,20.474126229062676,0.002361764666784711,Low Priority
4816-OKWNX,0,0.1994086,0.1994086,Low,One year,Fiber optic,50,103.4,5170.0,1030.942491441965,0.12040435221948885,Loyal / High Value
3315-IKYZQ,0,0.04580669,0.04580669,Low,One year,DSL,28,50.8,1422.3999999999999,65.15543735027313,0.007536369040524566,Loyal / High Value
2810-FTLEM,1,0.28108254,0.28108254,Low,Month-to-month,DSL,16,50.15,802.4,225.54063069820404,0.02581773712163524,Low Priority
4747-LCAQL,0,0.11648285,0.11648285,Low,Month-to-month,DSL,25,79.0,1975.0,230.05362171679735,0.026709459888848732,Loyal / High Value
3411-WLRSQ,0,0.6211807,0.6211807,High,Month-to-month,Fiber optic,3,74.6,223.79999999999998,139.02024360895155,0.014926627696130563,Automated Retention
0898-XCGTF,0,0.19217402,0.19217402,Low,One year,Fiber optic,61,96.5,5886.5,1131.2323535978794,0.13217595204311322,Loyal / High Value
8006-PYCSW,0,0.16242102,0.16242102,Low,Month-to-month,No,2,20.1,40.2,6.529324918985368,0.0004074233147439345,Low Priority
8249-THVEC,0,0.02843861,0.02843861,Low,One year,No,51,19.4,989.4,28.137159837037323,0.0032354784773631945,Low Priority
8722-PRFDV,0,0.018197022,0.018197022,Low,Two year,DSL,71,77.55,5506.05,100.19371506683528,0.011704286741152535,Loyal / High Value
2164-SOQXL,0,0.06879183,0.06879183,Low,Month-to-month,No,20,20.05,401.0,27.585523448884487,0.0030818920037922262,Low Priority
4020-KIUDI,0,0.11019182,0.11019182,Low,Month-to-month,No,6,19.85,119.10000000000001,13.123846006393434,0.0012955082229716567,Low Priority
5850-BDWCY,0,0.11674604,0.11674604,Low,Month-to-month,No,6,20.2,121.19999999999999,14.149619829654693,0.001401302784077672,Low Priority
2038-YSEZE,0,0.07787359,0.07787359,Low,Month-to-month,DSL,29,67.45,1956.0500000000002,152.3246310412884,0.017683398302026872,Loyal / High Value
0827-ITJPH,0,0.01916044,0.01916044,Low,Two year,No,36,18.55,667.8000000000001,12.79534195996821,0.0014576056925597375,Low Priority
8799-OXZMD,0,0.21072328,0.21072328,Low,Month-to-month,DSL,28,29.75,833.0,175.53249299526215,0.02011099204264542,Low Priority
1925-TIBLE,1,0.77906114,0.77906114,High,Month-to-month,Fiber optic,7,86.5,605.5,471.7215194404125,0.053576890711057076,Automated Retention
1705-GUHPV,0,0.013254958,0.013254958,Low,Two year,No,63,24.2,1524.6,20.208509279228746,0.002339567243175187,Loyal / High Value
4779-ZGICK,0,0.016251987,0.016251987,Low,Two year,No,48,23.55,1130.4,18.371245931088925,0.0021176046251849636,Low Priority
0048-PIHNL,0,0.024750141,0.024750141,Low,One year,No,49,20.45,1002.05,24.800879216846077,0.002852538512521095,Low Priority
0818-OCPZO,1,0.48334455,0.48334455,Medium,Month-to-month,Fiber optic,27,81.45,2199.15,1062.9471779108048,0.12353013647302415,Loyal / High Value
3967-KXAPS,0,0.024729341,0.024729341,Low,Two year,DSL,72,92.3,6645.599999999999,164.34131033420562,0.019209067741742903,Loyal / High Value
1447-GIQMR,1,0.8185595,0.8185595,Critical,Month-to-month,Fiber optic,1,69.15,69.15,56.60339131951333,0.004831028718638268,Automated Retention
3704-IEAXF,0,0.015733477,0.015733477,Low,Two year,DSL,72,53.65,3862.7999999999997,60.77527390569448,0.007089211897881224,Loyal / High Value
6810-VCAEX,0,0.05595838,0.05595838,Low,One year,DSL,47,39.65,1863.55,104.28123729731887,0.012100199241723357,Loyal / High Value
0674-EYYZV,0,0.6729382,0.6729382,High,Month-to-month,DSL,1,54.65,54.65,36.77607414126396,0.0028278361146589098,Automated Retention
4480-MBMLB,0,0.29687542,0.29687542,Low,One year,Fiber optic,36,104.8,3772.7999999999997,1120.0515741348265,0.13063464885254772,Loyal / High Value
1395-OFUWC,0,0.13260844,0.13260844,Low,Month-to-month,DSL,43,29.3,1259.9,167.07337796390058,0.019291581398411323,Low Priority
0822-QGCXA,0,0.22084439,0.22084439,Low,Month-to-month,DSL,27,83.85,2263.95,499.98065223097797,0.058119464757176637,Loyal / High Value
0872-NXJYS,1,0.6065167,0.6065167,High,Month-to-month,Fiber optic,9,79.55,715.9499999999999,434.23564487099645,0.049563148274140205,Automated Retention
2832-KJCRD,0,0.5149502,0.5149502,Medium,Month-to-month,Fiber optic,38,103.65,3938.7000000000003,2028.23441503644,0.23660837291108983,Loyal / High Value
3588-WSTTJ,0,0.47702822,0.47702822,Medium,Month-to-month,Fiber optic,35,99.05,3466.75,1653.7375847771764,0.19279461907169065,Loyal / High Value
5090-EMGTC,0,0.058363974,0.058363974,Low,Two year,Fiber optic,59,100.05,5902.95,344.5196208804846,0.04025487365992006,Loyal / High Value
2346-CZYIL,0,0.016243732,0.016243732,Low,Two year,No,27,20.35,549.45,8.925118329282851,0.0010103779275067934,Low Priority
3798-EPWRR,0,0.5859083,0.5859083,Medium,Month-to-month,DSL,2,43.95,87.9,51.50133901834488,0.004745670374195019,Low Priority
6258-NGCNG,0,0.14448233,0.14448233,Low,Month-to-month,No,7,23.5,164.5,23.7673432007432,0.002467539784130315,Low Priority
4186-ZBUEW,0,0.07630521,0.07630521,Low,One year,DSL,36,70.7,2545.2000000000003,194.21202199459077,0.02259676060055935,Loyal / High Value
5274-XHAKY,0,0.24776778,0.24776778,Low,Month-to-month,Fiber optic,41,94.3,3866.2999999999997,957.9445533186197,0.11174119925978805,Loyal / High Value
1442-BQPVU,0,0.29413745,0.29413745,Low,Month-to-month,DSL,13,29.15,378.95,111.46338594704866,0.012417198274953922,Low Priority
3978-YNKDD,0,0.017160898,0.017160898,Low,Two year,No,19,20.85,396.15000000000003,6.798289772216231,0.0007590567432970139,Low Priority
4940-KHCWD,0,0.017531078,0.017531078,Low,Two year,DSL,60,37.7,2262.0,39.65529913455248,0.004609634619086019,Loyal / High Value
9412-ARGBX,1,0.12574536,0.12574536,Low,Two year,Fiber optic,48,95.5,4584.0,576.4167122840881,0.06728862288889362,Loyal / High Value
1389-CXMLU,1,0.77598274,0.77598274,High,Month-to-month,Fiber optic,3,91.05,273.15,211.9596847593784,0.023135222394692873,Automated Retention
9589-ABEPT,0,0.062594414,0.062594414,Low,Two year,Fiber optic,69,92.45,6379.05,399.29289507865906,0.046665899299046014,Loyal / High Value
9388-ZEYVT,0,0.11197464,0.11197464,Low,One year,DSL,43,44.15,1898.45,212.5782584987581,0.02467098828244099,Loyal / High Value
0305-SQECB,0,0.07726681,0.07726681,Low,One year,DSL,11,36.05,396.54999999999995,30.64015442728996,0.0034212699685377095,Low Priority
7605-SNLQG,0,0.12476524,0.12476524,Low,Month-to-month,DSL,45,50.25,2261.25,282.1253981720656,0.032794895403522754,Loyal / High Value
4670-TABXH,0,0.06774708,0.06774708,Low,Two year,Fiber optic,72,109.75,7902.0,535.3374169617891,0.062601248579294,Loyal / High Value
5561-NWEVX,1,0.74604654,0.74604654,High,Month-to-month,Fiber optic,2,79.2,158.4,118.17377243041993,0.012207907143161426,Automated Retention
0064-SUDOG,0,0.023031814,0.023031814,Low,Two year,No,12,20.3,243.60000000000002,5.610549896210433,0.0006068960747095377,Low Priority
8561-NMTBD,0,0.15955502,0.15955502,Low,One year,Fiber optic,67,112.35,7527.45,1201.0424198538065,0.1404307466143545,Loyal / High Value
5161-XEUVX,0,0.07416933,0.07416933,Low,Two year,Fiber optic,37,94.3,3489.1,258.7842103458941,0.030170412947331526,Loyal / High Value
8292-FRFZQ,0,0.053705756,0.053705756,Low,One year,DSL,39,41.15,1604.85,86.18968190867453,0.009984528988066867,Loyal / High Value
8591-NXRCV,0,0.11448352,0.11448352,Low,Month-to-month,DSL,41,74.65,3060.65,350.39398667737845,0.040819778752587285,Loyal / High Value
7895-VONWT,0,0.37335122,0.37335122,Medium,Month-to-month,DSL,25,48.25,1206.25,450.35490468144417,0.05196641759830964,Low Priority
4526-RMTLL,0,0.040361173,0.040361173,Low,Two year,DSL,8,76.15,609.2,24.5880268663168,0.0027931869848836035,Low Priority
6253-GNHWH,0,0.0128098065,0.0128098065,Low,Two year,DSL,71,71.1,5048.099999999999,64.66518420958892,0.007551617574001994,Loyal / High Value
4566-NECEV,0,0.7096609,0.7096609,High,Month-to-month,Fiber optic,5,96.55,482.75,342.5887935459614,0.0385933009256446,Automated Retention
8080-POTJR,0,0.11493755,0.11493755,Low,One year,DSL,30,79.3,2379.0,273.4364345893264,0.031798059900660855,Loyal / High Value
6906-MPARY,0,0.11857344,0.11857344,Low,One year,Fiber optic,40,89.6,3584.0,424.9672164916992,0.049552001568383276,Loyal / High Value
3662-FXJFO,0,0.01746535,0.01746535,Low,Two year,No,54,20.5,1107.0,19.33414166048169,0.002227798327772172,Low Priority
8107-RZLNV,0,0.13179003,0.13179003,Low,Two year,Fiber optic,72,106.3,7653.599999999999,1008.6681508183478,0.11794243462939884,Loyal / High Value
0516-OOHAR,0,0.18116623,0.18116623,Low,One year,Fiber optic,28,100.35,2809.7999999999997,509.0408776402473,0.05926891322270739,Loyal / High Value
2027-CWDNU,0,0.3765262,0.3765262,Medium,Month-to-month,Fiber optic,18,85.6,1540.8,580.1515793323516,0.06717377234689069,Loyal / High Value
2737-WFVYW,1,0.7136312,0.7136312,High,Month-to-month,DSL,2,45.25,90.5,64.58362475037575,0.005997674178474618,Automated Retention
9912-OMZDS,0,0.2717721,0.2717721,Low,One year,Fiber optic,59,106.15,6262.85,1702.067812690139,0.19891205193427378,Loyal / High Value
3733-ZEECP,0,0.19029838,0.19029838,Low,Month-to-month,DSL,22,51.1,1124.2,213.93343707323075,0.02465723785142074,Low Priority
7878-RTCZG,0,0.35809097,0.35809097,Medium,Month-to-month,No,1,19.9,19.9,7.12601024210453,4.6171706633758196e-05,Low Priority
2452-MRMZF,0,0.017592402,0.017592402,Low,Two year,No,72,25.7,1850.3999999999999,32.55298098474741,0.003776988445219443,Loyal / High Value
2272-QAGFO,1,0.66966313,0.66966313,High,Month-to-month,Fiber optic,14,74.3,1040.2,696.5835891127587,0.08017558165855947,Automated Retention
7103-IPXPJ,0,0.275399,0.275399,Low,One year,Fiber optic,50,99.4,4970.0,1368.733027279377,0.1598316211189127,Loyal / High Value
4342-HFXWS,0,0.046247177,0.046247177,Low,One year,DSL,48,69.7,3345.6000000000004,154.72455478906633,0.018034404053912406,Loyal / High Value
3545-CNWRG,0,0.48216832,0.48216832,Medium,Month-to-month,Fiber optic,49,98.35,4819.15,2323.6414441049096,0.271307281478373,Loyal / High Value
1785-BPHTP,0,0.37908584,0.37908584,Medium,Month-to-month,Fiber optic,28,85.45,2392.6,907.000777900219,0.10548035025915209,Loyal / High Value
4989-LIXVT,0,0.3777426,0.3777426,Medium,Month-to-month,Fiber optic,68,95.9,6521.200000000001,2463.3349682569506,0.2879118304098806,Loyal / High Value
7315-WYOAW,0,0.5320094,0.5320094,Medium,Month-to-month,Fiber optic,13,100.75,1309.75,696.7993414849043,0.0805042156246082,Low Priority
1173-XZPYF,0,0.71566254,0.71566254,High,Month-to-month,Fiber optic,11,89.2,981.2,702.2080832719803,0.08073349910196467,Automated Retention
9850-OWRHQ,1,0.70152414,0.70152414,High,Month-to-month,Fiber optic,3,74.1,222.29999999999998,155.9488159775734,0.016733889977342188,Automated Retention
3768-NLUBH,1,0.43763506,0.43763506,Medium,Month-to-month,Fiber optic,57,100.6,5734.2,2509.486984705925,0.29318963867924486,Loyal / High Value
8676-TRMJS,1,0.6501495,0.6501495,High,Month-to-month,Fiber optic,3,75.0,225.0,146.2836429476738,0.01571418228297196,Automated Retention
2509-TFPJU,0,0.012426559,0.012426559,Low,Two year,No,72,25.75,1854.0,23.038840167224407,0.002673155108336792,Loyal / High Value
9530-GRMJG,0,0.040758543,0.040758543,Low,Two year,DSL,70,84.1,5887.0,239.945540972054,0.02803583087595927,Loyal / High Value
6898-RBTLU,0,0.020267546,0.020267546,Low,Two year,DSL,49,79.3,3885.7,78.75360417962074,0.009186582697802748,Loyal / High Value
5481-NTDOH,0,0.19948521,0.19948521,Low,One year,Fiber optic,67,107.05,7172.349999999999,1430.7777643367647,0.1672715962983581,Loyal / High Value
2068-WWXQZ,0,0.01621306,0.01621306,Low,Two year,No,46,20.05,922.3000000000001,14.953304708004,0.0017170502614881076,Low Priority
7359-SSBJK,1,0.035761155,0.035761155,Low,Two year,DSL,64,70.2,4492.8,160.6677180290222,0.01875415044911457,Loyal / High Value
2061-VVFST,0,0.06748719,0.06748719,Low,Month-to-month,No,37,19.5,721.5,48.692005913704634,0.005558801433005121,Low Priority
0685-MLYYM,1,0.62925214,0.62925214,High,Month-to-month,Fiber optic,2,70.75,141.5,89.03917720913887,0.009050220022619395,Automated Retention
0749-IRGQE,0,0.4719665,0.4719665,Medium,Month-to-month,DSL,13,45.3,588.9,277.94107482433316,0.03153930332536815,Low Priority
2380-DAMQP,0,0.02717283,0.02717283,Low,Two year,Fiber optic,72,115.15,8290.800000000001,225.28449859768156,0.026347248850632058,Loyal / High Value
2256-YLYLP,0,0.020260455,0.020260455,Low,Two year,DSL,68,72.95,4960.6,100.5040135037154,0.011736111795302307,Loyal / High Value
1272-ILHFG,0,0.039729018,0.039729018,Low,One year,No,15,19.65,294.75,11.710127986036241,0.0012850738995764765,Low Priority
0164-XAIRP,0,0.02006175,0.02006175,Low,Two year,No,24,19.55,469.20000000000005,9.4129730835557,0.0010591490275945461,Low Priority
5666-CYCYZ,0,0.4751033,0.4751033,Medium,Month-to-month,Fiber optic,24,89.55,2149.2,1021.091988480091,0.11864216600817927,Loyal / High Value
4011-ARPHK,0,0.091949835,0.091949835,Low,Month-to-month,DSL,27,50.35,1359.45,125.00120376124978,0.014449613988109558,Low Priority
8182-PNAGI,1,0.15742402,0.15742402,Low,Month-to-month,DSL,12,50.25,603.0,94.92668272554874,0.010780090865429661,Low Priority
6365-HITVU,0,0.0139575275,0.0139575275,Low,Two year,DSL,71,87.25,6194.75,86.46339327073656,0.01010420477240875,Loyal / High Value
7558-IMLMT,0,0.010785528,0.010785528,Low,Two year,No,67,20.8,1393.6000000000001,15.030712459981443,0.0017380842700861227,Low Priority
9488-FYQAU,0,0.11546541,0.11546541,Low,Two year,Fiber optic,63,109.25,6882.75,794.7195510473102,0.09290003766624859,Loyal / High Value
3590-TCXTB,0,0.31803015,0.31803015,Medium,Month-to-month,No,1,20.35,20.35,6.471913526952267,5.7781640396908294e-05,Low Priority
6994-KERXL,0,0.45472074,0.45472074,Medium,Month-to-month,DSL,4,55.9,223.6,101.67555646896362,0.010916026659863206,Low Priority
7957-RYHQD,1,0.31125042,0.31125042,Medium,Month-to-month,Fiber optic,40,79.2,3168.0,986.0413255691528,0.11489471794152875,Loyal / High Value
2180-DXNEG,1,0.7424566,0.7424566,High,Month-to-month,Fiber optic,12,96.0,1152.0,855.3100204467773,0.09862057343460702,Automated Retention
1960-UOTYM,0,0.033266455,0.033266455,Low,Two year,DSL,52,79.2,4118.400000000001,137.00456800460816,0.015985929136795383,Loyal / High Value
2740-JFBOK,0,0.17809936,0.17809936,Low,Month-to-month,No,10,24.0,240.0,42.743847370147705,0.004617823908260596,Low Priority
6500-JVEGC,0,0.10560231,0.10560231,Low,One year,Fiber optic,68,101.35,6891.799999999999,727.7899939090013,0.08507650394994548,Loyal / High Value
5515-AKOAJ,1,0.48303744,0.48303744,Medium,Month-to-month,Fiber optic,54,100.1,5405.4,2611.010588818788,0.30498985897760833,Loyal / High Value
8976-OQHGT,1,0.2356735,0.2356735,Low,Month-to-month,DSL,4,56.5,226.0,53.262211471796036,0.005723878192112396,Low Priority
5245-VDBUR,0,0.053853787,0.053853787,Low,One year,DSL,52,35.45,1843.4,99.27407184392214,0.011517913146950557,Loyal / High Value
6230-BSUXY,1,0.8517417,0.8517417,Critical,Month-to-month,Fiber optic,1,85.0,85.0,72.39804208278656,0.006609304512544225,Automated Retention
8469-SNFFH,0,0.05098697,0.05098697,Low,One year,DSL,70,79.4,5558.0,283.3855887427926,0.033105194307332726,Loyal / High Value
2144-ESWKO,0,0.07261553,0.07261553,Low,One year,DSL,43,35.2,1513.6000000000001,109.9108610868454,0.012723378796236617,Loyal / High Value
1241-FPMOF,0,0.017874386,0.017874386,Low,Two year,No,52,19.65,1021.8,18.264047779887914,0.002101463958182961,Low Priority
9928-BZVLZ,0,0.03944468,0.03944468,Low,Two year,DSL,12,49.85,598.2,23.59580832794309,0.0026789019505241126,Low Priority
4114-QMKVN,0,0.045350764,0.045350764,Low,One year,DSL,56,68.75,3850.0,174.60044119507074,0.02036616734256276,Loyal / High Value
9003-CPATH,0,0.36944032,0.36944032,Medium,Month-to-month,Fiber optic,42,79.9,3355.8,1239.7678163051605,0.1445074946481933,Loyal / High Value
1754-GKYPY,0,0.44549933,0.44549933,Medium,Month-to-month,Fiber optic,22,89.75,1974.5,879.6384285837412,0.10212666930390461,Loyal / High Value
5294-CDGWY,1,0.15148756,0.15148756,Low,One year,DSL,51,59.3,3024.2999999999997,458.1438249260187,0.05336832553630349,Loyal / High Value
7956-XQWGU,0,0.07538363,0.07538363,Low,Month-to-month,No,27,19.4,523.8,39.48594716191292,0.004462295439616907,Low Priority
1591-MQJTP,0,0.17038697,0.17038697,Low,One year,Fiber optic,51,93.65,4776.150000000001,813.7937269717456,0.09501482229169796,Loyal / High Value
5295-PCJOO,1,0.38872054,0.38872054,Medium,Month-to-month,DSL,4,49.4,197.6,76.81117913722991,0.008146946847338203,Low Priority
2369-FEVNO,0,0.44413617,0.44413617,Medium,Month-to-month,No,1,19.9,19.9,8.8383098334074,5.726624505184942e-05,Low Priority
9863-JZAIC,1,0.123410925,0.123410925,Low,Month-to-month,DSL,35,55.0,1925.0,237.56603114306927,0.027574773273163173,Loyal / High Value
7471-MQPOS,0,0.061938863,0.061938863,Low,One year,DSL,71,72.9,5175.900000000001,320.58936228342355,0.03744196732632784,Loyal / High Value
7660-HDPJV,1,0.8177371,0.8177371,Critical,Month-to-month,Fiber optic,1,69.2,69.2,56.587407493591314,0.004830967503566985,Automated Retention
5115-SQAAU,0,0.0133710345,0.0133710345,Low,Two year,No,69,25.6,1766.4,23.618595385551455,0.0027390308440166868,Loyal / High Value
9845-QOMAD,0,0.040515624,0.040515624,Low,One year,No,14,19.75,276.5,11.202570032328367,0.0012238461531060122,Low Priority
7672-VFMXZ,0,0.100816965,0.100816965,Low,Month-to-month,DSL,57,55.7,3174.9,320.08378250598906,0.03729703014371364,Loyal / High Value
9739-JLPQJ,0,0.024735631,0.024735631,Low,Two year,Fiber optic,72,117.5,8460.0,209.2634418234229,0.02447468257135036,Loyal / High Value
9916-AYHTC,0,0.018222468,0.018222468,Low,Two year,No,48,19.85,952.8000000000001,17.362367485463622,0.0019950048161519653,Low Priority
3855-ONCAR,0,0.6666172,0.6666172,High,Month-to-month,Fiber optic,4,78.9,315.6,210.38439295291903,0.02319157789255208,Automated Retention
1488-SYSFC,0,0.083310984,0.083310984,Low,Month-to-month,No,31,20.65,640.15,53.33152645565569,0.0060677606849029895,Low Priority
7931-PXHFC,1,0.069721825,0.069721825,Low,One year,DSL,38,62.3,2367.4,165.05944950133562,0.019194096866023948,Loyal / High Value
3990-QYKBE,1,0.53802705,0.53802705,Medium,Month-to-month,Fiber optic,37,92.5,3422.5,1841.3975721597672,0.21465710142245883,Loyal / High Value
0970-QXPXW,0,0.33965644,0.33965644,Medium,Month-to-month,No,1,19.65,19.65,6.674249093234539,3.384142629914005e-05,Low Priority
3259-KNMRR,0,0.045262024,0.045262024,Low,Two year,DSL,57,79.75,4545.75,205.7498447187245,0.024017596430884393,Loyal / High Value
6120-RJKLU,0,0.031219892,0.031219892,Low,Two year,DSL,62,79.95,4956.900000000001,154.75388366505504,0.018070957156276192,Loyal / High Value
9572-WUKSB,0,0.5090981,0.5090981,Medium,Month-to-month,DSL,3,29.9,89.69999999999999,45.666100698709485,0.0042309471331285235,Low Priority
5893-KCLGT,0,0.012284524,0.012284524,Low,Two year,No,72,19.75,1422.0,17.468592854216695,0.0020205415189699376,Loyal / High Value
0076-LVEPS,0,0.08944021,0.08944021,Low,Month-to-month,DSL,29,45.0,1305.0,116.71947620809078,0.01348438674852319,Low Priority
3640-JQGJG,0,0.15527509,0.15527509,Low,Month-to-month,DSL,13,44.8,582.4,90.432213306427,0.01025799906058747,Low Priority
4919-MOAVT,1,0.57453674,0.57453674,Medium,Month-to-month,Fiber optic,3,69.65,208.95000000000002,120.04945198595524,0.012805720327655376,Low Priority
1596-OQSPS,0,0.21744052,0.21744052,Low,Month-to-month,DSL,11,51.1,562.1,122.22331390678883,0.013847457826632199,Low Priority
9867-XOBQA,0,0.025181435,0.025181435,Low,Two year,DSL,21,53.15,1116.1499999999999,28.106258729472753,0.003239034104294758,Low Priority
9546-KDTRB,0,0.09683161,0.09683161,Low,Month-to-month,No,19,24.7,469.3,45.44307564720511,0.00511330660823481,Low Priority
3090-HAWSU,1,0.13348117,0.13348117,Low,Two year,Fiber optic,61,111.6,6807.599999999999,908.6864449381827,0.10621917184612754,Loyal / High Value
9820-RMCQV,1,0.18506552,0.18506552,Low,Month-to-month,DSL,11,48.55,534.05,98.83424244597553,0.011177209609143424,Low Priority
3174-RKMOW,0,0.4183817,0.4183817,Medium,Month-to-month,Fiber optic,35,109.95,3848.25,1610.0373423099518,0.18780145425257247,Loyal / High Value
1760-CAZHT,0,0.055747766,0.055747766,Low,Month-to-month,No,25,20.8,520.0,28.988838344812393,0.003275128978703503,Low Priority
7839-QRKXN,1,0.4427649,0.4427649,Medium,Month-to-month,No,1,20.2,20.2,8.94385114312172,7.265928255174712e-05,Low Priority
8441-SHIPE,0,0.015785567,0.015785567,Low,Two year,No,67,25.6,1715.2,27.075405311584472,0.0031389062081876545,Loyal / High Value
5204-QZXPU,1,0.4570896,0.4570896,Medium,Month-to-month,DSL,19,39.65,753.35,344.3484523802996,0.03935614776876542,Low Priority
4597-ELFTS,1,0.05829742,0.05829742,Low,One year,No,56,24.9,1394.3999999999999,81.2899249345064,0.009400076590043849,Low Priority
1320-GVNHT,0,0.04758669,0.04758669,Low,Two year,Fiber optic,72,108.4,7804.8,371.4046030640602,0.04342999499251357,Loyal / High Value
1047-RNXZV,0,0.01767104,0.01767104,Low,Two year,No,43,19.55,840.65,14.85515921106562,0.0017023330447884955,Low Priority
3541-ZNUHK,0,0.23480007,0.23480007,Low,Month-to-month,Fiber optic,55,85.1,4680.5,1098.9817300885916,0.12830170301513694,Loyal / High Value
8450-JOVAH,1,0.38652253,0.38652253,Medium,Month-to-month,DSL,2,56.7,113.4,43.8316550731659,0.0042860361356889054,Low Priority
8725-JEDFD,0,0.24320273,0.24320273,Low,Month-to-month,Fiber optic,27,69.05,1864.35,453.41501156464216,0.05261191863062548,Loyal / High Value
7562-UXTPG,0,0.4185841,0.4185841,Medium,Month-to-month,Fiber optic,13,70.15,911.95,381.72777761220937,0.043822486446828034,Low Priority
8071-SBTRN,0,0.0807153,0.0807153,Low,Two year,Fiber optic,70,111.15,7780.5,628.005381166935,0.07343491344151645,Loyal / High Value
1113-IUJYX,1,0.3281279,0.3281279,Medium,One year,Fiber optic,14,105.95,1483.3,486.7121004611254,0.05632774945067637,Loyal / High Value
6668-CNMFP,0,0.19491214,0.19491214,Low,One year,Fiber optic,19,89.35,1697.6499999999999,330.8925870031118,0.03835664840278181,Loyal / High Value
5626-MGTUK,0,0.38256115,0.38256115,Medium,Month-to-month,Fiber optic,20,89.1,1782.0,681.7239643335342,0.07906646365879713,Loyal / High Value
5681-LLOEI,0,0.07805999,0.07805999,Low,One year,Fiber optic,43,91.25,3923.75,306.2879002187401,0.035730069900773084,Loyal / High Value
8212-DJRCH,0,0.5194508,0.5194508,Medium,Month-to-month,Fiber optic,5,90.35,451.75,234.66189154982567,0.026361615812044034,Low Priority
4323-OHFOW,0,0.21760795,0.21760795,Low,One year,Fiber optic,70,105.55,7388.5,1607.7963031381369,0.18798120707149119,Loyal / High Value
4933-BSAIP,0,0.01811301,0.01811301,Low,Two year,No,40,19.1,764.0,13.838339358568192,0.0015821707119154957,Low Priority
2030-BTZRO,0,0.021943746,0.021943746,Low,Two year,No,6,20.4,122.39999999999999,2.6859145268797873,0.0002664774122689162,Low Priority
1116-DXXDF,0,0.116804585,0.116804585,Low,Two year,Fiber optic,39,100.45,3917.55,457.5878014214337,0.053379580273121084,Loyal / High Value
9274-CNFMO,1,0.6809324,0.6809324,High,Month-to-month,Fiber optic,4,74.95,299.8,204.1435343027115,0.022428498351184923,Automated Retention
7758-XKCBS,1,0.34737128,0.34737128,Medium,Month-to-month,DSL,15,29.7,445.5,154.753905326128,0.01737426449485341,Low Priority
8992-JQYUN,1,0.76865625,0.76865625,High,Month-to-month,DSL,1,50.35,50.35,38.70184237957001,0.0028426370039213358,Automated Retention
6563-VNPMN,0,0.21248688,0.21248688,Low,Month-to-month,Fiber optic,45,85.7,3856.5,819.4556451514363,0.0955857196929309,Loyal / High Value
0617-AQNWT,1,0.064870745,0.064870745,Low,Two year,DSL,64,47.85,3062.4,198.66016931533815,0.02314335607070495,Loyal / High Value
2267-WTPYD,0,0.2822879,0.2822879,Low,Month-to-month,Fiber optic,57,94.0,5358.0,1512.498545050621,0.1766681747716437,Loyal / High Value
0270-THENM,0,0.011331448,0.011331448,Low,Two year,DSL,72,69.85,5029.2,56.98811994865537,0.0066549944579922665,Loyal / High Value
2446-PLQVO,1,0.80949044,0.80949044,Critical,Month-to-month,Fiber optic,1,70.3,70.3,56.907178092002866,0.00488662295775671,Automated Retention
4707-MAXGU,0,0.012426559,0.012426559,Low,Two year,No,72,25.85,1861.2,23.128311391174794,0.002683642639276213,Loyal / High Value
2710-WYVXG,0,0.052538536,0.052538536,Low,Two year,DSL,3,71.1,213.29999999999998,11.206469833105801,0.0011978086725328693,Low Priority
3005-NFMTA,1,0.4364553,0.4364553,Medium,Month-to-month,Fiber optic,55,98.8,5434.0,2371.698151230812,0.2770410717617991,Loyal / High Value
6300-BWMJX,0,0.25597343,0.25597343,Low,Month-to-month,Fiber optic,59,93.35,5507.65,1409.8120534107088,0.16468958094466643,Loyal / High Value
8784-CGILN,1,0.5406831,0.5406831,Medium,Month-to-month,Fiber optic,18,99.85,1797.3,971.7697188913822,0.11271625056105476,Loyal / High Value
5389-FFVKB,1,0.37715867,0.37715867,Medium,Month-to-month,Fiber optic,32,80.3,2569.6,969.1469225883484,0.11276916958481094,Loyal / High Value
7009-LGECI,0,0.3050996,0.3050996,Medium,Month-to-month,DSL,4,50.55,202.2,61.69114043712616,0.006558897673793063,Low Priority
8444-WRIDW,1,0.23537719,0.23537719,Low,Month-to-month,Fiber optic,66,80.45,5309.7,1249.7822790026664,0.14597678964081465,Loyal / High Value
5022-KVDQT,0,0.4824364,0.4824364,Medium,Month-to-month,Fiber optic,27,81.3,2195.1,1058.9961169034243,0.12306900703245512,Loyal / High Value
7976-CICYS,0,0.13476397,0.13476397,Low,Month-to-month,No,4,20.7,82.8,11.1584567964077,0.0010109825279152847,Low Priority
1036-GUDCL,0,0.06894228,0.06894228,Low,Month-to-month,DSL,60,79.05,4743.0,326.99322751164436,0.03817717468509952,Loyal / High Value
2005-DWQZJ,0,0.027977811,0.027977811,Low,Two year,No,8,19.05,152.4,4.263818422704936,0.0004381371404562042,Low Priority
8148-WOCMK,0,0.02708023,0.02708023,Low,Two year,No,8,19.6,156.8,4.246180129051209,0.00043804761314371966,Low Priority
7815-PDTHL,0,0.01604229,0.01604229,Low,Two year,No,35,20.2,707.0,11.341899210587144,0.0012941091703142713,Low Priority
9451-LPGOO,1,0.7625863,0.7625863,High,Month-to-month,Fiber optic,7,86.8,607.6,463.34743320941925,0.05263161229979965,Automated Retention
9173-IVZVP,0,0.015514452,0.015514452,Low,Two year,No,53,20.9,1107.6999999999998,17.18535849191248,0.0019802239771798914,Low Priority
9129-UXERG,0,0.5209799,0.5209799,Medium,Month-to-month,Fiber optic,18,103.6,1864.8,971.523282623291,0.11273078357735165,Loyal / High Value
3635-JBPSG,0,0.063148,0.063148,Low,Two year,DSL,15,38.8,582.0,36.75213561952114,0.004168810159392761,Low Priority
7964-ZRKKG,0,0.10916667,0.10916667,Low,One year,Fiber optic,67,88.4,5922.8,646.572334510088,0.07554857478115849,Loyal / High Value
5868-YWPDW,1,0.67237836,0.67237836,High,Month-to-month,Fiber optic,6,84.2,505.20000000000005,339.6855480909348,0.038335150377426665,Automated Retention
6229-LSCKB,0,0.6926069,0.6926069,High,Month-to-month,Fiber optic,6,79.7,478.20000000000005,331.20463199615483,0.037296467295107945,Automated Retention
2025-JKFWI,1,0.62320477,0.62320477,High,Month-to-month,Fiber optic,13,99.0,1287.0,802.0645360350609,0.09264210033784526,Automated Retention
4078-SAYYN,1,0.8101191,0.8101191,Critical,Month-to-month,Fiber optic,11,100.75,1108.25,897.8144842237234,0.10345370467054948,Automated Retention
1724-IQWNM,0,0.30047855,0.30047855,Medium,Month-to-month,No,1,19.3,19.3,5.799235972762108,1.7610567552718736e-05,Low Priority
8217-QYOHV,0,0.24725977,0.24725977,Low,Month-to-month,DSL,5,55.75,278.75,68.92365973442793,0.007534130736144464,Low Priority
5546-QUERU,0,0.041744355,0.041744355,Low,One year,No,13,19.95,259.34999999999997,10.826398498378692,0.0011770448028726537,Low Priority
9940-HPQPG,1,0.51101506,0.51101506,Medium,Month-to-month,Fiber optic,9,91.75,825.75,421.97068378329277,0.04833594344302017,Low Priority
6897-UUBNU,0,0.20827428,0.20827428,Low,Month-to-month,Fiber optic,29,89.65,2599.8500000000004,541.4818740263582,0.06301180580166285,Loyal / High Value
6127-IYJOZ,0,0.66081387,0.66081387,High,Month-to-month,DSL,1,45.85,45.85,30.298315849900245,0.0020952521486589312,Automated Retention
6618-RYATB,1,0.8377945,0.8377945,Critical,Month-to-month,Fiber optic,1,79.55,79.55,66.6465510994196,0.005965868204298295,Automated Retention
8930-XOTDP,0,0.1552843,0.1552843,Low,Month-to-month,DSL,18,55.95,1007.1,156.38681897968056,0.017988966866476712,Low Priority
5916-QEWPT,0,0.4464653,0.4464653,Medium,Month-to-month,DSL,2,69.0,138.0,61.612213253974915,0.006238121877508957,Low Priority
5060-TQUQN,0,0.25755325,0.25755325,Low,Month-to-month,Fiber optic,30,83.55,2506.5,645.5572201162577,0.07510259037694857,Loyal / High Value
0531-XBKMM,0,0.015292534,0.015292534,Low,Two year,DSL,66,65.7,4336.2,66.3114845143631,0.007739120508404936,Loyal / High Value
8465-SBRXP,0,0.098255694,0.098255694,Low,Two year,Fiber optic,38,94.9,3606.2000000000003,354.32968338727954,0.04131686941364924,Loyal / High Value
2408-PSJVE,0,0.08040822,0.08040822,Low,Month-to-month,DSL,44,61.9,2723.6,218.99983609020708,0.025493267242393584,Loyal / High Value
9079-YEXQJ,1,0.37936366,0.37936366,Medium,Month-to-month,Fiber optic,54,111.1,5999.4,2275.9543180704113,0.265944097118434,Loyal / High Value
9700-ZCLOT,0,0.17691709,0.17691709,Low,Month-to-month,No,2,20.0,40.0,7.0766836404800415,0.00043963830755983,Low Priority
8738-JOKAR,0,0.057647888,0.057647888,Low,One year,DSL,42,67.7,2843.4,163.91600365117193,0.019086672843675653,Loyal / High Value
4534-WGCIR,0,0.016512683,0.016512683,Low,Two year,No,58,25.15,1458.6999999999998,24.087050198204814,0.0027870184457251296,Loyal / High Value
1930-WNXSB,0,0.2922037,0.2922037,Low,Month-to-month,Fiber optic,58,92.85,5385.299999999999,1573.604556432366,0.18380897493602597,Loyal / High Value
2685-SREOM,1,0.52566254,0.52566254,Medium,Month-to-month,Fiber optic,25,89.1,2227.5,1170.913310945034,0.13609232642147784,Loyal / High Value
3508-CFVZL,0,0.038026363,0.038026363,Low,Two year,Fiber optic,71,111.3,7902.3,300.4957256287336,0.03513935085460096,Loyal / High Value
0402-CQAJN,1,0.43672025,0.43672025,Medium,Month-to-month,Fiber optic,37,101.9,3770.3,1646.5663662552834,0.19204285745463553,Loyal / High Value
6692-UDPJC,1,0.5819742,0.5819742,Medium,Month-to-month,Fiber optic,14,91.65,1283.1000000000001,746.7311067402363,0.08624695138118474,Low Priority
1273-MTETI,1,0.80903476,0.80903476,Critical,Month-to-month,Fiber optic,4,88.85,355.4,287.5309553980827,0.03192060927190417,Automated Retention
0657-DOGUM,0,0.043581575,0.043581575,Low,One year,DSL,48,60.6,2908.8,126.770085811615,0.014763544659449564,Loyal / High Value
5480-HPRRX,1,0.6486672,0.6486672,High,Month-to-month,DSL,3,25.3,75.9,49.2338417172432,0.004341581260641535,Automated Retention
8792-AOROI,0,0.035033204,0.035033204,Low,Two year,DSL,8,65.5,524.0,18.357398718595505,0.0020745937839647876,Low Priority
0295-PPHDO,1,0.8937626,0.8937626,Critical,Month-to-month,Fiber optic,1,95.45,95.45,85.30963907241822,0.008030160166049308,Automated Retention
5146-YYFRZ,0,0.013225895,0.013225895,Low,Two year,No,67,19.95,1336.6499999999999,17.67839302313514,0.002043059146486438,Low Priority
1195-OIYEJ,1,0.68632936,0.68632936,High,Month-to-month,Fiber optic,13,91.1,1184.3,812.8198667049408,0.09376369967262993,Automated Retention
5906-CVLHP,1,0.042507686,0.042507686,Low,One year,DSL,45,54.15,2436.75,103.58060318045318,0.012047714118635111,Loyal / High Value
3452-SRFEG,0,0.28089708,0.28089708,Low,Month-to-month,Fiber optic,49,74.6,3655.3999999999996,1026.7911895155905,0.11973817568392521,Loyal / High Value
4070-OKWVH,0,0.27059564,0.27059564,Low,Month-to-month,Fiber optic,52,94.6,4919.2,1331.1140720129013,0.15543263245287328,Loyal / High Value
5297-MDOIR,0,0.05177806,0.05177806,Low,One year,Fiber optic,63,81.15,5112.450000000001,264.71274004932496,0.030914679357137664,Loyal / High Value
6369-MCAKO,0,0.01906363,0.01906363,Low,Two year,DSL,68,89.05,6055.4,115.43790031820535,0.013489251698361007,Loyal / High Value
4926-UMJZD,0,0.10045972,0.10045972,Low,Month-to-month,DSL,31,49.2,1525.2,153.22116069495678,0.017738714132986163,Loyal / High Value
6848-HJTXY,0,0.015214512,0.015214512,Low,Two year,No,64,19.45,1244.8,18.939024692773817,0.002186444095183591,Low Priority
6341-AEVKX,0,0.17364214,0.17364214,Low,One year,Fiber optic,62,104.3,6466.599999999999,1122.8742858499288,0.13123708429647815,Loyal / High Value
4501-EQDRN,1,0.7314966,0.7314966,High,Month-to-month,Fiber optic,1,69.7,69.7,50.98531110286713,0.0043643538470520445,Automated Retention
2990-HWIML,1,0.73677623,0.73677623,High,Month-to-month,Fiber optic,6,89.5,537.0,395.6488369703293,0.044753076213803936,Automated Retention
0682-USIXD,0,0.4537161,0.4537161,Medium,Month-to-month,Fiber optic,21,86.05,1807.05,819.8876771718263,0.09510477007990625,Loyal / High Value
6976-BWGLQ,0,0.010526359,0.010526359,Low,Two year,No,72,25.2,1814.3999999999999,19.099025917053222,0.002215530097328087,Loyal / High Value
7078-NVFAM,0,0.21592174,0.21592174,Low,Month-to-month,DSL,32,35.15,1124.8,242.86877844333648,0.027992480500151986,Low Priority
8065-QBYTO,0,0.06743636,0.06743636,Low,One year,Fiber optic,71,99.65,7075.150000000001,477.12236119993037,0.055778150510509966,Loyal / High Value
2133-TSRRM,0,0.2722593,0.2722593,Low,Month-to-month,Fiber optic,34,105.35,3581.8999999999996,975.2055687129497,0.11371050895151902,Loyal / High Value
7384-GHBPI,1,0.6620626,0.6620626,High,Month-to-month,DSL,3,35.15,105.44999999999999,69.81449962556361,0.006724461156802232,Automated Retention
7603-USHJS,1,0.5262842,0.5262842,Medium,Month-to-month,Fiber optic,12,73.75,885.0,465.7615327835083,0.053435318535284625,Low Priority
7234-FECYN,1,0.7947178,0.7947178,High,Month-to-month,Fiber optic,8,101.35,810.8,644.3571830749511,0.073778189310702,Automated Retention
2511-ALLCS,0,0.017213624,0.017213624,Low,Two year,No,35,24.3,850.5,14.640187187120318,0.0016781427063566996,Low Priority
3191-CSNMG,0,0.6892557,0.6892557,High,Month-to-month,Fiber optic,3,80.7,242.10000000000002,166.8688084602356,0.018040932228667164,Automated Retention
7952-OBOYL,0,0.6652122,0.6652122,High,Month-to-month,Fiber optic,3,89.85,269.54999999999995,179.30795228183266,0.019551992997323107,Automated Retention
7470-DYNOE,0,0.117151424,0.117151424,Low,One year,DSL,53,61.1,3238.3,379.37145727425815,0.04421054605420452,Loyal / High Value
7853-OETYL,0,0.47330382,0.47330382,Medium,Month-to-month,DSL,4,29.05,116.2,54.99790442585945,0.005403670353782821,Low Priority
1545-ACTAS,0,0.16930515,0.16930515,Low,One year,Fiber optic,48,99.7,4785.6,810.2267054557801,0.09459909141924448,Loyal / High Value
5876-HZVZM,1,0.15500782,0.15500782,Low,Month-to-month,DSL,6,55.9,335.4,51.989624270796774,0.005752470598969012,Low Priority
1400-MMYXY,1,0.8316353,0.8316353,Critical,Month-to-month,Fiber optic,3,105.9,317.70000000000005,264.2105336487294,0.029137259714629583,Automated Retention
5126-RCXYW,0,0.020577578,0.020577578,Low,Two year,DSL,54,46.0,2484.0,51.11470343917608,0.0059461558719926455,Loyal / High Value
3085-QUOZK,1,0.5033957,0.5033957,Medium,Month-to-month,DSL,1,43.95,43.95,22.124239987134935,0.0014840117763987807,Low Priority
2363-BJLSL,0,0.08416708,0.08416708,Low,Month-to-month,DSL,62,80.4,4984.8,419.5560510993004,0.04899354252981026,Loyal / High Value
1956-YIFGE,0,0.29216152,0.29216152,Low,One year,Fiber optic,22,100.05,2201.1,643.0767311275005,0.07473556996328057,Loyal / High Value
3926-CUQZX,1,0.5654289,0.5654289,Medium,Month-to-month,DSL,1,45.1,45.1,25.50084396004677,0.0017431053547475091,Low Priority
7921-LMDFQ,0,0.21937226,0.21937226,Low,One year,Fiber optic,51,94.0,4794.0,1051.6706028878689,0.12279004178136385,Loyal / High Value
2925-MXLSX,0,0.069855705,0.069855705,Low,One year,DSL,30,68.95,2068.5,144.49652559310198,0.016783481613479256,Loyal / High Value
5820-PTRYM,0,0.053232398,0.053232398,Low,One year,DSL,56,68.45,3833.2000000000003,204.05042756944897,0.023800832062221878,Loyal / High Value
9609-BENEA,0,0.098990194,0.098990194,Low,One year,DSL,35,69.0,2415.0,239.06131971627474,0.027803861597393596,Loyal / High Value
6211-WHMYA,0,0.21015733,0.21015733,Low,Month-to-month,DSL,64,43.85,2806.4,589.7855443954468,0.06866965802010519,Loyal / High Value
4459-BBGHE,0,0.27654648,0.27654648,Low,Month-to-month,DSL,30,44.5,1335.0,369.18954849243164,0.04266580020406598,Low Priority
9945-PSVIP,0,0.021391517,0.021391517,Low,Two year,No,25,18.7,467.5,10.000533987767994,0.0011250906644554267,Low Priority
1041-RXHRA,1,0.23452635,0.23452635,Low,Month-to-month,Fiber optic,41,70.25,2880.25,675.4945227392018,0.07866248913853033,Loyal / High Value
1750-CSKKM,1,0.31694388,0.31694388,Medium,Month-to-month,DSL,9,55.35,498.15000000000003,157.88559576272965,0.017808403360076802,Low Priority
9108-EJFJP,0,0.47061306,0.47061306,Medium,Month-to-month,DSL,1,53.55,53.55,25.20132949054241,0.001916940631771101,Low Priority
0530-IJVDB,0,0.0698424,0.0698424,Low,Two year,Fiber optic,70,114.6,8022.0,560.2757180929184,0.06551981913533679,Loyal / High Value
0508-SQWPL,0,0.016162863,0.016162863,Low,Two year,No,57,20.1,1145.7,18.51779214050621,0.0021349787035918905,Low Priority
2215-ZAFGX,0,0.73745406,0.73745406,High,Month-to-month,Fiber optic,9,85.5,769.5,567.4708966612816,0.06489201523754844,Automated Retention
8213-TAZPM,0,0.18051541,0.18051541,Low,One year,Fiber optic,69,108.75,7503.75,1354.542496651411,0.15837734515323887,Loyal / High Value
7142-HVGBG,1,0.61258554,0.61258554,High,Month-to-month,Fiber optic,43,103.0,4429.0,2713.1413769721985,0.3166758215413984,Priority Retention
1304-SEGFY,0,0.08263,0.08263,Low,Two year,Fiber optic,72,97.85,7045.2,582.1448831051588,0.06805507303617295,Loyal / High Value
7242-EDTYC,0,0.01704677,0.01704677,Low,Two year,No,44,19.55,860.2,14.663631623610854,0.0016812584801774056,Low Priority
2904-GGUAZ,0,0.016413445,0.016413445,Low,Two year,Fiber optic,72,84.05,6051.599999999999,99.32760166302323,0.011606694123164845,Loyal / High Value
8267-ZNYVZ,1,0.2900418,0.2900418,Low,One year,Fiber optic,33,103.75,3423.75,993.0306275188923,0.11576071849186462,Loyal / High Value
5136-GFPMB,0,0.26512524,0.26512524,Low,Month-to-month,Fiber optic,54,89.4,4827.6,1279.91863206625,0.1494437215705832,Loyal / High Value
2595-KIWPV,0,0.01760598,0.01760598,Low,Two year,No,27,19.7,531.9,9.364621218480169,0.0010588930957363422,Low Priority
5243-SAOTC,0,0.2720918,0.2720918,Low,Month-to-month,Fiber optic,54,79.85,4311.9,1173.232658010721,0.13692298059583,Loyal / High Value
9398-MMQTO,0,0.50968444,0.50968444,Medium,Month-to-month,Fiber optic,3,74.45,223.35000000000002,113.8380204498768,0.012220549619346521,Low Priority
7619-PLRLP,0,0.06810812,0.06810812,Low,One year,DSL,53,74.1,3927.2999999999997,267.4810160256922,0.031203181661098815,Loyal / High Value
6457-GIRWB,1,0.8173834,0.8173834,Critical,Month-to-month,Fiber optic,1,69.35,69.35,56.68553938269615,0.004843249636865028,Automated Retention
6508-NJYRO,0,0.033471435,0.033471435,Low,One year,No,15,18.8,282.0,9.43894475698471,0.0010326427434810728,Low Priority
1450-SKCVI,1,0.3062348,0.3062348,Medium,Month-to-month,Fiber optic,56,73.85,4135.599999999999,1266.4646669030187,0.1477760986186737,Loyal / High Value
4710-NKCAW,0,0.207707,0.207707,Low,Month-to-month,DSL,5,64.4,322.0,66.8816548883915,0.007381934925511377,Low Priority
5306-BVTKJ,0,0.05339233,0.05339233,Low,One year,DSL,48,55.8,2678.3999999999996,143.00601217746734,0.01664504834079789,Loyal / High Value
0357-NVCRI,0,0.06314594,0.06314594,Low,Month-to-month,No,25,20.05,501.25,31.651903921738267,0.0035709818306453077,Low Priority
5570-PTWEH,1,0.70852655,0.70852655,High,Month-to-month,Fiber optic,3,75.15,225.45000000000002,159.73731108605864,0.017162534217185995,Automated Retention
2371-KFUOG,0,0.16235648,0.16235648,Low,One year,Fiber optic,58,99.15,5750.700000000001,933.6634150341155,0.10908326064236462,Loyal / High Value
0463-ZSDNT,0,0.23078631,0.23078631,Low,Month-to-month,DSL,10,56.75,567.5,130.97123015671968,0.01484345081045704,Low Priority
6502-MJQAE,1,0.8173834,0.8173834,Critical,Month-to-month,Fiber optic,1,69.6,69.6,56.88988523483276,0.004867202404604222,Automated Retention
6257-DTAYD,0,0.107180335,0.107180335,Low,Two year,Fiber optic,71,104.15,7394.650000000001,792.5610614541919,0.09266528403544547,Loyal / High Value
4616-ULAOA,0,0.082209535,0.082209535,Low,Two year,Fiber optic,65,110.8,7202.0,592.0730706602335,0.06921975002383055,Loyal / High Value
7693-LCKZL,1,0.6868226,0.6868226,High,Month-to-month,Fiber optic,5,80.15,400.75,275.24415422976017,0.030749705724560688,Automated Retention
7746-AWNQW,0,0.14810324,0.14810324,Low,Month-to-month,DSL,28,35.75,1001.0,148.2513403892517,0.017051176801715143,Low Priority
5996-EBTKM,0,0.020107737,0.020107737,Low,Two year,DSL,67,69.9,4683.3,94.17056380715222,0.010994061603889795,Loyal / High Value
2758-RNWXS,0,0.15724957,0.15724957,Low,One year,Fiber optic,35,89.2,3122.0,490.93315720558167,0.057199088673527215,Loyal / High Value
2314-TNDJQ,0,0.013463974,0.013463974,Low,Two year,DSL,72,55.65,4006.7999999999997,53.94745101928711,0.0062938775679981076,Loyal / High Value
2405-LBMUW,0,0.041986763,0.041986763,Low,One year,DSL,61,50.7,3092.7000000000003,129.8524634063244,0.01512836555853229,Loyal / High Value
3454-JFUBC,0,0.018064598,0.018064598,Low,Two year,No,68,20.0,1360.0,24.56785276532173,0.0028399566684682576,Low Priority
0032-PGELS,1,0.48675492,0.48675492,Medium,Month-to-month,DSL,1,30.5,30.5,14.846025183796883,0.0006675535225395366,Low Priority
9039-ZVJDC,0,0.13732006,0.13732006,Low,Month-to-month,No,3,19.1,57.300000000000004,7.868439240753651,0.0006197044000222395,Low Priority
6797-LNAQX,1,0.09293366,0.09293366,Low,Two year,Fiber optic,70,98.3,6881.0,639.4765298441052,0.07475259951637206,Loyal / High Value
9013-AQORL,0,0.14135818,0.14135818,Low,Month-to-month,DSL,48,45.55,2186.3999999999996,309.0655287623405,0.0359161659489705,Loyal / High Value
2898-MRKPI,0,0.19887313,0.19887313,Low,One year,Fiber optic,68,101.05,6871.4,1366.5368424355984,0.1597428295603448,Loyal / High Value
2750-BJLSB,0,0.2670047,0.2670047,Low,One year,Fiber optic,47,103.7,4873.900000000001,1301.354200091958,0.15195218864402163,Loyal / High Value
3648-GZPHF,0,0.055083007,0.055083007,Low,One year,DSL,32,36.25,1160.0,63.89628767967224,0.007368333546887728,Low Priority
2075-RMJIK,0,0.28223944,0.28223944,Low,Month-to-month,DSL,5,49.4,247.0,69.71314096450806,0.0075495873437460784,Low Priority
9588-YRFHY,0,0.016690986,0.016690986,Low,Two year,No,49,19.9,975.0999999999999,16.27538067381829,0.0018709665853193058,Low Priority
6394-MFYNG,1,0.42840332,0.42840332,Medium,Month-to-month,Fiber optic,48,107.4,5155.200000000001,2208.504784584046,0.2579298108363411,Loyal / High Value
1564-NTYXF,1,0.715145,0.715145,High,Month-to-month,Fiber optic,13,82.0,1066.0,762.3445613384247,0.08778364538296844,Automated Retention
9364-YKUVW,0,0.116186276,0.116186276,Low,Month-to-month,No,15,19.8,297.0,34.50732399523258,0.0037888013415418656,Low Priority
5392-AKEMH,0,0.3396407,0.3396407,Medium,Month-to-month,DSL,12,45.05,540.5999999999999,183.60976608395575,0.02077369195383268,Low Priority
2451-YMUXS,0,0.023338843,0.023338843,Low,Two year,DSL,67,64.55,4324.849999999999,100.93699574116616,0.011780080819836607,Loyal / High Value
3914-FDRHP,0,0.50954473,0.50954473,Medium,Month-to-month,Fiber optic,9,86.25,776.25,395.53409680724144,0.04524037132873874,Low Priority
3078-ZKNTS,0,0.025907714,0.025907714,Low,Two year,No,13,19.75,256.75,6.651805548928678,0.0007226111833311809,Low Priority
1024-KPRBB,0,0.19278076,0.19278076,Low,One year,Fiber optic,38,89.1,3385.7999999999997,652.7171070635318,0.0760845870124728,Loyal / High Value
4690-PKDQG,0,0.5111866,0.5111866,Medium,Month-to-month,Fiber optic,42,95.55,4013.1,2051.442943382263,0.23933709622413163,Loyal / High Value
8155-IBNHG,1,0.36406836,0.36406836,Medium,Month-to-month,Fiber optic,24,75.4,1809.6000000000001,658.8181026935578,0.07642226387164643,Loyal / High Value
0886-QGENL,1,0.49464598,0.49464598,Medium,Month-to-month,Fiber optic,27,101.25,2733.75,1352.2384559735656,0.15741503088586922,Loyal / High Value
9547-ITEFG,0,0.7216878,0.7216878,High,Month-to-month,Fiber optic,9,102.6,923.4,666.406508731842,0.07652367524025766,Automated Retention
1264-FUHCX,0,0.104796454,0.104796454,Low,One year,DSL,49,56.3,2758.7,289.1019785061478,0.033656672585933044,Loyal / High Value
7789-CRUVC,0,0.1458864,0.1458864,Low,Month-to-month,Fiber optic,61,94.2,5746.2,838.2924678951501,0.0979404777120058,Loyal / High Value
6598-KELSS,0,0.06219213,0.06219213,Low,One year,DSL,50,43.05,2152.5,133.86856161989272,0.015554593675006568,Loyal / High Value
8739-WWKDU,1,0.5622574,0.5622574,Medium,Month-to-month,Fiber optic,25,89.5,2237.5,1258.0509528517723,0.1462256791026786,Loyal / High Value
8685-WHQPW,1,0.41653407,0.41653407,Medium,Month-to-month,Fiber optic,22,74.4,1636.8000000000002,681.7829595565796,0.07899851358683595,Loyal / High Value
4745-LSPLO,1,0.3104601,0.3104601,Medium,Month-to-month,No,1,20.5,20.5,6.364431858062744,6.186493741598505e-05,Low Priority
8083-YTZES,1,0.7223407,0.7223407,High,Month-to-month,Fiber optic,4,74.35,297.4,214.82412507534025,0.02358919259409482,Automated Retention
7240-FQLHE,1,0.49733463,0.49733463,Medium,Month-to-month,Fiber optic,18,99.75,1795.5,892.964326903224,0.10357446031888076,Loyal / High Value
6664-FPDAC,1,0.35372582,0.35372582,Medium,One year,Fiber optic,56,111.95,6269.2,2217.577915632725,0.2591578992641204,Loyal / High Value
9972-VAFJJ,0,0.17431551,0.17431551,Low,One year,Fiber optic,53,94.0,4982.0,868.4398816823959,0.10141161267505223,Loyal / High Value
0422-UXFAP,0,0.34436294,0.34436294,Medium,One year,Fiber optic,51,98.85,5041.349999999999,1736.0541295722126,0.20273585266060565,Loyal / High Value
1904-WAJAA,0,0.03536988,0.03536988,Low,Two year,DSL,24,64.35,1544.3999999999999,54.62524344027042,0.006325052710863448,Loyal / High Value
5130-YPIRV,0,0.018998196,0.018998196,Low,Two year,DSL,62,72.0,4464.0,84.80794849991798,0.009899050826210296,Loyal / High Value
2843-CQMEG,0,0.14196035,0.14196035,Low,Month-to-month,DSL,24,49.7,1192.8000000000002,169.33030865192416,0.019535523023950997,Low Priority
6439-PKTRR,0,0.032768644,0.032768644,Low,Two year,DSL,70,80.7,5649.0,185.1100721731782,0.021625799613020365,Loyal / High Value
5351-QESIO,0,0.5230747,0.5230747,Medium,Month-to-month,DSL,1,24.2,24.2,12.658407413959504,0.00033109097281122944,Low Priority
0786-VSSUD,1,0.35717994,0.35717994,Medium,Month-to-month,DSL,16,39.0,624.0,222.88028240203857,0.02533820559063176,Low Priority
5568-DMXZS,0,0.2816947,0.2816947,Low,Month-to-month,DSL,8,65.45,523.6,147.4953502893448,0.01666816974593926,Low Priority
8468-FZTOE,0,0.022176353,0.022176353,Low,Two year,DSL,72,74.35,5353.2,118.7144542761147,0.013866459447066092,Loyal / High Value
6633-SYEUS,0,0.20726548,0.20726548,Low,Month-to-month,Fiber optic,23,83.2,1913.6000000000001,396.62322511672977,0.046034160970003866,Loyal / High Value
6447-GORXK,0,0.14303915,0.14303915,Low,Month-to-month,DSL,31,25.0,775.0,110.85534282028675,0.012678897079214487,Low Priority
6967-PEJLL,0,0.07742767,0.07742767,Low,One year,DSL,37,40.2,1487.4,115.16591689288617,0.013328755238433687,Loyal / High Value
3976-BWUCK,1,0.33084238,0.33084238,Medium,Month-to-month,Fiber optic,30,94.1,2823.0,933.9680267572403,0.10874767794601467,Loyal / High Value
5981-ZVXOT,0,0.29559892,0.29559892,Low,One year,Fiber optic,35,108.35,3792.25,1120.985020145774,0.13074687738788984,Loyal / High Value
1684-FLBGS,0,0.12524831,0.12524831,Low,Month-to-month,DSL,23,69.5,1598.5,200.20942825078964,0.02319190265933598,Loyal / High Value
1389-WNUIB,0,0.10330258,0.10330258,Low,One year,DSL,20,76.0,1520.0,157.01992630958557,0.018177728543151656,Loyal / High Value
0376-OIWME,0,0.36075422,0.36075422,Medium,Month-to-month,Fiber optic,36,93.6,3369.6,1215.5974253654479,0.1416934600053809,Loyal / High Value
3585-ISXZP,1,0.76447904,0.76447904,High,Month-to-month,Fiber optic,8,95.65,765.2,584.9793622493744,0.06688474731300437,Automated Retention
0218-QNVAS,0,0.12215152,0.12215152,Low,One year,Fiber optic,71,100.55,7139.05,872.0457829978317,0.10194923744489949,Loyal / High Value
6583-QGCSI,1,0.50644535,0.50644535,Medium,Month-to-month,Fiber optic,50,88.05,4402.5,2229.625645726919,0.2602335513385665,Loyal / High Value
0804-YGEQV,0,0.032940507,0.032940507,Low,One year,No,43,24.45,1051.35,34.63200196623802,0.003986862391675001,Low Priority
7164-BPTUT,0,0.018957159,0.018957159,Low,Two year,DSL,57,89.55,5104.349999999999,96.7639722478576,0.011300588154902702,Loyal / High Value
4174-LPGTI,1,0.060751077,0.060751077,Low,One year,DSL,41,66.5,2726.5,165.63781086169183,0.019281659159096357,Loyal / High Value
2523-EWWZL,0,0.39684018,0.39684018,Medium,Month-to-month,Fiber optic,27,76.1,2054.7,815.3875279694795,0.09470261305476979,Loyal / High Value
0928-XUTSN,0,0.57372886,0.57372886,Medium,Month-to-month,Fiber optic,13,80.5,1046.5,600.4072513878345,0.06911350675528087,Low Priority
2108-XWMPY,1,0.47028247,0.47028247,Medium,Month-to-month,DSL,3,35.45,106.35000000000001,50.01454017609358,0.004826194419304086,Low Priority
0052-YNYOT,0,0.036275834,0.036275834,Low,One year,No,67,20.55,1376.8500000000001,49.94638182967902,0.005774615077994937,Low Priority
6304-IJFSQ,1,0.44277757,0.44277757,Medium,Month-to-month,DSL,3,49.9,149.7,66.28380283713341,0.006793837261435819,Low Priority
9586-JGQKH,0,0.079010926,0.079010926,Low,Two year,Fiber optic,64,105.4,6745.6,532.9761036872864,0.06229964111437664,Loyal / High Value
4501-VCPFK,0,0.18326698,0.18326698,Low,Month-to-month,DSL,26,35.75,929.5,170.34666017442942,0.019563630076030243,Low Priority
6075-SLNIL,0,0.34411404,0.34411404,Medium,Month-to-month,Fiber optic,38,95.1,3613.7999999999997,1243.5593010127543,0.1450077312860836,Loyal / High Value
9347-AERRL,0,0.027047424,0.027047424,Low,One year,No,23,19.3,443.90000000000003,12.00635135639459,0.001347742379952707,Low Priority
0093-XWZFY,1,0.45820588,0.45820588,Medium,Month-to-month,Fiber optic,40,104.5,4180.0,1915.3005731105804,0.22349567500355988,Loyal / High Value
2274-XUATA,0,0.022541879,0.022541879,Low,Two year,DSL,72,63.1,4543.2,102.4122635141015,0.011954763244759968,Loyal / High Value
1980-KXVPM,1,0.7301432,0.7301432,High,Month-to-month,Fiber optic,3,75.05,225.14999999999998,164.3917391002178,0.017660475330425886,Automated Retention
7703-ZEKEF,1,0.4929598,0.4929598,Medium,Month-to-month,Fiber optic,23,81.0,1863.0,918.3841025233269,0.10656372589231744,Loyal / High Value
0723-DRCLG,1,0.8556413,0.8556413,Critical,Month-to-month,Fiber optic,1,74.45,74.45,63.70249519050122,0.005581446765766208,Automated Retention
5482-NUPNA,1,0.26542702,0.26542702,Low,Month-to-month,DSL,4,60.4,241.6,64.12716879844665,0.006931866649803771,Low Priority
6691-CCIHA,0,0.028403137,0.028403137,Low,Two year,DSL,62,84.95,5266.900000000001,149.59648162908854,0.01747263018751869,Loyal / High Value
1685-BQULA,0,0.34099048,0.34099048,Medium,Month-to-month,Fiber optic,40,93.4,3736.0,1273.9404473304749,0.14857579546086963,Loyal / High Value
9053-EJUNL,0,0.47348806,0.47348806,Medium,Month-to-month,Fiber optic,41,89.2,3657.2000000000003,1731.6405426144602,0.20193395618871915,Loyal / High Value
0666-UXTJO,0,0.3789641,0.3789641,Medium,Month-to-month,Fiber optic,34,85.2,2896.8,1097.7831941843033,0.1278435236747137,Loyal / High Value
1471-GIQKQ,0,0.50596553,0.50596553,Medium,Month-to-month,DSL,1,49.95,49.95,25.272978267073633,0.001847433688891779,Low Priority
4807-IZYOZ,0,0.015771372,0.015771372,Low,Two year,No,51,20.65,1053.1499999999999,16.609620678517967,0.001912171661704712,Low Priority
1122-JWTJW,1,0.7512302,0.7512302,High,Month-to-month,Fiber optic,1,70.65,70.65,53.07441223561764,0.004565745129250689,Automated Retention
9710-NJERN,0,0.015968973,0.015968973,Low,Two year,No,39,20.15,785.8499999999999,12.549217288289217,0.0014357887049100276,Low Priority
9837-FWLCH,0,0.1304566,0.1304566,Low,Month-to-month,No,12,19.2,230.39999999999998,30.05719985961914,0.0032357248503488423,Low Priority
1699-HPSBG,1,0.18385725,0.18385725,Low,One year,DSL,12,59.8,717.5999999999999,131.93596061468122,0.01505994987419044,Low Priority
7203-OYKCT,0,0.26715937,0.26715937,Low,One year,Fiber optic,72,104.95,7556.400000000001,2018.7630828738213,0.23604422433767117,Loyal / High Value
1035-IPQPU,0,0.4173833,0.4173833,Medium,Month-to-month,Fiber optic,63,103.5,6520.5,2721.5478935837746,0.3180913690097535,Loyal / High Value
7398-LXGYX,0,0.23940654,0.23940654,Low,Month-to-month,Fiber optic,44,84.8,3731.2,893.2736857414245,0.10417911229027742,Loyal / High Value
2823-LKABH,0,0.41340584,0.41340584,Medium,Month-to-month,Fiber optic,18,95.05,1710.8999999999999,707.2960441768168,0.08199596943771109,Loyal / High Value
8775-CEBBJ,1,0.26289117,0.26289117,Low,Month-to-month,DSL,9,44.2,397.8,104.57810876369477,0.011678984750618364,Low Priority
0550-DCXLH,0,0.16406134,0.16406134,Low,Month-to-month,DSL,13,73.35,953.55,156.440688572824,0.017975939542372324,Low Priority
9281-CEDRU,0,0.017174253,0.017174253,Low,Two year,DSL,68,64.1,4358.799999999999,74.85913502350448,0.00873690208441816,Loyal / High Value
2235-DWLJU,0,0.60558593,0.60558593,High,Month-to-month,DSL,6,44.4,266.4,161.3280924797058,0.017575848291489025,Automated Retention
0871-OPBXW,0,0.1817626,0.1817626,Low,Month-to-month,No,2,20.05,40.1,7.288680496811867,0.000453809957073782,Low Priority
3605-JISKB,0,0.06172428,0.06172428,Low,One year,DSL,55,60.0,3300.0,203.69012095034122,0.02373988471770853,Loyal / High Value
6894-LFHLY,1,0.8656716,0.8656716,Critical,Month-to-month,Fiber optic,1,75.75,75.75,65.57462181150913,0.0057787880017118225,Automated Retention
9767-FFLEM,0,0.2646719,0.2646719,Low,Month-to-month,Fiber optic,38,69.5,2641.0,698.9984665811062,0.08135111531939997,Loyal / High Value
0639-TSIQW,1,0.24976675,0.24976675,Low,Month-to-month,Fiber optic,67,102.95,6897.650000000001,1722.8036377869548,0.2013911317103135,Loyal / High Value
8456-QDAVC,0,0.39067572,0.39067572,Medium,Month-to-month,Fiber optic,19,78.7,1495.3,584.177409428358,0.06761448633551755,Loyal / High Value
7750-EYXWZ,0,0.2147975,0.2147975,Low,One year,DSL,12,60.65,727.8,156.3296181678772,0.0178511141724633,Low Priority
2569-WGERO,0,0.011681316,0.011681316,Low,Two year,No,72,21.15,1522.8,17.788308645039795,0.002059346855815782,Loyal / High Value
6840-RESVB,0,0.10107051,0.10107051,Low,One year,DSL,24,84.8,2035.1999999999998,205.69869861602783,0.023888617434691905,Loyal / High Value
2234-XADUH,0,0.12281134,0.12281134,Low,One year,Fiber optic,72,103.2,7430.400000000001,912.5373792171479,0.1066940789137508,Loyal / High Value
4801-JZAZL,0,0.28392747,0.28392747,Low,Month-to-month,DSL,11,29.6,325.6,92.44678437709808,0.010210632493989144,Low Priority
8361-LTMKD,1,0.7088728,0.7088728,High,Month-to-month,Fiber optic,4,74.4,297.6,210.9605438232422,0.02316599485128335,Automated Retention
3186-AJIEK,0,0.09706088,0.09706088,Low,Two year,Fiber optic,66,105.65,6972.900000000001,676.7958209954203,0.07911795250635136,Loyal / High Value
